<?xml version="1.0" encoding="UTF-8"?>
<!DOCTYPE mapper PUBLIC "-//mybatis.org//DTD Mapper 3.0//EN"
        "http://mybatis.org/dtd/mybatis-3-mapper.dtd">
<mapper namespace="com.lenovo.m2.hsbuy.dao.receiver.OrderInfoMapper">

    <insert id="insert" parameterType="com.lenovo.m2.hsbuy.domain.receiver.OrderInfoEntity" flushCache="true">
        INSERT INTO orderinfo (orderId,orderInfo,cartInfo,status,platId,sourceId,memberId,memberCode,lenovoId,merchantId,createTime,currencyCode)
        VALUES (#{orderId},#{orderInfo},#{cartInfo},#{status},#{terminal},#{sourceId},#{memberId},#{memberCode},#{lenovoId},#{shopId},#{createTime},#{currencyCode})
    </insert>
    
    <select id="getOrderByOrderNumber" parameterType="java.lang.Long" resultType="com.lenovo.m2.hsbuy.domain.receiver.OrderInfoEntity">
    	select orderId,orderInfo,cartInfo,status,platId as terminal,sourceId,memberId,memberCode,lenovoId,merchantId as shopId,createTime,currencyCode from orderinfo where orderId=#{ordernum}
    </select>
    
    <insert id="insertNOrderInfo" parameterType="com.lenovo.m2.hsbuy.domain.receiver.OrderInfoEntity" flushCache="true">
        INSERT INTO orderinfo (orderId,orderInfo,cartInfo,status,platId,sourceId,memberId,memberCode,lenovoId,merchantId,createTime,currencyCode,terminal,shopId)
        VALUES (#{orderId},#{orderInfo},#{cartInfo},#{status},#{terminal},#{sourceId},#{memberId},#{memberCode},#{lenovoId},#{shopId},#{createTime},#{currencyCode},#{terminal},#{shopId})
    </insert>
    
    <select id="getNOrderByOrderNumber" parameterType="java.lang.Long" resultType="com.lenovo.m2.hsbuy.domain.receiver.OrderInfoEntity">
        select orderId,orderInfo,cartInfo,status,terminal,sourceId,memberId,memberCode,lenovoId,shopId,createTime,currencyCode from orderinfo where orderId=#{ordernum}
    </select>
</mapper>