<?xml version="1.0" encoding="UTF-8"?>
<!DOCTYPE mapper PUBLIC "-//mybatis.org//DTD Mapper 3.0//EN"
        "http://mybatis.org/dtd/mybatis-3-mapper.dtd">
<mapper namespace="com.lenovo.m2.hsbuy.dao.order.DeliveryAddressMapper">
    <insert id="saveDeliveryAddress" parameterType="com.lenovo.m2.hsbuy.domain.order.DeliveryAddress" flushCache="true">
        INSERT
        INTO
        DeliveryAddress
        (
            OrderId,
            Code,
            Name,
            Address,
            Zip,
            Mobile,
            Phone,
            Email,
            Province,
            City,
            County,
            Area,
            ProvinceId,
            CityId,
            CountyId,
            AreaId,
            DescriptionQuestion,
            CustNo,
            MONEY,
            AdvanceFreightMoney,
            Type,
            Company,
            ShopId,
            CurrencyCode,
            InnerAddressId,
            ProviceAbbreviation,
            TaxNo
        )
        VALUES
        (
            #{orderId},
            #{code},
            #{name},
            #{address},
            #{zip},
            #{mobile},
            #{phone},
            #{email},
            #{province},
            #{city},
            #{county},
            #{area},
            #{provinceId},
            #{cityId},
            #{countyId},
            #{areaId},
            #{descriptionQuestion},
            #{custNo},
            #{money},
            #{advanceFreightMoney},
            #{type},
            #{company},
            #{shopId},
            #{currencyCode},
            #{innerAddressId},
            #{proviceAbbreviation},
            #{taxNo}
        )
    </insert>
    <insert id="saveDeliveryAddressList" parameterType="java.util.List">
        INSERT
        INTO
        DeliveryAddress
        (
            OrderId,
            Code,
            Name,
            Address,
            Zip,
            Mobile,
            Phone,
            Email,
            Province,
            City,
            County,
            Area,
            ProvinceId,
            CityId,
            CountyId,
            AreaId,
            DescriptionQuestion,
            CustNo,
            MONEY,
            AdvanceFreightMoney,
            Type,
            Company,
            ShopId,
            CurrencyCode,
            InnerAddressId,
            ProviceAbbreviation,
            TaxNo
        )
        VALUES
        <foreach collection="list" item="item" index="index" separator="," >
        (
            #{item.orderId},
            #{item.code},
            #{item.name},
            #{item.address},
            #{item.zip},
            #{item.mobile},
            #{item.phone},
            #{item.email},
            #{item.province},
            #{item.city},
            #{item.county},
            #{item.area},
            #{item.provinceId},
            #{item.cityId},
            #{item.countyId},
            #{item.areaId},
            #{item.descriptionQuestion},
            #{item.custNo},
            #{item.money},
            #{item.advanceFreightMoney},
            #{item.type},
            #{item.company},
            #{item.shopId},
            #{item.currencyCode},
            #{item.innerAddressId},
            #{item.proviceAbbreviation},
            #{item.taxNo}
        )
        </foreach>
    </insert>
    
    <select id="getDeliveryAddressByOrderId" parameterType="Long" resultType="string">
        select Address from deliveryaddress where OrderId =#{orderId} and Type  = #{type}
    </select>
</mapper>