<?xml version="1.0" encoding="UTF-8"?>
<!DOCTYPE mapper PUBLIC "-//mybatis.org//DTD Mapper 3.0//EN"
        "http://mybatis.org/dtd/mybatis-3-mapper.dtd">
<mapper namespace="com.lenovo.m2.hsbuy.dao.order.MDeliveryAddressMapper">
    <select id="getMDeliveryAddressByOrderId" parameterType="long" resultType="mDeliveryAddress">
        SELECT
            *
        FROM
            M_DeliveryAddress
        WHERE
        OrderId=#{orderId} and Type=0
    </select>

    <select id="getMDeliveryAddressByOrderIdList" parameterType="long" resultType="mDeliveryAddress">
        SELECT
        *
        FROM
        M_DeliveryAddress
        WHERE
        OrderId=#{orderId}
    </select>

    <insert id="saveMDeliveryAddress" parameterType="mDeliveryAddress" flushCache="true">
        INSERT
        INTO
            M_DeliveryAddress
            (
                OrderId,
                Code,
                Name,
                Address,
                Zip,
                Mobile,
                Phone,
                Email,
                Province,
                City,
                County,
                Area,
                ProvinceId,
                CityId,
                CountyId,
                AreaId,
                DescriptionQuestion,
                CustNo,
                MONEY,
                AdvanceFreightMoney,
                Type,
                Company,
                ShopId,
                CurrencyCode,
                InnerAddressId,
                ProviceAbbreviation,
                TaxNo
            )
            VALUES
            (
                #{orderId},
                #{code},
                #{name},
                #{address},
                #{zip},
                #{mobile},
                #{phone},
                #{email},
                #{province},
                #{city},
                #{county},
                #{area},
                #{provinceId},
                #{cityId},
                #{countyId},
                #{areaId},
                #{descriptionQuestion},
                #{custNo},
                #{money},
                #{advanceFreightMoney},
                #{type},
                #{company},
                #{shopId},
                #{currencyCode},
                #{innerAddressId},
                #{proviceAbbreviation},
                #{taxNo}
            )
    </insert>
    <insert id="saveMDeliveryAddressList" parameterType="java.util.List">
        INSERT
        INTO
        M_DeliveryAddress
        (
            OrderId,
            Code,
            Name,
            Address,
            Zip,
            Mobile,
            Phone,
            Email,
            Province,
            City,
            County,
            Area,
            ProvinceId,
            CityId,
            CountyId,
            AreaId,
            DescriptionQuestion,
            CustNo,
            MONEY,
            AdvanceFreightMoney,
            Type,
            Company,
            ShopId,
            CurrencyCode,
            InnerAddressId,
            ProviceAbbreviation,
            TaxNo
        )
        VALUES
        <foreach collection="list" item="item" index="index" separator=",">
            (
            #{item.orderId},
            #{item.code},
            #{item.name},
            #{item.address},
            #{item.zip},
            #{item.mobile},
            #{item.phone},
            #{item.email},
            #{item.province},
            #{item.city},
            #{item.county},
            #{item.area},
            #{item.provinceId},
            #{item.cityId},
            #{item.countyId},
            #{item.areaId},
            #{item.descriptionQuestion},
            #{item.custNo},
            #{item.money},
            #{item.advanceFreightMoney},
            #{item.type},
            #{item.company},
            #{item.shopId},
            #{item.currencyCode},
            #{item.innerAddressId},
            #{item.proviceAbbreviation},
            #{item.taxNo}
            )
        </foreach>
    </insert>

    <update id="updateMDeliveryAddress" parameterType="mDeliveryAddress" >
        UPDATE
        M_DeliveryAddress
        SET
        <if test="code != null" >
            Code =  #{code},
        </if>
        <if test="name != null" >
            Name =  #{name},
        </if>
        <if test="address != null" >
            Address =  #{address},
        </if>
        <if test="zip != null" >
            Zip = #{zip},
        </if>
        <if test="mobile != null" >
            Mobile =   #{mobile},
        </if>
        <if test="phone != null" >
            Phone =  #{phone},
        </if>
        <if test="email != null" >
            Email =  #{email},
        </if>
        <if test="province != null" >
            Province =  #{province},
        </if>
        <if test="city != null" >
            City =   #{city},
        </if>
        <if test="county != null" >
            County =  #{county},
        </if>
        <if test="area != null" >
            Area =  #{area},
        </if>
        <if test="provinceId != null" >
            ProvinceId =  #{provinceId},
        </if>
        <if test="cityId != null" >
            CityId =  #{cityId},
        </if>
        <if test="countyId != null" >
            CountyId =  #{countyId},
        </if>
        <if test="areaId != null" >
            AreaId =  #{areaId},
        </if>
        <if test="descriptionQuestion != null" >
            DescriptionQuestion = #{descriptionQuestion},
        </if>
        <if test="custNo != null" >
            CustNo  =  #{custNo},
        </if>
        <if test="money != null" >
            MONEY =    #{money},
        </if>
        <if test="advanceFreightMoney != null" >
            AdvanceFreightMoney  =  #{advanceFreightMoney},
        </if>
        <if test="innerAddressId != null" >
            InnerAddressId  =  #{innerAddressId},
        </if>
        updateTime = now()
        WHERE
        OrderId=#{orderId}
    </update>
</mapper>