<?xml version="1.0" encoding="UTF-8"?>
<!DOCTYPE mapper PUBLIC "-//mybatis.org//DTD Mapper 3.0//EN"
        "http://mybatis.org/dtd/mybatis-3-mapper.dtd">
<mapper namespace="com.lenovo.m2.hsbuy.dao.order.MOrderCouponCodeMapper">
    <resultMap id="mOrderCouponCodeMap" type="com.lenovo.m2.hsbuy.domain.order.mainorder.MOrderCouponCode">
        <id column="ID" property="id"/>
    </resultMap>
    <select id="getMOrderCouponCodeByOrderId" parameterType="long"  resultMap="mOrderCouponCodeMap">
        SELECT
            *
        FROM
            M_OrderCouponCode
        WHERE
            OrderId=#{orderId}
    </select>
    <insert id="saveMOrderCouponCode" useGeneratedKeys="true" parameterType="com.lenovo.m2.hsbuy.domain.order.mainorder.MOrderCouponCode" flushCache="true">
        INSERT
        INTO
            M_OrderCouponCode
            (
            ID,
            OrderId,
            GCode,
            CouponCode,
            UseMoney,
            ShopId,
            CurrencyCode
            )
            VALUES
            (
            #{id},
            #{orderId},
            #{gcode},
            #{couponCode},
            #{useMoney},
            #{shopId},
            #{currencyCode}
            )
    </insert>
    <insert id="saveMOrderCouponCodeList" useGeneratedKeys="true" parameterType="java.util.List">
        INSERT
        INTO
            M_OrderCouponCode
            (
                ID,
                OrderId,
                GCode,
                CouponCode,
                UseMoney,
                ShopId,
                CurrencyCode
            )
        VALUES
        <foreach collection="list" item="item" index="index" separator="," >
        (
            #{item.id},
            #{item.orderId},
            #{item.gcode},
            #{item.couponCode},
            #{item.useMoney},
            #{item.shopId},
            #{item.currencyCode}
        )
        </foreach>
    </insert>
</mapper>