<?xml version="1.0" encoding="UTF-8"?>
<!DOCTYPE mapper PUBLIC "-//mybatis.org//DTD Mapper 3.0//EN"
        "http://mybatis.org/dtd/mybatis-3-mapper.dtd">
<mapper namespace="com.lenovo.m2.hsbuy.dao.order.MOrderPayMapper">
    <resultMap id="mOrderPayMap" type="mOrderPay">
        <id column="ID" property="id"/>
    </resultMap>
    <select id="getMOrderPayByOrderId" parameterType="long" resultMap="mOrderPayMap">
        SELECT
            *
        FROM
            M_OrderPay
        WHERE
            OrderId=#{orderId}
    </select>
    <insert id="saveMOrderPay" parameterType="mOrderPay" flushCache="true">
        INSERT
        INTO
        M_OrderPay
        (
            OrderId,
            GatheringBank,
            GatheringCode,
            GatheringNum,
            GatheringName,
            PaymentType,
            Payment,
            PaymentUser,
            GatheringDesc,
            PayOrRepay,
            PayStatus,
            CreateTime,
            CreateBy,
            UpdateTime,
            UpdateBy,
            PayNo,
            BuyerAccount,
            DiscountType,
            DiscountAmount,
            ShopId,
            CurrencyCode,
            PayPoint,
            PayCash
        )
        VALUES
        (
            #{orderId},
            #{gatheringBank},
            #{gatheringCode},
            #{gatheringNum},
            #{gatheringName},
            #{paymentType},
            #{payment},
            #{paymentUser},
            #{gatheringDesc},
            #{payOrRepay},
            #{payStatus},
            #{createTime},
            #{createBy},
            #{updateTime},
            #{updateBy},
            #{payNo},
            #{buyerAccount},
            #{discountType},
            #{discountAmount},
            #{shopId},
            #{currencyCode},
            #{payPoint},
            #{payCash}
        )
    </insert>
    <insert id="saveMOrderPayList" parameterType="java.util.List">
        INSERT
        INTO
            M_OrderPay
            (
                OrderId,
                GatheringBank,
                GatheringCode,
                GatheringNum,
                GatheringName,
                PaymentType,
                Payment,
                PaymentUser,
                GatheringDesc,
                PayOrRepay,
                PayStatus,
                CreateTime,
                CreateBy,
                UpdateTime,
                UpdateBy,
                PayNo,
                BuyerAccount,
                DiscountType,
                DiscountAmount,
                ShopId,
                CurrencyCode,
                PayPoint,
                PayCash
            )
        VALUES
        <foreach collection="list" item="item" index="index" separator="," >
        (
            #{item.orderId},
            #{item.gatheringBank},
            #{item.gatheringCode},
            #{item.gatheringNum},
            #{item.gatheringName},
            #{item.paymentType},
            #{item.payment},
            #{item.paymentUser},
            #{item.gatheringDesc},
            #{item.payOrRepay},
            #{item.payStatus},
            #{item.createTime},
            #{item.createBy},
            #{item.updateTime},
            #{item.updateBy},
            #{item.payNo},
            #{item.buyerAccount},
            #{item.discountType},
            #{item.discountAmount},
            #{item.shopId},
            #{item.currencyCode},
            #{item.payPoint},
            #{item.payCash}
        )
        </foreach>
    </insert>
</mapper>