<?xml version="1.0" encoding="UTF-8"?>
<!DOCTYPE mapper PUBLIC "-//mybatis.org//DTD Mapper 3.0//EN"
        "http://mybatis.org/dtd/mybatis-3-mapper.dtd">
<mapper namespace="com.lenovo.m2.hsbuy.dao.order.MOrderCouponsMapper">
    <resultMap id="mOrderCouponsMap" type="com.lenovo.m2.hsbuy.domain.order.mainorder.MOrderCoupons">
        <id column="ID" property="id"/>
    </resultMap>
    <select id="getMOrderCouponsByOrderId" parameterType="long" resultMap="mOrderCouponsMap">
        SELECT
            *
        FROM
            M_OrderCoupons
        WHERE
            OrderId=#{orderId}
    </select>
    <insert id="saveMOrderCoupons" useGeneratedKeys="true" parameterType="com.lenovo.m2.hsbuy.domain.order.mainorder.MOrderCoupons" flushCache="true">
        INSERT
        INTO
        M_OrderCoupons
        (
            ID,
            OrderId,
            CouponCode,
            CouponType,
            CouponAmount,
            CostAmount,
            Category,
            GCode,
            ShopId,
            CurrencyCode
        )
        VALUES
        (
            #{id},
            #{orderId},
            #{couponCode},
            #{couponType},
            #{couponAmount},
            #{costAmount},
            #{category},
            #{gCode},
            #{shopId},
            #{currencyCode}
        )
    </insert>
    <insert id="saveMOrderCouponsList" useGeneratedKeys="true" parameterType="java.util.List">
        INSERT
        INTO
        M_OrderCoupons
        (
            ID,
            OrderId,
            CouponCode,
            CouponType,
            CouponAmount,
            CostAmount,
            Category,
            GCode,
            ShopId,
            CurrencyCode
        )
        VALUES
        <foreach collection="list" item="item" index="index" separator="," >
        (
            #{item.id},
            #{item.orderId},
            #{item.couponCode},
            #{item.couponType},
            #{item.couponAmount},
            #{item.costAmount},
            #{item.category},
            #{item.gCode},
            #{item.shopId},
            #{item.currencyCode}
        )
        </foreach>
    </insert>
</mapper>