<?xml version="1.0" encoding="UTF-8"?>
<!DOCTYPE mapper PUBLIC "-//mybatis.org//DTD Mapper 3.0//EN"
        "http://mybatis.org/dtd/mybatis-3-mapper.dtd">
<mapper namespace="com.lenovo.m2.hsbuy.dao.order.MOrderMainMapper">
    <select id="getOrderMainByOrderCode" parameterType="long" resultType="mOrderMain">
        SELECT
            *
        FROM
            M_OrderMain
        WHERE
            OrderCode=#{orderCode} and PushStatus=0
    </select>
    <update id="updateStatusByOrderCode" >
        UPDATE
           M_OrderMain
        SET
           PushStatus=#{status}
        WHERE
           OrderCode=#{orderCode}
    </update>

    <update id="updateAbnormalOrderStatus" parameterType="hashmap">
        UPDATE
        m_ordermain
        SET
        OrderStatus=#{orderStatus},
        Notes=#{notes},
        UpdateTime=now(),
        UpdateBy=#{updateBy}

        WHERE
        OrderCode=#{orderCode}
        AND
        PayStatus=0
    </update>

    <update id="updateMOrderMainAuditStatus" parameterType="com.lenovo.m2.hsbuy.domain.order.mainorder.MOrderMain">
        UPDATE
        m_ordermain
        SET
        TotalCost=#{totalCost},
        TotalPay=#{totalPay},
        CustomerNotes=#{customerNotes},
        CreditLine=#{creditLine},
        AuditStatus=#{auditStatus},
        AccountType=#{accountType},
        CreditLineWay=#{creditLineWay},
        TotalTax = #{totalTax},
        UpdateTime=now(),
        UpdateBy=#{updateBy}
        WHERE
        OrderCode=#{orderCode}
        AND PayStatus=0
        and auditStatus =2
        and OrderStatus=0
    </update>
    <update id="updateOrderPayStatusByOrderCode" parameterType="hashmap">
        UPDATE
        m_ordermain
        SET
        PayOrderNo=#{payOrderNo},
        PayStatus=#{payStatus},
        PayTime=#{payTime},
        UpdateTime=#{updateTime},
        RewardCredit=#{rewardCredit},
        PayPoint=#{payPoint},
        PayCash=#{payCash}
        WHERE
        OrderCode=#{orderCode}
        AND PayStatus=0
    </update>

    <insert id="saveMOrderMain" parameterType="mOrderMain" flushCache="true">
        INSERT
        INTO
            M_OrderMain
            (
                OrderID,
                PayOrderNo,
                OrderCode,
                CustomerOrderCode,
                CustomerOrderCodeSon,
                MemberID,
                MemberCode,
                LenovoId,
                OrderRefer,
                TotalCost,
                TotalPay,
                GiveawayCost,
                GiveawayTotal,
                Discount,
                FirstOrderDiscount,
                CouponsDiscount,
                CouponCodeDiscount,
                CashCouponDiscount,
                LipinkaDiscount,
                CreditTotal,
                OrderType,
                OrderStatus,
                PaymentTypeId,
                PaymentWay,
                PayStatus,
                PayTime,
                ShopId,
                Terminal,
                SourceId,
                Notes,
                CustomerNotes,
                ShipmentTypeID,
                CustomerManagerCode,
                ClientIP,
                ClientSystemName,
                ClientBrowserName,
                UserLevel,
                IsRegister,
                RePrice,
                ExpectDate,
                PaymentDay,
                BizType,
                IsTax,
                ChannelNumber,
                SalesType,
                CreateTime,
                CreateBy,
                SubmitTime,
                UpdateBy,
                UpdateTime,
                VersionNo,
                RecommendMan,
                RewardCredit,
                UsedLeDouNum,
                InnerBuyMoney,
                EnrolledGroup,
                ContractNo,
                RaiseId,
                RaiseModeId,
                OrderExtend,
                BlackBeanTotal,
                FullReduce,
                OrderComeFrom,
                IsSendHt,
                PactCode,
                PactTakeEffectTime,
                PactSendID,
                PactUrl,
                CompanyName,
                SubmitOrderWay,
                Score,
                DealNo,
                Presellway,
                Deposit,
                RestPayment,
                DepositEndTime,
                TailPaymentDay,
                TailDeliveryDay,
                PreSaleMobile,
                CurrencyCode,
                CreditLine,
                AuditStatus,
                BuyerCode,
                AccountType,
                FaInfo,
                SkuType,
                CreditLineWay,
                TotalTax,
                DeliverGoodsType,
                PayPoint,
                PayCash,
                Env
            )
        VALUES
        (
        #{orderId},
        #{payOrderNo},
        #{orderCode},
        #{customerOrderCode},
        #{customerOrderCodeSon},
        #{memberID},
        #{memberCode},
        #{lenovoId},
        #{orderRefer},
        #{totalCost},
        #{totalPay},
        #{giveawayCost},
        #{giveawayTotal},
        #{discount},
        #{firstOrderDiscount},
        #{couponsDiscount},
        #{couponCodeDiscount},
        #{cashCouponDiscount},
        #{lipinkaDiscount},
        #{creditTotal},
        #{orderType},
        #{orderStatus},
        #{paymentTypeId},
        #{paymentWay},
        #{payStatus},
        #{payTime},
        #{shopId},
        #{terminal},
        #{sourceId},
        #{notes},
        #{customerNotes},
        #{shipmentTypeID},
        #{customerManagerCode},
        #{clientIP},
        #{clientSystemName},
        #{clientBrowserName},
        #{userLevel},
        #{isRegister},
        #{rePrice},
        #{expectDate},
        #{paymentDay},
        #{bizType},
        #{isTax},
        #{channelNumber},
        #{salesType},
        #{createTime},
        #{createBy},
        #{submitTime},
        #{updateBy},
        #{updateTime},
        #{versionNo},
        #{recommendMan},
        #{rewardCredit},
        #{usedLeDouNum},
        #{innerBuyMoney},
        #{enrolledGroup},
        #{contractNo},
        #{raiseId},
        #{raiseModeId},
        #{orderExtend},
        #{blackBeanTotal},
        #{fullReduce},
        #{orderComeFrom},
        #{isSendHt},
        #{pactCode},
        #{pactTakeEffectTime},
        #{pactSendID},
        #{pactUrl},
        #{companyName},
        #{submitOrderWay},
        #{score},
        #{dealNo},
        #{presellway},
        #{deposit},
        #{restPayment},
        #{depositEndTime},
        #{tailPaymentDay},
        #{tailDeliveryDay},
        #{preSaleMobile},
        #{currencyCode},
        #{creditLine},
        #{auditStatus},
        #{buyerCode},
        #{accountType},
        #{faInfo},
        #{skuType},
        #{creditLineWay},
        #{totalTax},
        #{deliverGoodsType},
        #{payPoint},
        #{payCash},
        #{env}
        )
    </insert>
    <insert id="saveMOrderMainList" parameterType="java.util.List" flushCache="true">
        INSERT
        INTO
            M_OrderMain
            (
                OrderID,
                PayOrderNo,
                OrderCode,
                CustomerOrderCode,
                CustomerOrderCodeSon,
                MemberID,
                MemberCode,
                LenovoId,
                OrderRefer,
                TotalCost,
                TotalPay,
                GiveawayCost,
                GiveawayTotal,
                Discount,
                FirstOrderDiscount,
                CouponsDiscount,
                CouponCodeDiscount,
                CashCouponDiscount,
                LipinkaDiscount,
                CreditTotal,
                OrderType,
                OrderStatus,
                PaymentTypeId,
                PaymentWay,
                PayStatus,
                PayTime,
                ShopId,
                Terminal,
                SourceId,
                Notes,
                CustomerNotes,
                ShipmentTypeID,
                CustomerManagerCode,
                ClientIP,
                ClientSystemName,
                ClientBrowserName,
                UserLevel,
                IsRegister,
                RePrice,
                ExpectDate,
                PaymentDay,
                BizType,
                IsTax,
                ChannelNumber,
                SalesType,
                CreateTime,
                CreateBy,
                SubmitTime,
                UpdateBy,
                UpdateTime,
                VersionNo,
                RecommendMan,
                RewardCredit,
                UsedLeDouNum,
                InnerBuyMoney,
                EnrolledGroup,
                ContractNo,
                RaiseId,
                RaiseModeId,
                OrderExtend,
                BlackBeanTotal,
                FullReduce,
                OrderComeFrom,
                IsSendHt,
                PactCode,
                PactTakeEffectTime,
                PactSendID,
                PactUrl,
                CompanyName,
                SubmitOrderWay,
                Score,
                DealNo,
                Presellway,
                Deposit,
                RestPayment,
                DepositEndTime,
                TailPaymentDay,
                TailDeliveryDay,
                PreSaleMobile,
                CurrencyCode,
                CreditLine,
                AuditStatus,
                BuyerCode,
                AccountType,
                FaInfo,
                SkuType,
                CreditLineWay,
                TotalTax,
                DeliverGoodsType,
                PayPoint,
                PayCash,
                Env
        )
        VALUES
        <foreach collection="list" item="item" index="index" separator="," >
        (
            #{item.orderId},
            #{item.payOrderNo},
            #{item.orderCode},
            #{item.customerOrderCode},
            #{item.customerOrderCodeSon},
            #{item.memberID},
            #{item.memberCode},
            #{item.lenovoId},
            #{item.orderRefer},
            #{item.totalCost},
            #{item.totalPay},
            #{item.giveawayCost},
            #{item.giveawayTotal},
            #{item.discount},
            #{item.firstOrderDiscount},
            #{item.couponsDiscount},
            #{item.couponCodeDiscount},
            #{item.cashCouponDiscount},
            #{item.lipinkaDiscount},
            #{item.creditTotal},
            #{item.orderType},
            #{item.orderStatus},
            #{item.paymentTypeId},
            #{item.paymentWay},
            #{item.payStatus},
            #{item.payTime},
            #{item.shopId},
            #{item.terminal},
            #{item.sourceId},
            #{item.notes},
            #{item.customerNotes},
            #{item.shipmentTypeID},
            #{item.customerManagerCode},
            #{item.clientIP},
            #{item.clientSystemName},
            #{item.clientBrowserName},
            #{item.userLevel},
            #{item.isRegister},
            #{item.rePrice},
            #{item.expectDate},
            #{item.paymentDay},
            #{item.bizType},
            #{item.isTax},
            #{item.channelNumber},
            #{item.salesType},
            #{item.createTime},
            #{item.createBy},
            #{item.submitTime},
            #{item.updateBy},
            #{item.updateTime},
            #{item.versionNo},
            #{item.recommendMan},
            #{item.rewardCredit},
            #{item.usedLeDouNum},
            #{item.innerBuyMoney},
            #{item.enrolledGroup},
            #{item.contractNo},
            #{item.raiseId},
            #{item.raiseModeId},
            #{item.orderExtend},
            #{item.blackBeanTotal},
            #{item.fullReduce},
            #{item.orderComeFrom},
            #{item.isSendHt},
            #{item.pactCode},
            #{item.pactTakeEffectTime},
            #{item.pactSendID},
            #{item.pactUrl},
            #{item.companyName},
            #{item.submitOrderWay},
            #{item.score},
            #{item.dealNo},
            #{item.presellway},
            #{item.deposit},
            #{item.restPayment},
            #{item.depositEndTime},
            #{item.tailPaymentDay},
            #{item.tailDeliveryDay},
            #{item.preSaleMobile},
            #{item.currencyCode},
            #{item.creditLine},
            #{item.auditStatus},
            #{item.buyerCode},
            #{item.accountType},
            #{item.faInfo},
            #{item.skuType},
            #{item.creditLineWay},
            #{item.totalTax},
            #{item.deliverGoodsType},
            #{item.payPoint},
            #{item.payCash},
            #{item.env}
        )
        </foreach>
    </insert>

    <select id="getOrderMainByOrderCodeByTest" parameterType="long" resultType="mOrderMain">
        SELECT
        *
        FROM
        M_OrderMain
        WHERE
        OrderCode=#{orderCode}
    </select>
</mapper>