<?xml version="1.0" encoding="UTF-8" ?>
<!DOCTYPE mapper PUBLIC "-//mybatis.org//DTD Mapper 3.0//EN" "http://mybatis.org/dtd/mybatis-3-mapper.dtd" >
<mapper namespace="com.lenovo.m2.hsbuy.dao.order.OrderdeliveryinfoeMapper">
    <resultMap id="BaseResultMap" type="com.lenovo.m2.hsbuy.domain.order.logistics.Orderdeliveryinfoe">
        <id column="ID" property="id"/>
        <result column="LogisticsCode" property="logisticscode" jdbcType="VARCHAR"/>
        <result column="LogiNo" property="logino" jdbcType="VARCHAR"/>
        <result column="LogiDate" property="logidate" jdbcType="TIMESTAMP"/>
        <result column="LogiConten" property="logiconten" jdbcType="VARCHAR"/>
        <result column="CreateTime" property="createtime" jdbcType="TIMESTAMP"/>
        <result column="CreateBy" property="createby" jdbcType="VARCHAR"/>
        <result column="UpdateTime" property="updatetime" jdbcType="TIMESTAMP"/>
        <result column="UpdateBy" property="updateby" jdbcType="VARCHAR"/>
    </resultMap>


    <delete id="deleteByLogiNo" parameterType="java.lang.String">
        delete from orderdeliveryinfoes
        where LogiNo = #{logiNo}
    </delete>


    <insert id="insertOrderdeliveryinfoes" parameterType="java.util.List">
        insert into orderdeliveryinfoes (LogisticsCode, LogiNo,LogiDate, LogiConten, CreateTime,IsCheck, Status,is_read)
        values
        <foreach collection="list" item="item" index="index" separator=",">
            (#{item.logisticscode,jdbcType=VARCHAR}, #{item.logino,jdbcType=VARCHAR},
            #{item.logidate,jdbcType=TIMESTAMP}, #{item.logiconten,jdbcType=VARCHAR}, now(),
            #{item.ischeck}, #{item.status,jdbcType=VARCHAR},#{item.is_read})
        </foreach>
        <selectKey resultType="java.lang.Integer" order="AFTER" keyProperty="id">
            select LAST_INSERT_ID();
        </selectKey>
    </insert>

    <select id="selectFaPreHandleLogisticsNo" resultType="String">
        SELECT DISTINCT(LogiNo)
        FROM orderdeliveryinfoes  where is_read=0  order  by CreateTime desc
    </select>

    <select id="getOrderdeliveryinfoeList" resultMap="BaseResultMap" parameterType="string">
      SELECT *   FROM orderdeliveryinfoes where LogiNo = #{logiNo} order by  logiDate
    </select>

    <update id="updateorderdeliveryinfoeRead" parameterType="string">
        UPDATE orderdeliveryinfoes set is_read = 1 where LogiNo = #{logiNo}
    </update>

    <update id="updateorderdeliveryinfoeUnRead" parameterType="string">
        UPDATE orderdeliveryinfoes set is_read = 0 where LogiNo = #{logiNo}
    </update>
</mapper>