<?xml version="1.0" encoding="UTF-8"?>
<!DOCTYPE mapper PUBLIC "-//mybatis.org//DTD Mapper 3.0//EN"
        "http://mybatis.org/dtd/mybatis-3-mapper.dtd">
<mapper namespace="com.lenovo.m2.hsbuy.dao.order.OrderPayMapper">
    <resultMap id="orderPayMap" type="orderPay">
        <id column="ID" property="id"/>
    </resultMap>
    <insert id="saveOrderPay" parameterType="orderPay" flushCache="true">
        INSERT
        INTO
        OrderPay
        (
            OrderId,
            GatheringBank,
            GatheringCode,
            GatheringNum,
            GatheringName,
            PaymentType,
            Payment,
            PaymentUser,
            GatheringDesc,
            PayOrRepay,
            PayStatus,
            CreateTime,
            CreateBy,
            UpdateTime,
            UpdateBy,
            PayNo,
            BuyerAccount,
            DiscountType,
            DiscountAmount,
            ShopId,
            CurrencyCode,
            PayPoint,
            PayCash
        )
        VALUES
        (
            #{orderId},
            #{gatheringBank},
            #{gatheringCode},
            #{gatheringNum},
            #{gatheringName},
            #{paymentType},
            #{payment},
            #{paymentUser},
            #{gatheringDesc},
            #{payOrRepay},
            #{payStatus},
            #{createTime},
            #{createBy},
            #{updateTime},
            #{updateBy},
            #{payNo},
            #{buyerAccount},
            #{discountType},
            #{discountAmount},
            #{shopId},
            #{currencyCode},
            #{payPoint},
            #{payCash}
        )
    </insert>
    <insert id="saveOrderPayList" parameterType="java.util.List">
        INSERT
        INTO
            OrderPay
            (
                OrderId,
                GatheringBank,
                GatheringCode,
                GatheringNum,
                GatheringName,
                PaymentType,
                Payment,
                PaymentUser,
                GatheringDesc,
                PayOrRepay,
                PayStatus,
                CreateTime,
                CreateBy,
                UpdateTime,
                UpdateBy,
                PayNo,
                BuyerAccount,
                DiscountType,
                DiscountAmount,
                ShopId,
                CurrencyCode,
                PayPoint,
                PayCash
            )
        VALUES
        <foreach collection="list" item="item" index="index" separator="," >
        (
            #{item.orderId},
            #{item.gatheringBank},
            #{item.gatheringCode},
            #{item.gatheringNum},
            #{item.gatheringName},
            #{item.paymentType},
            #{item.payment},
            #{item.paymentUser},
            #{item.gatheringDesc},
            #{item.payOrRepay},
            #{item.payStatus},
            #{item.createTime},
            #{item.createBy},
            #{item.updateTime},
            #{item.updateBy},
            #{item.payNo},
            #{item.buyerAccount},
            #{item.discountType},
            #{item.discountAmount},
            #{item.shopId},
            #{item.currencyCode},
            #{item.payPoint},
            #{item.payCash}
        )
        </foreach>
    </insert>
    <select id="getOrderPayByPayNo" parameterType="string" resultMap="orderPayMap">
        SELECT
            *
        FROM
            OrderPay
        WHERE
            PayNo = #{payNo}
    </select>

    <select id="getOrderPayByOrderId" parameterType="long" resultMap="orderPayMap">
        SELECT
        *
        FROM
        OrderPay
        WHERE
        OrderId = #{orderId}
    </select>
    
    <insert id="saveOrderPaySmb"  parameterType="orderPay" flushCache="true">
        INSERT
        INTO
        OrderPay
        (
        OrderID,
        GatheringBank,
        GatheringCode,
        GatheringNum,
        GatheringName,
        Payment,
        PaymentUser,
        GatheringDesc,
        PayStatus,
        PayOrRepay,
        CreateTime,
        CreateBy,
        UpdateTime,
        UpdateBy,
        PayNo,
        ThrowStatus,
        ThrowTimes,
        ShopId,
        CurrencyCode,
        PayPoint,
        PayCash
        )
        values(
        #{orderId},
        #{gatheringBank},
        #{gatheringCode},
        #{gatheringNum},
        #{gatheringName},
        #{payment},
        #{paymentUser},
        #{gatheringDesc},
        #{payStatus},
        #{payOrRepay},
        #{createTime},
        #{createBy},
        #{updateTime},
        #{updateBy},
        #{payNo},
        0,
        0,
        #{shopId},
        #{currencyCode},
        #{payPoint},
        #{payCash}
        )
    </insert>
</mapper>