<?xml version="1.0" encoding="UTF-8" ?>
<!DOCTYPE mapper PUBLIC "-//mybatis.org//DTD Mapper 3.0//EN" "http://mybatis.org/dtd/mybatis-3-mapper.dtd" >
<mapper namespace="com.lenovo.m2.hsbuy.dao.order.OrderLogisticsMapper" >
    
    <resultMap id="BaseResultMap" type="com.lenovo.m2.hsbuy.domain.order.logistics.OrderLogistics" >
        <id column="id" property="id" jdbcType="BIGINT" />
        <result column="orderid" property="orderCode" jdbcType="VARCHAR" />
        <result column="logisticsNo" property="logiNo" jdbcType="VARCHAR"/>
        <result column="logisticsCompanyName" property="logiName" jdbcType="VARCHAR"/>
        <result column="logisticsCompanyPhone" property="logiPhone" jdbcType="VARCHAR"/>
        <result column="shipdate" property="shipDate" jdbcType="VARCHAR"/>
        <result column="shipstatus" property="shipStatus" jdbcType="INTEGER" />
        <result column="CreateTime" property="createTime" jdbcType="TIMESTAMP" />
        <result column="lenovoId" property="lenovoId"/>
        <result column="shopId" property="shopId"/>
    </resultMap>
    
    
    <insert id="insertOrderLogistics" parameterType="java.util.List">
        INSERT INTO order_logistics (orderid, logisticsCompanyName,logisticsCompanyCode, logisticsNo, logisticsCompanyPhone, shipdate, shipstatus,CreateTime, ShopId)
        VALUES
        <foreach collection="list" item="item" index="index" separator=",">
            (#{item.orderCode}, #{item.logiName}, #{item.logiCode}, #{item.logiNo}, #{item.logiPhone}, #{item.shipDate}, #{item.shipStatus}, now(), #{item.shopId})
        </foreach>
        
        <selectKey resultType="java.lang.Long" order="AFTER" keyProperty="id">
            select LAST_INSERT_ID();
        </selectKey>
    </insert>
    
    
   <!-- <select id="getUnreceiptedOrder" resultMap="BaseResultMap">
        SELECT l.*, m.lenovoId, m.shopId
        FROM order_logistics l, main m
        WHERE l.orderid=m.id and m.status=1 AND DATEDIFF(NOW(),l.CreateTime)>=30  and m.CreateTime > '2016-06-01 00:00:00' and m.PaymentType = 0
        order by l.CreateTime
        desc limit 200
    </select>-->
    <select id="getUnreceiptedOrder" resultMap="BaseResultMap">
        SELECT
        l.`id`, l.`orderId`, l.`shipstatus`, l.`shipdate`, l.`logisticsCompanyName`, l.`logisticsCompanyCode`,l.`logisticsCompanyPhone`, l.`logisticsNo`, l.`CreateTime`, m.lenovoId, m.shopId
        FROM order_logistics l INNER JOIN main m ON l.orderid=m.id
        WHERE  m.status=1 AND m.PaymentType = 0 AND DATEDIFF(NOW(),l.CreateTime)>=30  AND m.CreateTime > '2016-06-01 00:00:00'
        order by l.CreateTime  desc limit 200
    </select>
    
    
    <select id="getOrderLogisticsByOrderIdAndLogisticsNo" resultMap="BaseResultMap">
        SELECT  * from  order_logistics  where orderId = #{orderId} and logisticsNo = #{logisticsNo}
        limit 1
    </select>
    
    <!--<select id="getOrderLogisticsByLogisticsNo" resultMap="BaseResultMap">-->
        <!--SELECT  * from  order_logistics  where logisticsNo = #{logisticsNo}-->
        <!--limit 1-->
    <!--</select>-->
    <select id="getOrderLogisticsByLogisticsNo" resultMap="BaseResultMap">
        SELECT  * from  order_logistics  where logisticsNo = #{logisticsNo}
    </select>
    
    <select id="getOrderLogisticsByOrderId" resultMap="BaseResultMap">
        SELECT  * from  order_logistics  where orderId = #{orderId}
    </select>
    
    <select id="getOrderLogisticsByOrderCenter"  resultType="com.lenovo.m2.hsbuy.domain.ordercenter.OrderLogistics">
        select * from order_Logistics where  OrderId=#{orderId}
    </select>
    
    <insert id="insertOrderLogisticsInfo" parameterType="java.util.List">
        INSERT INTO order_logistics_direct_infos (logistics_no,logistics_name, logistics_date, logistics_content,
        logistics_status,ordercode, create_time)
        VALUES
        <foreach collection="list" item="item" index="index" separator=",">
            (#{item.logisticsNo},#{item.logisticsName}, #{item.logisticsDate}, #{item.logisticsContent},
            #{item.logisticsStatus},#{item.orderCode}, now())
        </foreach>
        
        <selectKey resultType="java.lang.Integer" order="AFTER" keyProperty="id">
            select LAST_INSERT_ID();
        </selectKey>
    </insert>
    
    
    <select id="countOrderLogistics" resultType="java.lang.Integer" parameterType="com.lenovo.m2.hsbuy.domain.order.logistics.OrderLogisticsInfo">
        SELECT COUNT(*)
        FROM order_logistics_direct_infos
        WHERE logistics_no =#{logisticsNo}
        AND ordercode =#{orderCode}
        AND logistics_status=#{logisticsStatus}
    </select>
    
    <select id="getOrderLogistics" resultType="com.lenovo.m2.hsbuy.domain.ordercenter.OrderLogistics">
        select * from order_Logistics where  OrderId=#{orderId}
    </select>
    
    <select id="getLogisticsName" resultType="string">
        select `name`
        from logisticsplatform
        where Code = #{code}
    </select>
    
    <select id="getLogiInfo" resultType="com.lenovo.m2.hsbuy.domain.ordercenter.LogisticsPlatform">
        SELECT
        ID,
        NAME,
        CODE,
        LogisticsWebsite,
        BaseWebsite,
        Website,
        CreateTime,
        UpdateTime,
        CreateBy,
        UpdateBy
        FROM logisticsplatform
    </select>
</mapper>