<?xml version="1.0" encoding="UTF-8"?>
<!DOCTYPE mapper PUBLIC "-//mybatis.org//DTD Mapper 3.0//EN"
        "http://mybatis.org/dtd/mybatis-3-mapper.dtd">
<mapper namespace="com.lenovo.m2.hsbuy.dao.order.OrderInfoMapper">
    <resultMap id="orderInfoMap" type="orderInfo">
        <id column="orderId" property="orderId"/>
    </resultMap>
    <select id="getOrderInfoByStatus" parameterType="hashmap" resultMap="orderInfoMap">
        SELECT
            *
        FROM
            orderinfo
        WHERE
            status = #{status}
        AND
            readTimes &lt; #{maxReadTimes}
        LIMIT #{numOfOneTime}
    </select>
    <update id="updateOrderInfoStatus" parameterType="hashmap">
        UPDATE
            orderinfo
        SET
            status = #{status},
            readTime = #{readTime},
            readTimes = #{readTimes}
        WHERE
            orderId = #{orderId}
    </update>

    <select id="getOrderInfoByOrderId" parameterType="long" resultType="com.lenovo.m2.hsbuy.domain.order.orderInfo.OrderInfo">
        SELECT
            *
        FROM
            orderinfo
        WHERE
            orderId = #{orderId}
        AND status = 0
    </select>
</mapper>