<?xml version="1.0" encoding="UTF-8"?>
<!DOCTYPE mapper PUBLIC "-//mybatis.org//DTD Mapper 3.0//EN"
        "http://mybatis.org/dtd/mybatis-3-mapper.dtd">
<mapper namespace="com.lenovo.m2.hsbuy.dao.order.OrderMainMapper">
    <resultMap id="orderMainMap" type="orderMain">
        <id column="ID" property="id"/>
    </resultMap>
    <select id="getOrderMainById" parameterType="long" resultMap="orderMainMap">
        SELECT
            *
        FROM
            OrderMain
        WHERE
            ID=#{id}
    </select>
    <select id="getOrderMain" parameterType="long" resultType="com.lenovo.m2.hsbuy.domain.order.OrderMain">
        SELECT
            *
        FROM
            OrderMain
        WHERE
            ID=#{orderId} and OrderCode=#{orderCode}
    </select>
    <select id="getOrderMainByOrderCode" parameterType="long" resultType="com.lenovo.m2.hsbuy.domain.order.OrderMain">
        SELECT
            *
        FROM
            OrderMain
        WHERE
            OrderCode=#{orderCode}
    </select>
    <insert id="saveOrderMain" parameterType="com.lenovo.m2.hsbuy.domain.order.OrderMain" flushCache="true">
        INSERT
        INTO
            OrderMain
            (
                ID,
                PayOrderNo,
                OrderCode,
                CustomerOrderCode,
                CustomerOrderCodeSon,
                CustomerStatementStatus,
                CommissionMoney,
                MemberID,
                MemberCode,
                LenovoId,
                VKorg,
                SalesChannel,
                Augru,
                OrderRefer,
                TotalCost,
                TotalPay,
                GiveawayCost,
                GiveawayTotal,
                Discount,
                CouponsDiscount,
                LipinkaDiscount,
                CreditTotal,
                OrderType,
                OrderStatus,
                PaymentTypeId,
                PaymentWay,
                PayStatus,
                PayTime,
                ShopId,
                PlatId,
                SourceId,
                Notes,
                CashCouponsNotes,
                IsAbnormal,
                ShipmentTypeID,
                CodDate,
                CODTime,
                IsCODInform,
                CustomerManagerCode,
                ClientIP,
                ClientSystemName,
                ClientBrowserName,
                IsRegister,
                UserLevel,
                RePrice,
                BU,
                FAID,
                FAName,
                hasComment,
                ExpectDate,
                PaymentDay,
                BizType,
                IsTax,
                ChannelNumber,
                SalesType,
                CreateTime,
                CreateBy,
                SubmitTime,
                UpdateBy,
                UpdateTime,
                VersionNo,
                IsTranferSuccess,
                TransferTime,
                TransferRepeatTimes,
                UsedLeDouNum,
                InnerBuyMoney,
                Enterprise,
                EnrolledGroup,
                ContractNo,
                RaiseId,
                RaiseModeId,
                OrderExtend,
                RecommendMan,
                FullReduce,
                FirstOrderDiscount,
                CouponCodeDiscount,
                CashCouponDiscount,
                FAType,
                IsRewardLeDou,
                RewardLeDouNum,
                RewardCredit,
                CustomerNotes,
                StoreId,
                IsSendHt,
                PactCode,
                PactTakeEffectTime,
                PactSendID,
                PactUrl,
                CompanyName,
                SubmitOrderWay,
                Score,
                DealNo,
                Presellway,
                Deposit,
                RestPayment,
                DepositEndTime,
                TailPaymentDay,
                TailDeliveryDay,
                PreSaleMobile,
                CurrencyCode,
                CreditLine,
                AuditStatus,
                BuyerCode,
                AccountType,
                FaInfo,
                SkuType,
                CreditLineWay,
                TotalTax,
                DeliverGoodsType,
                PayPoint,
                PayCash,
                Env,
                FaCode
            )
        VALUES
        (
            #{id},
            #{payOrderNo},
            #{orderCode},
            #{customerOrderCode},
            #{customerOrderCodeSon},
            #{customerStatementStatus},
            #{commissionMoney},
            #{memberID},
            #{memberCode},
            #{lenovoId},
            #{VKorg},
            #{salesChannel},
            #{augru},
            #{orderRefer},
            #{totalCost},
            #{totalPay},
            #{giveawayCost},
            #{giveawayTotal},
            #{discount},
            #{cashCouponDiscount},
            #{lipinkaDiscount},
            #{creditTotal},
            #{orderType},
            #{orderStatus},
            #{paymentTypeId},
            #{paymentWay},
            #{payStatus},
            #{payTime},
            #{shopId},
            #{terminal},
            #{sourceId},
            #{notes},
            #{cashCouponsNotes},
            #{isAbnormal},
            #{shipmentTypeID},
            #{CODDate},
            #{CODTime},
            #{isCODInform},
            #{customerManagerCode},
            #{clientIP},
            #{clientSystemName},
            #{clientBrowserName},
            #{isRegister},
            #{userLevel},
            #{rePrice},
            #{BU},
            #{FAID},
            #{FAName},
            #{hasComment},
            #{expectDate},
            #{paymentDay},
            #{bizType},
            #{isTax},
            #{channelNumber},
            #{salesType},
            #{createTime},
            #{createBy},
            #{submitTime},
            #{updateBy},
            #{updateTime},
            #{versionNo},
            #{isTranferSuccess},
            #{transferTime},
            #{transferRepeatTimes},
            #{usedLeDouNum},
            #{innerBuyMoney},
            #{enterprise},
            #{enrolledGroup},
            #{contractNo},
            #{raiseId},
            #{raiseModeId},
            #{orderExtend},
            #{recommendMan},
            #{fullReduce},
            #{firstOrderDiscount},
            #{couponCodeDiscount},
            #{cashCouponDiscount},
            #{FAType},
            #{isRewardLeDou},
            #{rewardLeDouNum},
            #{rewardCredit},
            #{CustomerNotes},
            #{storeId},
            #{isSendHt},
            #{pactCode},
            #{pactTakeEffectTime},
            #{pactSendID},
            #{pactUrl},
            #{companyName},
            #{submitOrderWay},
            #{score},
            #{dealNo},
            #{presellway},
            #{deposit},
            #{restPayment},
            #{depositEndTime},
            #{tailPaymentDay},
            #{tailDeliveryDay},
            #{preSaleMobile},
            #{currencyCode},
            #{creditLine},
            #{auditStatus},
            #{buyerCode},
            #{accountType},
            #{faInfo},
            #{skuType},
            #{creditLineWay},
            #{totalTax},
            #{deliverGoodsType},
            #{payPoint},
            #{payCash},
            #{env},
            #{faCode}
        )
    </insert>
    <insert id="saveOrderMainList" parameterType="java.util.List">
        INSERT
        INTO
            OrderMain
            (
                ID,
                PayOrderNo,
                OrderCode,
                CustomerOrderCode,
                CustomerOrderCodeSon,
                CustomerStatementStatus,
                CommissionMoney,
                MemberID,
                MemberCode,
                LenovoId,
                VKorg,
                SalesChannel,
                Augru,
                OrderRefer,
                TotalCost,
                TotalPay,
                GiveawayCost,
                GiveawayTotal,
                Discount,
                CouponsDiscount,
                LipinkaDiscount,
                CreditTotal,
                OrderType,
                OrderStatus,
                PaymentTypeId,
                PaymentWay,
                PayStatus,
                PayTime,
                ShopId,
                Terminal,
                SourceId,
                Notes,
                CashCouponsNotes,
                IsAbnormal,
                ShipmentTypeID,
                CodDate,
                CODTime,
                IsCODInform,
                CustomerManagerCode,
                ClientIP,
                ClientSystemName,
                ClientBrowserName,
                IsRegister,
                UserLevel,
                RePrice,
                BU,
                FAID,
                FAName,
                hasComment,
                ExpectDate,
                PaymentDay,
                BizType,
                IsTax,
                ChannelNumber,
                SalesType,
                CreateTime,
                CreateBy,
                SubmitTime,
                UpdateBy,
                UpdateTime,
                VersionNo,
                IsTranferSuccess,
                TransferTime,
                TransferRepeatTimes,
                UsedLeDouNum,
                InnerBuyMoney,
                Enterprise,
                EnrolledGroup,
                ContractNo,
                RaiseId,
                RaiseModeId,
                OrderExtend,
                RecommendMan,
                FullReduce,
                FirstOrderDiscount,
                CouponCodeDiscount,
                CashCouponDiscount,
                FAType,
                IsRewardLeDou,
                RewardLeDouNum,
                RewardCredit,
                CustomerNotes,
                StoreId,
                IsSendHt,
                PactCode,
                PactTakeEffectTime,
                PactSendID,
                PactUrl,
                CompanyName,
                SubmitOrderWay,
                Score,
                DealNo,
                Presellway,
                Deposit,
                RestPayment,
                DepositEndTime,
                TailPaymentDay,
                TailDeliveryDay,
                PreSaleMobile,
                CurrencyCode,
                CreditLine,
                AuditStatus,
                BuyerCode,
                AccountType,
                FaInfo,
                SkuType,
                CreditLineWay,
                TotalTax,
                DeliverGoodsType,
                PayPoint,
                PayCash,
                Env,
                FaCode
            )
        VALUES
        <foreach collection="list" item="item" index="index" separator="," >
        (
            #{item.id},
            #{item.payOrderNo},
            #{item.orderCode},
            #{item.customerOrderCode},
            #{item.customerOrderCodeSon},
            #{item.customerStatementStatus},
            #{item.commissionMoney},
            #{item.memberID},
            #{item.memberCode},
            #{item.lenovoId},
            #{item.VKorg},
            #{item.salesChannel},
            #{item.augru},
            #{item.orderRefer},
            #{item.totalCost},
            #{item.totalPay},
            #{item.giveawayCost},
            #{item.giveawayTotal},
            #{item.discount},
            #{item.couponsDiscount},
            #{item.lipinkaDiscount},
            #{item.creditTotal},
            #{item.orderType},
            #{item.orderStatus},
            #{item.paymentTypeId},
            #{item.paymentWay},
            #{item.payStatus},
            #{item.payTime},
            #{item.shopId},
            #{item.terminal},
            #{item.sourceId},
            #{item.notes},
            #{item.cashCouponsNotes},
            #{item.isAbnormal},
            #{item.shipmentTypeID},
            #{item.CODDate},
            #{item.CODTime},
            #{item.isCODInform},
            #{item.customerManagerCode},
            #{item.clientIP},
            #{item.clientSystemName},
            #{item.clientBrowserName},
            #{item.isRegister},
            #{item.userLevel},
            #{item.rePrice},
            #{item.BU},
            #{item.FAID},
            #{item.FAName},
            #{item.hasComment},
            #{item.expectDate},
            #{item.paymentDay},
            #{item.bizType},
            #{item.isTax},
            #{item.channelNumber},
            #{item.salesType},
            #{item.createTime},
            #{item.createBy},
            #{item.submitTime},
            #{item.updateBy},
            #{item.updateTime},
            #{item.versionNo},
            #{item.isTranferSuccess},
            #{item.transferTime},
            #{item.transferRepeatTimes},
            #{item.usedLeDouNum},
            #{item.innerBuyMoney},
            #{item.enterprise},
            #{item.enrolledGroup},
            #{item.contractNo},
            #{item.raiseId},
            #{item.raiseModeId},
            #{item.orderExtend},
            #{item.recommendMan},
            #{item.fullReduce},
            #{item.firstOrderDiscount},
            #{item.couponCodeDiscount},
            #{item.cashCouponDiscount},
            #{item.FAType},
            #{item.isRewardLeDou},
            #{item.rewardLeDouNum},
            #{item.rewardCredit},
            #{item.customerNotes},
            #{item.storeId},
            #{item.isSendHt},
            #{item.pactCode},
            #{item.pactTakeEffectTime},
            #{item.pactSendID},
            #{item.pactUrl},
            #{item.companyName},
            #{item.submitOrderWay},
            #{item.score},
            #{item.dealNo},
            #{item.presellway},
            #{item.deposit},
            #{item.restPayment},
            #{item.depositEndTime},
            #{item.tailPaymentDay},
            #{item.tailDeliveryDay},
            #{item.preSaleMobile},
            #{item.currencyCode},
            #{item.creditLine},
            #{item.auditStatus},
            #{item.buyerCode},
            #{item.accountType},
            #{item.faInfo},
            #{item.skuType},
            #{item.creditLineWay},
            #{item.totalTax},
            #{item.deliverGoodsType},
            #{item.payPoint},
            #{item.payCash},
            #{item.env},
            #{item.faCode}
        )
        </foreach>
    </insert>
    <update id="updateOrderStatusToCancelByOrderCode" parameterType="hashmap">
        UPDATE
            OrderMain
        SET
            OrderStatus = #{orderStatus}
        WHERE
            ID = #{id}
        AND
            OrderCode = #{orderCode}
        AND
            PayStatus = #{payStatus}
    </update>
    <update id="updateOrderStatusToRevokeByOrderCode" parameterType="hashmap">
        UPDATE
            OrderMain
        SET
            OrderStatus = #{orderStatus}
        WHERE
            ID = #{id}
        AND
            OrderCode = #{orderCode}
        AND
            PayStatus = #{payStatus}
        AND
            IsTranferSuccess = #{isTransferSuccess}
    </update>
    <update id="updateOrderPayStatusByOrderCode" parameterType="hashmap">
        UPDATE
            OrderMain
        SET
        PayOrderNo=#{payOrderNo},
        PayStatus=#{payStatus},
        PayTime=#{payTime},
        UpdateTime=#{updateTime},
        RewardCredit=#{rewardCredit},
        PayPoint=#{payPoint},
        PayCash=#{payCash}
        WHERE
        OrderCode=#{orderCode}
       <!-- AND PayStatus=0 --><!-- 暂时不用支付状态 -->
    </update>
    <update id="updateAbnormalOrderStatus" parameterType="hashmap">
        UPDATE
            OrderMain
        SET
            OrderStatus=#{orderStatus},
            Notes=#{notes},
            UpdateTime=now(),
            UpdateBy=#{updateBy}
        WHERE
            OrderCode=#{orderCode}
            AND
            PayStatus=0
    </update>

    <update id="updateOrderPayStatusByID" parameterType="hashmap">
        UPDATE
        OrderMain
        SET
        PayOrderNo=#{payOrderNo},
        PaymentWay=#{paymentWay},
        PayStatus=#{payStatus},
        PayTime=#{payTime},
        UpdateTime=#{updateTime},
        RewardCredit=#{rewardCredit},
        RewardLeDouNum=#{rewardLeDouNum},
        IsRewardLeDou=#{isRewardLeDou}
        WHERE
        ID=#{id}
        <!-- AND
        PayStatus=0 --><!-- 修改以处理更新订单状态 -->
    </update>

    <update id="updateAbnormalOrderStatusById" parameterType="hashmap">
        UPDATE
        OrderMain
        SET
        OrderStatus=#{orderStatus},
        Notes=#{notes},
        UpdateTime=now(),
        UpdateBy=#{updateBy}
        WHERE
        ID=#{id}
        AND
        PayStatus=0
    </update>

    <update id="updateOrderStatus" parameterType="hashmap">
        UPDATE
        OrderMain
        SET
        OrderStatus=#{orderStatus},
        Notes=#{notes},
        UpdateTime=now()
        WHERE
        OrderCode=#{orderCode}
    </update>
    <!--
        <resultMap id="abnormalOrderItemMap" type="orderMainItemVO">
            <id property="orderId" column="OrderId"/>
        </resultMap>
        <select id="getAbnormalOrderItemsByOrderType" parameterType="hashmap" resultMap="abnormalOrderItemMap">
            SELECT
                oi.OrderId,
                oi.Code,
                oi.MaterialID,
                oi.Num,
                oi.FAType,
                oi.FAID,
                om.Terminal,
                om.SalesType
            FROM
                OrderItem oi,
                OrderMain om
            WHERE
                oi.OrderId = om.OrderCode
                AND om.PayStatus = #{payStatus}
                AND <![CDATA[om.OrderType != #{orderType}]]>
                AND om.OrderStatus = #{orderStat}
                AND <![CDATA[om.CreateTime <= #{createTime}]]>
        </select>
        <select id="getAbnormalOrderItemsByOrderTypeExcludeSpecial" parameterType="hashmap" resultMap="abnormalOrderItemMap">
            SELECT
                oi.OrderId,
                oi.Code,
                oi.MaterialID,
                oi.Num,
                oi.FAID,
                oi.FAType,
                om.Terminal,
                om.SalesType
            FROM
                OrderItem oi,
                OrderMain om
            WHERE
                oi.OrderId = om.OrderCode
                AND om.PayStatus = #{payStatus}
                AND <![CDATA[om.OrderType IN (#{orderType})]]>
                AND om.OrderStatus = #{orderStat}
                AND <![CDATA[om.CreateTime <= #{createTime}]]>
        </select>
        <select id="getAbnormalOrderItemByOrderTypeForSpecial" parameterType="hashmap" resultMap="abnormalOrderItemMap">
            SELECT
                oi.OrderId,
                oi.Code,
                oi.MaterialID,
                oi.Num,
                oi.FAType,
                oi.FAID,
                om.Terminal,
                om.SalesType
            FROM
                OrderItem oi,
                OrderMain om
            WHERE
                oi.OrderId = om.OrderCode
                AND om.PayStatus = #{payStatus}
                AND <![CDATA[om.OrderType IN (#{orderType})]]>
                AND om.OrderStatus = #{orderStat}
                AND om.VKorg = #{VKorg}
                AND <![CDATA[om.CreateTime <= #{createTime}]]>
                AND <![CDATA[om.CreateTime > #{effectiveBeginTime}]]>
                AND <![CDATA[om.CreateTime <= #{effectiveEndTime}]]>
        </select>-->
    <!--<select id="getOrderItemsByOrderCode" parameterType="hashmap" resultMap="abnormalOrderItemMap">
        SELECT
            oi.OrderId,
            oi.Code,
            oi.MaterialID,
            oi.Num,
            oi.FAType,
            oi.FAID,
            om.Terminal,
            om.SalesType
        FROM
            OrderItem oi,
            OrderMain om
        WHERE
            oi.OrderId = om.OrderCode
            AND om.OrderCode = #{orderCode}
            AND om.ID = #{orderId}
    </select>-->
    <update id="updateRewardLeDouOnOrderMain" parameterType="hashmap">
        UPDATE
            OrderMain
        SET
            RewardLeDouNum=#{rewardLeDouNum},
            IsRewardLeDou=#{isRewardLeDou}
        WHERE
            OrderCode=#{orderCode}
    </update>

    <select id="getSignOrderList"  resultType="com.lenovo.m2.hsbuy.domain.order.OrderMain">
       SELECT
        OrderCode,
        status,
        SignTime,
        orderCode,
        CreateTime,
        orderStatus,
        notes,
        UpdateTime,
        shopId
      FROM
        ordermain
      WHERE
        OrderCode IN (SELECT
            OrderID orderId
        FROM
            hsbuy.order_logistics
        WHERE
            logisticsCompanyName = "SEC发货")
        ORDER BY CreateTime DESC;
    </select>
</mapper>