<?xml version="1.0" encoding="UTF-8"?>
<!DOCTYPE mapper PUBLIC "-//mybatis.org//DTD Mapper 3.0//EN"
        "http://mybatis.org/dtd/mybatis-3-mapper.dtd">
<mapper namespace="com.lenovo.m2.hsbuy.dao.order.SequenceMapper">
    <resultMap id="sequenceMap" type="sequence">
        <id column="name" property="name"/>
    </resultMap>

    <select id="getCurrval" parameterType="string" resultType="java.lang.Integer">
        select currval(#{seq_name});
    </select>

    <select id="getNextval" parameterType="string" resultType="java.lang.Integer">
        select nextval(#{seq_name});
    </select>

    <select id="setval" parameterType="string" resultType="java.lang.Integer">
        select nextval(#{seq_name},#{value});
    </select>
</mapper>