<?xml version="1.0" encoding="UTF-8" ?>
<!DOCTYPE mapper PUBLIC "-//mybatis.org//DTD Mapper 3.0//EN" "http://mybatis.org/dtd/mybatis-3-mapper.dtd" >
<mapper namespace="com.lenovo.m2.hsbuy.dao.pricelist.AccessoryMapper" >
  <resultMap id="BaseResultMap" type="com.lenovo.m2.hsbuy.domain.pricelist.CTOAccessory" >
    <id column="id" property="id" jdbcType="BIGINT" />
    <result column="price_list_detail_id" property="priceListDetailId" jdbcType="BIGINT" />
    <result column="name" property="name" jdbcType="VARCHAR" />
    <result column="value" property="value" jdbcType="VARCHAR" />
    <result column="is_see" property="isSee" jdbcType="TINYINT" />
    <result column="language" property="language" jdbcType="TINYINT" />
    <result column="shop_id" property="shopId" jdbcType="TINYINT" />
  </resultMap>
  <sql id="Base_Column_List" >
    id, price_list_detail_id, name, value, is_see, language,from_smb
  </sql>

    <select id="getAccessoryList" parameterType="map" resultMap="BaseResultMap">
        select <include refid="Base_Column_List" /> from accessory
        where is_See = 1 and Language = 0
        <if test="id != null ">
            <if test="id != '' ">
                and id = #{id}
            </if>
        </if>
        <if test="priceListDetailId != null ">
            <if test="priceListDetailId != '' ">
                and price_list_detail_id = #{priceListDetailId}
            </if>
        </if>


    </select>


  <select id="selectByPrimaryKey" resultMap="BaseResultMap" parameterType="java.lang.Long" >
    select 
    <include refid="Base_Column_List" />
    from accessory
    where id = #{id,jdbcType=BIGINT}
  </select>
  <delete id="deleteByPrimaryKey" parameterType="java.lang.Long" >
    delete from accessory
    where id = #{id,jdbcType=BIGINT}
  </delete>
  <insert id="insert" parameterType="com.lenovo.m2.hsbuy.domain.pricelist.CTOAccessory" >
    insert into accessory (id, price_list_detail_id, name, 
      value, is_see, language,shop_id
      )
    values (#{id,jdbcType=BIGINT}, #{priceListDetailId,jdbcType=BIGINT}, #{name,jdbcType=VARCHAR}, 
      #{value,jdbcType=VARCHAR}, #{isSee,jdbcType=TINYINT}, #{language,jdbcType=TINYINT},#{shopId,jdbcType=TINYINT}
      )
  </insert>
  <insert id="insertSelective" parameterType="com.lenovo.m2.hsbuy.domain.pricelist.CTOAccessory" >
    insert into accessory
    <trim prefix="(" suffix=")" suffixOverrides="," >
      <if test="id != null" >
        id,
      </if>
      <if test="priceListDetailId != null" >
        price_list_detail_id,
      </if>
      <if test="name != null" >
        name,
      </if>
      <if test="value != null" >
        value,
      </if>
      <if test="isSee != null" >
        is_see,
      </if>
      <if test="language != null" >
        language,
      </if>
      <if test="shopId != null" >
        shop_id,
      </if>
    </trim>
    <trim prefix="values (" suffix=")" suffixOverrides="," >
      <if test="id != null" >
        #{id,jdbcType=BIGINT},
      </if>
      <if test="priceListDetailId != null" >
        #{priceListDetailId,jdbcType=BIGINT},
      </if>
      <if test="name != null" >
        #{name,jdbcType=VARCHAR},
      </if>
      <if test="value != null" >
        #{value,jdbcType=VARCHAR},
      </if>
      <if test="isSee != null" >
        #{isSee,jdbcType=TINYINT},
      </if>
      <if test="language != null" >
        #{language,jdbcType=TINYINT},
      </if>
      <if test="shopId != null" >
        #{shopId,jdbcType=TINYINT}
      </if>
    </trim>
  </insert>
  <update id="updateByPrimaryKeySelective" parameterType="com.lenovo.m2.hsbuy.domain.pricelist.CTOAccessory" >
    update accessory
    <set >
      <if test="priceListDetailId != null" >
        price_list_detail_id = #{priceListDetailId,jdbcType=BIGINT},
      </if>
      <if test="name != null" >
        name = #{name,jdbcType=VARCHAR},
      </if>
      <if test="value != null" >
        value = #{value,jdbcType=VARCHAR},
      </if>
      <if test="isSee != null" >
        is_see = #{isSee,jdbcType=TINYINT},
      </if>
      <if test="language != null" >
        language = #{language,jdbcType=TINYINT},
      </if>
    </set>
    where id = #{id,jdbcType=BIGINT}
  </update>
  <update id="updateByPrimaryKey" parameterType="com.lenovo.m2.hsbuy.domain.pricelist.CTOAccessory" >
    update accessory
    set price_list_detail_id = #{priceListDetailId,jdbcType=BIGINT},
      name = #{name,jdbcType=VARCHAR},
      value = #{value,jdbcType=VARCHAR},
      is_see = #{isSee,jdbcType=TINYINT},
      language = #{language,jdbcType=TINYINT}
    where id = #{id,jdbcType=BIGINT}
  </update>
</mapper>