<?xml version="1.0" encoding="UTF-8" ?>
<!DOCTYPE mapper PUBLIC "-//mybatis.org//DTD Mapper 3.0//EN" "http://mybatis.org/dtd/mybatis-3-mapper.dtd" >
<mapper namespace="com.lenovo.m2.hsbuy.dao.pricelist.ManualOrderMapper" >
  <resultMap id="BaseResultMap" type="com.lenovo.m2.hsbuy.domain.pricelist.ManualOrder" >
    <id column="id" property="id" jdbcType="BIGINT" />
    <result column="deal_no" property="dealNo" jdbcType="VARCHAR" />
    <result column="pay_man" property="payMan" jdbcType="VARCHAR" />
    <result column="pay_man_type" property="payManType" jdbcType="TINYINT" />
    <result column="pay_type" property="payType" jdbcType="VARCHAR" />
    <result column="invoice_id" property="invoiceId" jdbcType="VARCHAR" />
    <result column="deliver_address_id" property="deliverAddressId" jdbcType="BIGINT" />
    <result column="Invoice_address_id" property="invoiceAddressId" jdbcType="BIGINT" />
    <result column="shop_id" property="shopId" jdbcType="TINYINT" />
  </resultMap>
  <sql id="Base_Column_List" >
    id, deal_no, pay_man, pay_man_type, pay_type, invoice_id, deliver_address_id, Invoice_address_id
  </sql>
  <select id="selectByPrimaryKey" resultMap="BaseResultMap" parameterType="java.lang.Long" >
    select 
    <include refid="Base_Column_List" />
    from manual_order
    where id = #{id,jdbcType=BIGINT}
  </select>
  <delete id="deleteByPrimaryKey" parameterType="java.lang.Long" >
    delete from manual_order
    where id = #{id,jdbcType=BIGINT}
  </delete>
  <insert id="insert" parameterType="com.lenovo.m2.hsbuy.domain.pricelist.ManualOrder" >
    insert into manual_order (id, deal_no, pay_man, 
      pay_man_type, pay_type, invoice_id, 
      deliver_address_id, Invoice_address_id,shop_id)
    values (#{id,jdbcType=BIGINT}, #{dealNo,jdbcType=VARCHAR}, #{payMan,jdbcType=VARCHAR}, 
      #{payManType,jdbcType=TINYINT}, #{payType,jdbcType=VARCHAR}, #{invoiceId,jdbcType=VARCHAR}, 
      #{deliverAddressId,jdbcType=VARCHAR}, #{invoiceAddressId,jdbcType=VARCHAR},#{shopId,jdbcType=TINYINT})
  </insert>
  <insert id="insertSelective" parameterType="com.lenovo.m2.hsbuy.domain.pricelist.ManualOrder" >
    insert into manual_order
    <trim prefix="(" suffix=")" suffixOverrides="," >
      <if test="id != null" >
        id,
      </if>
      <if test="dealNo != null" >
        deal_no,
      </if>
      <if test="payMan != null" >
        pay_man,
      </if>
      <if test="payManType != null" >
        pay_man_type,
      </if>
      <if test="payType != null" >
        pay_type,
      </if>
      <if test="invoiceId != null" >
        invoice_id,
      </if>
      <if test="deliverAddressId != null" >
        deliver_address_id,
      </if>
      <if test="invoiceAddressId != null" >
        Invoice_address_id,
      </if>
      <if test="shopId != null" >
        shop_id,
      </if>
    </trim>
    <trim prefix="values (" suffix=")" suffixOverrides="," >
      <if test="id != null" >
        #{id,jdbcType=BIGINT},
      </if>
      <if test="dealNo != null" >
        #{dealNo,jdbcType=VARCHAR},
      </if>
      <if test="payMan != null" >
        #{payMan,jdbcType=VARCHAR},
      </if>
      <if test="payManType != null" >
        #{payManType,jdbcType=TINYINT},
      </if>
      <if test="payType != null" >
        #{payType,jdbcType=VARCHAR},
      </if>
      <if test="invoiceId != null" >
        #{invoiceId,jdbcType=VARCHAR},
      </if>
      <if test="deliverAddressId != null" >
        #{deliverAddressId,jdbcType=BIGINT},
      </if>
      <if test="invoiceAddressId != null" >
        #{invoiceAddressId,jdbcType=BIGINT},
      </if>
      <if test="shopId != null" >
        #{shopId,jdbcType=TINYINT},
      </if>
    </trim>
  </insert>
  <update id="updateByPrimaryKeySelective" parameterType="com.lenovo.m2.hsbuy.domain.pricelist.ManualOrder" >
    update manual_order
    <set >
      <if test="dealNo != null" >
        deal_no = #{dealNo,jdbcType=VARCHAR},
      </if>
      <if test="payMan != null" >
        pay_man = #{payMan,jdbcType=VARCHAR},
      </if>
      <if test="payManType != null" >
        pay_man_type = #{payManType,jdbcType=TINYINT},
      </if>
      <if test="payType != null" >
        pay_type = #{payType,jdbcType=VARCHAR},
      </if>
      <if test="invoiceId != null" >
        invoice_id = #{invoiceId,jdbcType=VARCHAR},
      </if>
      <if test="deliverAddressId != null" >
        deliver_address_id = #{deliverAddressId,jdbcType=BIGINT},
      </if>
      <if test="invoiceAddressId != null" >
        Invoice_address_id = #{invoiceAddressId,jdbcType=BIGINT},
      </if>
    </set>
    where id = #{id,jdbcType=BIGINT}
  </update>
  <update id="updateByPrimaryKey" parameterType="com.lenovo.m2.hsbuy.domain.pricelist.ManualOrder" >
    update manual_order
    set deal_no = #{dealNo,jdbcType=VARCHAR},
      pay_man = #{payMan,jdbcType=VARCHAR},
      pay_man_type = #{payManType,jdbcType=TINYINT},
      pay_type = #{payType,jdbcType=VARCHAR},
      invoice_id = #{invoiceId,jdbcType=VARCHAR},
      deliver_address_id = #{deliverAddressId,jdbcType=BIGINT},
      Invoice_address_id = #{invoiceAddressId,jdbcType=BIGINT}
    where id = #{id,jdbcType=BIGINT}
  </update>
</mapper>