<?xml version="1.0" encoding="UTF-8" ?>
<!DOCTYPE mapper PUBLIC "-//mybatis.org//DTD Mapper 3.0//EN" "http://mybatis.org/dtd/mybatis-3-mapper.dtd" >
<mapper namespace="com.lenovo.m2.hsbuy.dao.pricelist.PriceListPdfMapper" >
  <resultMap id="BaseResultMap" type="com.lenovo.m2.hsbuy.domain.pricelist.PriceListPdf" >
    <id column="id" property="id" jdbcType="BIGINT" />
    <result column="deal_no" property="dealNo" jdbcType="VARCHAR" />
    <result column="user_id" property="userId" jdbcType="VARCHAR" />
    <result column="gcodes_to_show" property="gcodesToShow" jdbcType="VARCHAR" />
    <result column="file_path" property="filePath" jdbcType="VARCHAR" />
    <result column="create_time" property="createTime" jdbcType="TIMESTAMP" />
  </resultMap>
  <sql id="Base_Column_List" >
    id, deal_no, user_id, gcodes_to_show, file_path, create_time
  </sql>
  <select id="selectByPrimaryKey" resultMap="BaseResultMap" parameterType="java.lang.Long" >
    select 
    <include refid="Base_Column_List" />
    from price_list_pdf
    where id = #{id,jdbcType=BIGINT}
  </select>
  
  
  <select id="selectByExample" resultMap="BaseResultMap" parameterType="com.lenovo.m2.hsbuy.domain.pricelist.PriceListPdf" >
    select 
    <include refid="Base_Column_List" />
    from price_list_pdf
    where user_id =  #{userId,jdbcType=VARCHAR}
        and deal_no = #{dealNo, jdbcType=VARCHAR} 
    <if test="id != null" >
        and id = #{id, jdbcType=BIGINT} 
    </if>
    <choose> 
		<when test="gcodesToShow != null"> 
			and gcodes_to_show = #{gcodesToShow, jdbcType=VARCHAR} 
		</when> 
		<otherwise> 
			and gcodes_to_show is null 
		</otherwise> 
	</choose> 
  </select>
  
  <delete id="deleteByPrimaryKey" parameterType="java.lang.Long" >
    delete from price_list_pdf
    where id = #{id,jdbcType=BIGINT}
  </delete>
  <insert id="insert" parameterType="com.lenovo.m2.hsbuy.domain.pricelist.PriceListPdf" >
    insert into price_list_pdf (id, deal_no, user_id, 
      gcodes_to_show, file_path, create_time, shop_id)
    values (#{id,jdbcType=BIGINT}, #{dealNo,jdbcType=VARCHAR}, #{userId,jdbcType=VARCHAR}, 
      #{gcodesToShow,jdbcType=VARCHAR}, #{filePath,jdbcType=VARCHAR}, #{createTime,jdbcType=TIMESTAMP}, #{shopId,jdbcType=INTEGER})

  </insert>
  <insert id="insertSelective" parameterType="com.lenovo.m2.hsbuy.domain.pricelist.PriceListPdf" >
    insert into price_list_pdf
    <trim prefix="(" suffix=")" suffixOverrides="," >
      <if test="id != null" >
        id,
      </if>
      <if test="dealNo != null" >
        deal_no,
      </if>
      <if test="userId != null" >
        user_id,
      </if>
      <if test="gcodesToShow != null" >
        gcodes_to_show,
      </if>
      <if test="createTime != null" >
        create_time,
      </if>
      <if test="shopId != null" >
        shop_id,
      </if>
    </trim>
    <trim prefix="values (" suffix=")" suffixOverrides="," >
      <if test="id != null" >
        #{id,jdbcType=BIGINT},
      </if>
      <if test="dealNo != null" >
        #{dealNo,jdbcType=VARCHAR},
      </if>
      <if test="userId != null" >
        #{userId,jdbcType=VARCHAR},
      </if>
      <if test="gcodesToShow != null" >
        #{gcodesToShow,jdbcType=VARCHAR},
      </if>
      <if test="createTime != null" >
        #{createTime,jdbcType=TIMESTAMP},
      </if>
      <if test="shopId != null" >
      #{shopId,jdbcType=INTEGER},
      </if>

    </trim>
  </insert>
  <update id="updateByPrimaryKeySelective" parameterType="com.lenovo.m2.hsbuy.domain.pricelist.PriceListPdf" >
    update price_list_pdf
    <set >
      <if test="dealNo != null" >
        deal_no = #{dealNo,jdbcType=VARCHAR},
      </if>
      <if test="userId != null" >
        user_id = #{userId,jdbcType=VARCHAR},
      </if>
      <if test="gcodesToShow != null" >
        gcodes_to_show = #{gcodesToShow,jdbcType=VARCHAR},
      </if>
      <if test="createTime != null" >
        create_time = #{createTime,jdbcType=TIMESTAMP},
      </if>
    </set>
    where id = #{id,jdbcType=BIGINT}
  </update>
  <update id="updateByPrimaryKey" parameterType="com.lenovo.m2.hsbuy.domain.pricelist.PriceListPdf" >
    update price_list_pdf
    set deal_no = #{dealNo,jdbcType=VARCHAR},
      user_id = #{userId,jdbcType=VARCHAR},
      gcodes_to_show = #{gcodesToShow,jdbcType=VARCHAR},
      create_time = #{createTime,jdbcType=TIMESTAMP}
    where id = #{id,jdbcType=BIGINT}
  </update>
</mapper>