<?xml version="1.0" encoding="UTF-8" ?>
<!DOCTYPE mapper PUBLIC "-//mybatis.org//DTD Mapper 3.0//EN" "http://mybatis.org/dtd/mybatis-3-mapper.dtd" >
<mapper namespace="com.lenovo.m2.hsbuy.dao.pricelist.PriceListDetailMapper" >
  <resultMap id="BaseResultMap" type="com.lenovo.m2.hsbuy.domain.pricelist.PriceListDetail" >
    <id column="id" property="id" jdbcType="BIGINT" />
    <result column="price_list_id" property="priceListId" jdbcType="BIGINT" />
    <result column="gcode" property="gcode" jdbcType="BIGINT" />
    <result column="material_code" property="materialCode" jdbcType="VARCHAR" />
    <result column="product_group_no" property="productGroupNo" jdbcType="VARCHAR" />
    <result column="product_name" property="productName" jdbcType="VARCHAR" />
    <result column="apply_number" property="applyNumber" jdbcType="INTEGER" />
    <result column="apply_price" property="applyPrice" jdbcType="DECIMAL" />
    <result column="goodsType" property="goodsType" jdbcType="TINYINT" />
    <result column="goods_category" property="goodsCategory" jdbcType="VARCHAR" />
    <result column="product_image" property="productImage" jdbcType="VARCHAR" />
    <result column="shop_id" property="shopId" jdbcType="INTEGER" />
    <result column="CurrencyCode" property="currencyCode" jdbcType="VARCHAR" />
  </resultMap>
  <sql id="Base_Column_List" >
    id, price_list_id, gcode, material_code, product_group_no, product_name, apply_number, 
    apply_price, goodsType, goods_category, product_image, currency_code as CurrencyCode, shop_id
  </sql>
  
  <select id="getPriceDetailList" parameterType="map" resultMap="BaseResultMap">
    select
    d.id as id, d.price_list_id as price_list_id, d.gcode as gcode, d.material_code as material_code,
    d.product_group_no as product_group_no, d.product_name as product_name, d.apply_number as apply_number,
    d.apply_price as apply_price,d.currency_code as CurrencyCode,d.goodsType as goodsType, d.goods_category as goods_category, d.product_image as product_image
    from price_list_detail d,price_list p
    where 1=1
    and p.id=d.price_list_id
    <if test="dealNo != null and dealNo != ''">
        and p.deal_no = #{dealNo}
    </if>
  </select>

  <select id="selectByPrimaryKey" resultMap="BaseResultMap" parameterType="java.lang.Long" >
    select 
    <include refid="Base_Column_List" />
    from price_list_detail
    where id = #{id,jdbcType=BIGINT}
  </select>
  <delete id="deleteByPrimaryKey" parameterType="java.lang.Long" >
    delete from price_list_detail
    where id = #{id,jdbcType=BIGINT}
  </delete>
  <insert id="insert" parameterType="com.lenovo.m2.hsbuy.domain.pricelist.PriceListDetail" >
    insert into price_list_detail (id, price_list_id, gcode, 
      material_code, product_group_no, product_name, 
      apply_number, apply_price, goodsType, 
      goods_category,product_image,shop_id,currency_code)
    values (#{id,jdbcType=BIGINT}, #{priceListId,jdbcType=BIGINT}, #{gcode,jdbcType=BIGINT}, 
      #{materialCode,jdbcType=VARCHAR}, #{productGroupNo,jdbcType=VARCHAR}, #{productName,jdbcType=VARCHAR}, 
      #{applyNumber,jdbcType=INTEGER}, #{applyPrice,jdbcType=DECIMAL}, #{goodsType,jdbcType=TINYINT}, 
      #{goodsCategory,jdbcType=VARCHAR},#{productImage,jdbcType=VARCHAR},#{shopId,jdbcType=INTEGER},#{currencyCode,jdbcType=VARCHAR})
  </insert>
  <insert id="insertSelective" parameterType="com.lenovo.m2.hsbuy.domain.pricelist.PriceListDetail" useGeneratedKeys="true" keyProperty="id">
    insert into price_list_detail
    <trim prefix="(" suffix=")" suffixOverrides="," >
      <if test="id != null" >
        id,
      </if>
      <if test="priceListId != null" >
        price_list_id,
      </if>
      <if test="gcode != null" >
        gcode,
      </if>
      <if test="materialCode != null" >
        material_code,
      </if>
      <if test="productGroupNo != null" >
        product_group_no,
      </if>
      <if test="productName != null" >
        product_name,
      </if>
      <if test="applyNumber != null" >
        apply_number,
      </if>
      <if test="applyPrice != null" >
        apply_price,
      </if>
      <if test="goodsType != null" >
        goodsType,
      </if>
      <if test="goodsCategory != null" >
        goods_category,
      </if>
        <if test="productImage != null" >
            product_image,
        </if>
      <if test="shopId != null" >
        shop_id,
      </if>
      <if test="currencyCode != null" >
        currency_code,
      </if>
    </trim>
    <trim prefix="values (" suffix=")" suffixOverrides="," >
      <if test="id != null" >
        #{id,jdbcType=BIGINT},
      </if>
      <if test="priceListId != null" >
        #{priceListId,jdbcType=BIGINT},
      </if>
      <if test="gcode != null" >
        #{gcode,jdbcType=BIGINT},
      </if>
      <if test="materialCode != null" >
        #{materialCode,jdbcType=VARCHAR},
      </if>
      <if test="productGroupNo != null" >
        #{productGroupNo,jdbcType=VARCHAR},
      </if>
      <if test="productName != null" >
        #{productName,jdbcType=VARCHAR},
      </if>
      <if test="applyNumber != null" >
        #{applyNumber,jdbcType=INTEGER},
      </if>
      <if test="applyPrice != null" >
        #{applyPrice,jdbcType=DECIMAL},
      </if>
      <if test="goodsType != null" >
        #{goodsType,jdbcType=TINYINT},
      </if>
      <if test="goodsCategory != null" >
        #{goodsCategory,jdbcType=VARCHAR},
      </if>
        <if test="productImage != null" >
            #{productImage,jdbcType=VARCHAR},
        </if>
      <if test="shopId != null" >
        #{shopId,jdbcType=INTEGER},
      </if>
      <if test="currencyCode != null" >
        #{currencyCode,jdbcType=VARCHAR},
      </if>
    </trim>
  </insert>
  <update id="updateByPrimaryKeySelective" parameterType="com.lenovo.m2.hsbuy.domain.pricelist.PriceListDetail" >
    update price_list_detail
    <set >
      <if test="priceListId != null" >
        price_list_id = #{priceListId,jdbcType=BIGINT},
      </if>
      <if test="gcode != null" >
        gcode = #{gcode,jdbcType=BIGINT},
      </if>
      <if test="materialCode != null" >
        material_code = #{materialCode,jdbcType=VARCHAR},
      </if>
      <if test="productGroupNo != null" >
        product_group_no = #{productGroupNo,jdbcType=VARCHAR},
      </if>
      <if test="productName != null" >
        product_name = #{productName,jdbcType=VARCHAR},
      </if>
      <if test="applyNumber != null" >
        apply_number = #{applyNumber,jdbcType=INTEGER},
      </if>
      <if test="applyPrice != null" >
        apply_price = #{applyPrice,jdbcType=DECIMAL},
      </if>
      <if test="goodsType != null" >
        goodsType = #{goodsType,jdbcType=TINYINT},
      </if>
      <if test="goodsCategory != null" >
        goods_category = #{goodsCategory,jdbcType=VARCHAR},
      </if>
        <if test="productImage != null" >
            product_image = #{productImage,jdbcType=VARCHAR},
        </if>
    </set>
    where id = #{id,jdbcType=BIGINT}
  </update>
  <update id="updateByPrimaryKey" parameterType="com.lenovo.m2.hsbuy.domain.pricelist.PriceListDetail" >
    update price_list_detail
    set price_list_id = #{priceListId,jdbcType=BIGINT},
      gcode = #{gcode,jdbcType=BIGINT},
      material_code = #{materialCode,jdbcType=VARCHAR},
      product_group_no = #{productGroupNo,jdbcType=VARCHAR},
      product_name = #{productName,jdbcType=VARCHAR},
      apply_number = #{applyNumber,jdbcType=INTEGER},
      apply_price = #{applyPrice,jdbcType=DECIMAL},
      goodsType = #{goodsType,jdbcType=TINYINT},
      goods_category = #{goodsCategory,jdbcType=VARCHAR},
      product_image = #{productImage,jdbcType=VARCHAR}
    where id = #{id,jdbcType=BIGINT}
  </update>
</mapper>