<?xml version="1.0" encoding="UTF-8" ?>
<!DOCTYPE mapper PUBLIC "-//mybatis.org//DTD Mapper 3.0//EN" "http://mybatis.org/dtd/mybatis-3-mapper.dtd" >
<mapper namespace="com.lenovo.m2.hsbuy.dao.pricelist.PriceListMapper" >
  <resultMap id="BaseResultMap" type="com.lenovo.m2.hsbuy.domain.pricelist.PriceList" >
    <id column="id" property="id" jdbcType="BIGINT" />
    <result column="deal_no" property="dealNo" jdbcType="VARCHAR" />
    <result column="expire_date" property="expireDate" jdbcType="TIMESTAMP" />
    <result column="sale_organization" property="saleOrganization" jdbcType="VARCHAR" />
    <result column="itcode" property="itcode" jdbcType="VARCHAR" />
    <result column="member_no" property="memberNo" jdbcType="VARCHAR" />
    <result column="total_price" property="totalPrice" jdbcType="DECIMAL" />
    <result column="payee" property="payee" jdbcType="VARCHAR" />
    <result column="opening_bank" property="openingBank" jdbcType="VARCHAR" />
    <result column="account_number" property="accountNumber" jdbcType="VARCHAR" />
    <result column="is_created_order" property="isCreatedOrder" jdbcType="INTEGER" />
    <result column="audit_file" property="auditFile" jdbcType="VARCHAR" />
    <result column="buyer_name" property="buyerName" jdbcType="VARCHAR" />
    <result column="buyer_address" property="buyerAddress" jdbcType="VARCHAR" />
    <result column="buyer_zip" property="buyerZip" jdbcType="VARCHAR" />
    <result column="buyer_phone" property="buyerPhone" jdbcType="VARCHAR" />
    <result column="buyer_contacts" property="buyerContacts" jdbcType="VARCHAR" />
    <result column="buyer_tele" property="buyerTele" jdbcType="VARCHAR" />
    <result column="custom_manager" property="customManager" jdbcType="VARCHAR" />
    <result column="cm_phone" property="cmPhone" jdbcType="VARCHAR" />
    <result column="cm_fax" property="cmFax" jdbcType="VARCHAR" />
    <result column="create_time" property="createTime" jdbcType="TIMESTAMP" />
    <result column="update_time" property="updateTime" jdbcType="TIMESTAMP" />
    <result column="user_id" property="userId" jdbcType="VARCHAR" />
    <result column="shop_id" property="shopId" jdbcType="INTEGER" />
    <result column="CurrencyCode" property="currencyCode" jdbcType="VARCHAR" />

  </resultMap>
  <sql id="Base_Column_List" >
    id, deal_no, expire_date, sale_organization, itcode, member_no, total_price, payee, 
    opening_bank, account_number, is_created_order, audit_file, buyer_name, buyer_address, 
    buyer_zip, buyer_phone,buyer_contacts,buyer_tele, custom_manager, cm_phone, cm_fax, create_time, update_time,user_id,currency_code as CurrencyCode, shop_id
  </sql>

  <select id="getPriceListPage" resultMap="BaseResultMap" parameterType="map" >
        select
        <include refid="Base_Column_List" />
        from price_list where 1=1
        <if test="param2.dealNo != null">
            <if test="param2.dealNo != ''">
              and deal_no = #{param2.dealNo}
            </if>
        </if>
        <if test="param2.userId != null">
            <if test="param2.userId != ''">
                and user_id = #{param2.userId}
            </if>
        </if>
        order by create_time desc
    </select>
    
    <select id="getCount" resultType="long" parameterType="map">
        select count(id) from price_list where 1=1
        <if test="dealNo != null">
            <if test="dealNo != ''">
                and deal_no = #{dealNo}
            </if>
        </if>
    </select>
  <select id="selectByPrimaryKey" resultMap="BaseResultMap" parameterType="java.lang.Long" >
    select 
    <include refid="Base_Column_List" />
    from price_list
    where id = #{id,jdbcType=BIGINT}
  </select>
  
  
  <select id="selectByDealNo" resultMap="BaseResultMap" parameterType="map" >
    select 
    <include refid="Base_Column_List" />
    from price_list
    <where>
      <if test="dealNo != null" >
        deal_no = #{dealNo, jdbcType=VARCHAR}
      </if>
      <if test="userId != null" >
        and user_id = #{userId, jdbcType=VARCHAR}
      </if>
      <if test="itCode != null" >
        and itcode = #{itCode, jdbcType=VARCHAR}
      </if>
    </where>
  </select>
  
  <!-- and member_no = #{memberNo, jdbcType=VARCHAR} -->  
  
  <delete id="deleteByPrimaryKey" parameterType="java.lang.Long" >
    delete from price_list
    where id = #{id,jdbcType=BIGINT}
  </delete>
  <insert id="insert" parameterType="com.lenovo.m2.hsbuy.domain.pricelist.PriceList" >
    insert into price_list (id, deal_no, expire_date, 
      sale_organization, itcode, member_no, 
      total_price, payee, opening_bank, 
      account_number, is_created_order, audit_file, 
      buyer_name, buyer_address, buyer_zip, 
      buyer_phone,buyer_contacts,buyer_tele, custom_manager, cm_phone,
      cm_fax, create_time,
      update_time,user_id,shop_id,currency_code)
    values (#{id,jdbcType=BIGINT}, #{dealNo,jdbcType=VARCHAR}, #{expireDate,jdbcType=TIMESTAMP}, 
      #{saleOrganization,jdbcType=VARCHAR}, #{itcode,jdbcType=VARCHAR}, #{memberNo,jdbcType=VARCHAR}, 
      #{totalPrice,jdbcType=DECIMAL}, #{payee,jdbcType=VARCHAR}, #{openingBank,jdbcType=VARCHAR}, 
      #{accountNumber,jdbcType=VARCHAR}, #{isCreatedOrder,jdbcType=BIT}, #{auditFile,jdbcType=VARCHAR}, 
      #{buyerName,jdbcType=VARCHAR}, #{buyerAddress,jdbcType=VARCHAR}, #{buyerZip,jdbcType=VARCHAR}, 
      #{buyerPhone,jdbcType=VARCHAR},#{buyerContacts,jdbcType=VARCHAR},#{buyerTele,jdbcType=VARCHAR}, #{customManager,jdbcType=VARCHAR}, #{cmPhone,jdbcType=VARCHAR},
      #{cmFax,jdbcType=VARCHAR}, #{createTime,jdbcType=TIMESTAMP}, 
      #{updateTime,jdbcType=TIMESTAMP}, #{userId,jdbcType=VARCHAR},#{shopId,jdbcType=INTEGER},#{currencyCode,jdbcType=VARCHAR})
  </insert>
  <insert id="insertSelective" parameterType="com.lenovo.m2.hsbuy.domain.pricelist.PriceList" useGeneratedKeys="true" keyProperty="id">
    insert into price_list
    <trim prefix="(" suffix=")" suffixOverrides="," >
      <if test="id != null" >
        id,
      </if>
      <if test="dealNo != null" >
        deal_no,
      </if>
      <if test="expireDate != null" >
        expire_date,
      </if>
      <if test="saleOrganization != null" >
        sale_organization,
      </if>
      <if test="itcode != null" >
        itcode,
      </if>
      <if test="memberNo != null" >
        member_no,
      </if>
      <if test="totalPrice != null" >
        total_price,
      </if>
      <if test="payee != null" >
        payee,
      </if>
      <if test="openingBank != null" >
        opening_bank,
      </if>
      <if test="accountNumber != null" >
        account_number,
      </if>
      <if test="isCreatedOrder != null" >
        is_created_order,
      </if>
      <if test="auditFile != null" >
        audit_file,
      </if>
      <if test="buyerName != null" >
        buyer_name,
      </if>
      <if test="buyerAddress != null" >
        buyer_address,
      </if>
      <if test="buyerZip != null" >
        buyer_zip,
      </if>
      <if test="buyerPhone != null" >
        buyer_phone,
      </if>
        <if test="buyerContacts != null" >
            buyer_contacts,
        </if>
        <if test="buyerTele != null" >
            buyer_tele,
        </if>
      <if test="customManager != null" >
        custom_manager,
      </if>
      <if test="cmPhone != null" >
        cm_phone,
      </if>
      <if test="cmFax != null" >
        cm_fax,
      </if>
      <if test="createTime != null" >
        create_time,
      </if>
      <if test="updateTime != null" >
        update_time,
      </if>
        <if test="userId != null" >
            user_id,
        </if>
      <if test="currencyCode != null" >
        currency_code,
      </if>
      <if test="shopId != null" >
        shop_id,
      </if>
    </trim>
    <trim prefix="values (" suffix=")" suffixOverrides="," >
      <if test="id != null" >
        #{id,jdbcType=BIGINT},
      </if>
      <if test="dealNo != null" >
        #{dealNo,jdbcType=VARCHAR},
      </if>
      <if test="expireDate != null" >
        #{expireDate,jdbcType=TIMESTAMP},
      </if>
      <if test="saleOrganization != null" >
        #{saleOrganization,jdbcType=VARCHAR},
      </if>
      <if test="itcode != null" >
        #{itcode,jdbcType=VARCHAR},
      </if>
      <if test="memberNo != null" >
        #{memberNo,jdbcType=VARCHAR},
      </if>
      <if test="totalPrice != null" >
        #{totalPrice,jdbcType=DECIMAL},
      </if>
      <if test="payee != null" >
        #{payee,jdbcType=VARCHAR},
      </if>
      <if test="openingBank != null" >
        #{openingBank,jdbcType=VARCHAR},
      </if>
      <if test="accountNumber != null" >
        #{accountNumber,jdbcType=VARCHAR},
      </if>
      <if test="isCreatedOrder != null" >
        #{isCreatedOrder,jdbcType=BIT},
      </if>
      <if test="auditFile != null" >
        #{auditFile,jdbcType=VARCHAR},
      </if>
      <if test="buyerName != null" >
        #{buyerName,jdbcType=VARCHAR},
      </if>
      <if test="buyerAddress != null" >
        #{buyerAddress,jdbcType=VARCHAR},
      </if>
      <if test="buyerZip != null" >
        #{buyerZip,jdbcType=VARCHAR},
      </if>
      <if test="buyerPhone != null" >
        #{buyerPhone,jdbcType=VARCHAR},
      </if>
        <if test="buyerContacts != null" >
            #{buyerContacts,jdbcType=VARCHAR},
        </if>
        <if test="buyerTele != null" >
            #{buyerTele,jdbcType=VARCHAR},
        </if>
      <if test="customManager != null" >
        #{customManager,jdbcType=VARCHAR},
      </if>
      <if test="cmPhone != null" >
        #{cmPhone,jdbcType=VARCHAR},
      </if>
      <if test="cmFax != null" >
        #{cmFax,jdbcType=VARCHAR},
      </if>
      <if test="createTime != null" >
        #{createTime,jdbcType=TIMESTAMP},
      </if>
      <if test="updateTime != null" >
        #{updateTime,jdbcType=TIMESTAMP},
      </if>
        <if test="userId != null" >
            #{userId,jdbcType=VARCHAR},
        </if>
      <if test="currencyCode != null" >
        #{currencyCode,jdbcType=VARCHAR},
      </if>
      <if test="shopId != null" >
        #{shopId,jdbcType=INTEGER},
      </if>
    </trim>
  </insert>
  <update id="updateByPrimaryKeySelective" parameterType="com.lenovo.m2.hsbuy.domain.pricelist.PriceList" >
    update price_list
    <set >
      <if test="dealNo != null" >
        deal_no = #{dealNo,jdbcType=VARCHAR},
      </if>
      <if test="expireDate != null" >
        expire_date = #{expireDate,jdbcType=TIMESTAMP},
      </if>
      <if test="saleOrganization != null" >
        sale_organization = #{saleOrganization,jdbcType=VARCHAR},
      </if>
      <if test="itcode != null" >
        itcode = #{itcode,jdbcType=VARCHAR},
      </if>
      <if test="memberNo != null" >
        member_no = #{memberNo,jdbcType=VARCHAR},
      </if>
      <if test="totalPrice != null" >
        total_price = #{totalPrice,jdbcType=DECIMAL},
      </if>
      <if test="payee != null" >
        payee = #{payee,jdbcType=VARCHAR},
      </if>
      <if test="openingBank != null" >
        opening_bank = #{openingBank,jdbcType=VARCHAR},
      </if>
      <if test="accountNumber != null" >
        account_number = #{accountNumber,jdbcType=VARCHAR},
      </if>
      <if test="isCreatedOrder != null" >
        is_created_order = #{isCreatedOrder,jdbcType=BIT},
      </if>
      <if test="auditFile != null" >
        audit_file = #{auditFile,jdbcType=VARCHAR},
      </if>
      <if test="buyerName != null" >
        buyer_name = #{buyerName,jdbcType=VARCHAR},
      </if>
      <if test="buyerAddress != null" >
        buyer_address = #{buyerAddress,jdbcType=VARCHAR},
      </if>
      <if test="buyerZip != null" >
        buyer_zip = #{buyerZip,jdbcType=VARCHAR},
      </if>
      <if test="buyerPhone != null" >
        buyer_phone = #{buyerPhone,jdbcType=VARCHAR},
      </if>
        <if test="buyerContacts != null" >
            buyer_contacts = #{buyerContacts,jdbcType=VARCHAR},
        </if>
        <if test="buyerTele != null" >
            buyer_tele = #{buyerTele,jdbcType=VARCHAR},
        </if>
      <if test="customManager != null" >
        custom_manager = #{customManager,jdbcType=VARCHAR},
      </if>
      <if test="cmPhone != null" >
        cm_phone = #{cmPhone,jdbcType=VARCHAR},
      </if>
      <if test="cmFax != null" >
        cm_fax = #{cmFax,jdbcType=VARCHAR},
      </if>
      <if test="createTime != null" >
        create_time = #{createTime,jdbcType=TIMESTAMP},
      </if>
      <if test="updateTime != null" >
        update_time = #{updateTime,jdbcType=TIMESTAMP},
      </if>
        <if test="userId != null" >
            user_id = #{userId,jdbcType=VARCHAR},
        </if>
    </set>
    where id = #{id,jdbcType=BIGINT}
  </update>
  <update id="updateByPrimaryKey" parameterType="com.lenovo.m2.hsbuy.domain.pricelist.PriceList" >
    update price_list
    set deal_no = #{dealNo,jdbcType=VARCHAR},
      expire_date = #{expireDate,jdbcType=TIMESTAMP},
      sale_organization = #{saleOrganization,jdbcType=VARCHAR},
      itcode = #{itcode,jdbcType=VARCHAR},
      member_no = #{memberNo,jdbcType=VARCHAR},
      total_price = #{totalPrice,jdbcType=DECIMAL},
      payee = #{payee,jdbcType=VARCHAR},
      opening_bank = #{openingBank,jdbcType=VARCHAR},
      account_number = #{accountNumber,jdbcType=VARCHAR},
      is_created_order = #{isCreatedOrder,jdbcType=BIT},
      audit_file = #{auditFile,jdbcType=VARCHAR},
      buyer_name = #{buyerName,jdbcType=VARCHAR},
      buyer_address = #{buyerAddress,jdbcType=VARCHAR},
      buyer_zip = #{buyerZip,jdbcType=VARCHAR},
      buyer_phone = #{buyerPhone,jdbcType=VARCHAR},
      buyer_contacts = #{buyerContacts,jdbcType=VARCHAR},
      buyer_tele = #{buyerTele,jdbcType=VARCHAR},
      custom_manager = #{customManager,jdbcType=VARCHAR},
      cm_phone = #{cmPhone,jdbcType=VARCHAR},
      cm_fax = #{cmFax,jdbcType=VARCHAR},
      create_time = #{createTime,jdbcType=TIMESTAMP},
      update_time = #{updateTime,jdbcType=TIMESTAMP},
      user_id = #{userId,jdbcType=VARCHAR}
    where id = #{id,jdbcType=BIGINT}
  </update>
  
  
  <update id="updateToOrdered">
    update price_list
    set is_created_order = 1
    where deal_no = #{dealNo,jdbcType=VARCHAR} and user_id = #{userId,jdbcType=VARCHAR}
  </update>

  <update id="updateOrderWaitToCheck">
    update price_list
    set is_created_order = 2
    where deal_no = #{dealNo,jdbcType=VARCHAR} and user_id = #{userId,jdbcType=VARCHAR}
  </update>
  
  
</mapper>