<?xml version="1.0" encoding="UTF-8" ?>
<!DOCTYPE mapper PUBLIC "-//mybatis.org//DTD Mapper 3.0//EN" "http://mybatis.org/dtd/mybatis-3-mapper.dtd" >
<mapper namespace="com.lenovo.m2.hsbuy.dao.pricelist.PriceListAddressMapper" >
    <resultMap id="BaseResultMap" type="com.lenovo.m2.hsbuy.domain.pricelist.PriceListAddress" >
        <id column="id" property="id" jdbcType="BIGINT" />
        <result column="deliver_name" property="deliverName" jdbcType="VARCHAR" />
        <result column="deliver_province" property="deliverProvince" jdbcType="VARCHAR" />
        <result column="deliver_city" property="deliverCity" jdbcType="VARCHAR" />
        <result column="deliver_county" property="deliverCounty" jdbcType="VARCHAR" />
        <result column="deliver_tower_ship" property="deliverTowerShip" jdbcType="VARCHAR" />
        <result column="deliver_Stree" property="deliverStree" jdbcType="VARCHAR" />
        <result column="zip" property="zip" jdbcType="CHAR" />
        <result column="deliver_mobile" property="deliverMobile" jdbcType="CHAR" />
        <result column="deliver_tele" property="deliverTele" jdbcType="CHAR" />
    </resultMap>
    <sql id="Base_Column_List" >
        id, deliver_name, deliver_province, deliver_city, deliver_county, deliver_tower_ship,
        deliver_Stree, zip, deliver_mobile, deliver_tele
    </sql>
    <select id="selectByPrimaryKey" resultMap="BaseResultMap" parameterType="java.lang.Long" >
        select
        <include refid="Base_Column_List" />
        from price_list_address
        where id = #{id,jdbcType=BIGINT}
    </select>
    <delete id="deleteByPrimaryKey" parameterType="java.lang.Long" >
        delete from price_list_address
        where id = #{id,jdbcType=BIGINT}
    </delete>
    <insert id="insert" parameterType="com.lenovo.m2.hsbuy.domain.pricelist.PriceListAddress" useGeneratedKeys="true" keyProperty="id">
        insert into price_list_address (id, deliver_name, deliver_province,
        deliver_city, deliver_county, deliver_tower_ship,
        deliver_Stree, zip, deliver_mobile,
        deliver_tele)
        values (#{id,jdbcType=BIGINT}, #{deliverName,jdbcType=VARCHAR}, #{deliverProvince,jdbcType=VARCHAR},
        #{deliverCity,jdbcType=VARCHAR}, #{deliverCounty,jdbcType=VARCHAR}, #{deliverTowerShip,jdbcType=VARCHAR},
        #{deliverStree,jdbcType=VARCHAR}, #{zip,jdbcType=CHAR}, #{deliverMobile,jdbcType=CHAR},
        #{deliverTele,jdbcType=CHAR})
    </insert>
    <insert id="insertSelective" parameterType="com.lenovo.m2.hsbuy.domain.pricelist.PriceListAddress" useGeneratedKeys="true" keyProperty="id">
        insert into price_list_address
        <trim prefix="(" suffix=")" suffixOverrides="," >
            <if test="id != null" >
                id,
            </if>
            <if test="deliverName != null" >
                deliver_name,
            </if>
            <if test="deliverProvince != null" >
                deliver_province,
            </if>
            <if test="deliverCity != null" >
                deliver_city,
            </if>
            <if test="deliverCounty != null" >
                deliver_county,
            </if>
            <if test="deliverTowerShip != null" >
                deliver_tower_ship,
            </if>
            <if test="deliverStree != null" >
                deliver_Stree,
            </if>
            <if test="zip != null" >
                zip,
            </if>
            <if test="deliverMobile != null" >
                deliver_mobile,
            </if>
            <if test="deliverTele != null" >
                deliver_tele,
            </if>
        </trim>
        <trim prefix="values (" suffix=")" suffixOverrides="," >
            <if test="id != null" >
                #{id,jdbcType=BIGINT},
            </if>
            <if test="deliverName != null" >
                #{deliverName,jdbcType=VARCHAR},
            </if>
            <if test="deliverProvince != null" >
                #{deliverProvince,jdbcType=VARCHAR},
            </if>
            <if test="deliverCity != null" >
                #{deliverCity,jdbcType=VARCHAR},
            </if>
            <if test="deliverCounty != null" >
                #{deliverCounty,jdbcType=VARCHAR},
            </if>
            <if test="deliverTowerShip != null" >
                #{deliverTowerShip,jdbcType=VARCHAR},
            </if>
            <if test="deliverStree != null" >
                #{deliverStree,jdbcType=VARCHAR},
            </if>
            <if test="zip != null" >
                #{zip,jdbcType=CHAR},
            </if>
            <if test="deliverMobile != null" >
                #{deliverMobile,jdbcType=CHAR},
            </if>
            <if test="deliverTele != null" >
                #{deliverTele,jdbcType=CHAR},
            </if>
        </trim>
    </insert>
    <update id="updateByPrimaryKeySelective" parameterType="com.lenovo.m2.hsbuy.domain.pricelist.PriceListAddress" >
        update price_list_address
        <set >
            <if test="deliverName != null" >
                deliver_name = #{deliverName,jdbcType=VARCHAR},
            </if>
            <if test="deliverProvince != null" >
                deliver_province = #{deliverProvince,jdbcType=VARCHAR},
            </if>
            <if test="deliverCity != null" >
                deliver_city = #{deliverCity,jdbcType=VARCHAR},
            </if>
            <if test="deliverCounty != null" >
                deliver_county = #{deliverCounty,jdbcType=VARCHAR},
            </if>
            <if test="deliverTowerShip != null" >
                deliver_tower_ship = #{deliverTowerShip,jdbcType=VARCHAR},
            </if>
            <if test="deliverStree != null" >
                deliver_Stree = #{deliverStree,jdbcType=VARCHAR},
            </if>
            <if test="zip != null" >
                zip = #{zip,jdbcType=CHAR},
            </if>
            <if test="deliverMobile != null" >
                deliver_mobile = #{deliverMobile,jdbcType=CHAR},
            </if>
            <if test="deliverTele != null" >
                deliver_tele = #{deliverTele,jdbcType=CHAR},
            </if>
        </set>
        where id = #{id,jdbcType=BIGINT}
    </update>
    <update id="updateByPrimaryKey" parameterType="com.lenovo.m2.hsbuy.domain.pricelist.PriceListAddress" >
        update price_list_address
        set deliver_name = #{deliverName,jdbcType=VARCHAR},
        deliver_province = #{deliverProvince,jdbcType=VARCHAR},
        deliver_city = #{deliverCity,jdbcType=VARCHAR},
        deliver_county = #{deliverCounty,jdbcType=VARCHAR},
        deliver_tower_ship = #{deliverTowerShip,jdbcType=VARCHAR},
        deliver_Stree = #{deliverStree,jdbcType=VARCHAR},
        zip = #{zip,jdbcType=CHAR},
        deliver_mobile = #{deliverMobile,jdbcType=CHAR},
        deliver_tele = #{deliverTele,jdbcType=CHAR}
        where id = #{id,jdbcType=BIGINT}
    </update>
</mapper>