<?xml version="1.0" encoding="UTF-8" ?>
<!DOCTYPE mapper
        PUBLIC "-//mybatis.org//DTD Mapper 3.0//EN"
        "http://mybatis.org/dtd/mybatis-3-mapper.dtd">

<mapper namespace="com.lenovo.m2.hsbuy.dao.integral.CouponAndIntegralInfoDao">

    <insert id="addCouponInfo" parameterType="com.lenovo.m2.hsbuy.domain.integral.CouponAndIntegralInfo">
        insert into integral_coupon
            (coupon_id,
            coupon_name,
            coupon_money,
            fromtime,
            totime,
            use_scope,
            platform,
            getstarttime,
            getendtime,
            integral_number,
            maxnumber,
            create_id,
            create_time,
            update_id,
            update_time,
            state)
        values
            (#{couponId},
            #{couponName},
            #{couponMoney},
            #{fromtime},
            #{totime},
            #{useScope},
            #{platform},
            #{getstarttime},
            #{getendtime},
            #{integralNum},
            #{maxNum},
            #{createId},
            #{createtime},
            #{updateId},
            #{updatetime},
            #{state})
    </insert>

    <sql id="allColumn">
        coupon_id,coupon_name,coupon_money,fromtime,totime,use_scope,platform,
        getstarttime,getendtime,integral_number,maxnumber,create_id,create_time,
        update_id,update_time,state,currencyCode
    </sql>

    <select id="getCouponInfo" parameterType="java.lang.String" resultMap="couponInfoResultMap">
        SELECT
          <include refid="allColumn"/>
        FROM integral_coupon
        WHERE coupon_id=#{couponId}
    </select>

    <select id="getAllCouponInfo" parameterType="com.lenovo.m2.hsbuy.domain.integral.CouponAndIntegralInfo" resultMap="couponInfoResultMap">
        SELECT
          <include refid="allColumn"/>
        FROM integral_coupon
        WHERE #{date} BETWEEN getstarttime AND getendtime AND state=1
        ORDER BY update_time DESC
    </select>

    <select id="getCouponInfoByPage" parameterType="com.lenovo.m2.hsbuy.domain.integral.CouponAndIntegralInfo" resultMap="couponInfoResultMap">
        SELECT
          <include refid="allColumn"/>
        FROM integral_coupon
        <where>
            <if test="param2.couponId!=null and param2.couponId!=''">
                and coupon_id=#{param2.couponId}
            </if>
            <if test="param2.couponName!=null and param2.couponName!=''">
                <![CDATA[ and coupon_name like '%${param2.couponName}%' ]]>
            </if>
            <if test="param2.couponMoney!=null and param2.couponMoney!=''">
                and coupon_money=#{param2.couponMoney}
            </if>
            <if test="param2.integralNum!=null and param2.integralNum!=''">
                and integral_number=#{param2.integralNum}
            </if>
            <if test="param2.fromtime!=null and param2.fromtime!=''">
                and fromtime>#{param2.fromtime}
            </if>
            <if test="param2.totime!=null and param2.totime!=''">
                <![CDATA[ and totime<#{param2.totime} ]]>
            </if>
            <if test="param2.getstarttime!=null and param2.getstarttime!=''">
                and getstarttime>#{param2.getstarttime}
            </if>
            <if test="param2.getendtime!=null and param2.getendtime!=''">
                <![CDATA[ and getendtime<#{param2.getendtime} ]]>
            </if>
        </where>
        ORDER BY update_time DESC
    </select>

    <resultMap id="couponInfoResultMap" type="com.lenovo.m2.hsbuy.domain.integral.CouponAndIntegralInfo">
        <id column="coupon_id" property="couponId"/>
        <result column="coupon_name" property="couponName"/>
        <result column="coupon_money" property="couponMoney" jdbcType="DECIMAL" javaType="com.lenovo.m2.arch.framework.domain.Money"/>
        <result column="fromtime" property="fromtime"/>
        <result column="totime" property="totime"/>
        <result column="use_scope" property="useScope"/>
        <result column="platform" property="platform"/>
        <result column="getstarttime" property="getstarttime"/>
        <result column="getendtime" property="getendtime"/>
        <result column="integral_number" property="integralNum"/>
        <result column="maxnumber" property="maxNum"/>
        <result column="create_id" property="createId"/>
        <result column="create_time" property="createtime"/>
        <result column="update_id" property="updateId"/>
        <result column="update_time" property="updatetime"/>
        <result column="state" property="state"/>
        <result column="currencyCode" property="currencyCode"/>
    </resultMap>

    <update id="updateCouponInfo" parameterType="com.lenovo.m2.hsbuy.domain.integral.CouponAndIntegralInfo">
        UPDATE integral_coupon
        <set>
            <if test="integralNum!=null">integral_number=#{integralNum},</if>
            <if test="state!=null">state=#{state},</if>
            <if test="updateId!=null">update_id=#{updateId},</if>
            <if test="updatetime!=null">update_time=#{updatetime},</if>
        </set>
        WHERE coupon_id=#{couponId}
    </update>

</mapper>