<?xml version="1.0" encoding="UTF-8" ?>
<!DOCTYPE mapper
        PUBLIC "-//mybatis.org//DTD Mapper 3.0//EN"
        "http://mybatis.org/dtd/mybatis-3-mapper.dtd">

<mapper namespace="com.lenovo.m2.hsbuy.dao.integral.ExchangeCouponRecordDao">

    <insert id="addExchangeRecord" parameterType="com.lenovo.m2.hsbuy.domain.integral.ExchangeCouponRecord">
        insert into integral_exchange
            (id,
            agentId,
            integral_number,
            exchange_time,
            coupon_id,
            coupon_name,
            coupon_money,
            agentCode)
        values
            (#{uuid},
            #{agentId},
            #{integralNum},
            #{exchangetime},
            #{couponId},
            #{couponName},
            #{couponMoney},
            #{agentCode})
    </insert>

    <delete id="deleteExchangeRecord" parameterType="java.lang.String">
        DELETE FROM integral_exchange WHERE id=#{uuid}
    </delete>

    <select id="getExchangeRecord" parameterType="java.lang.String" resultMap="exchangeRecordResultMap">
        SELECT id,agentId,integral_number,exchange_time,coupon_id,coupon_name,coupon_money,currencyCode,agentCode
        FROM integral_exchange
        WHERE id=#{uuid}
    </select>

    <select id="getExchangeRecordByPage" parameterType="com.lenovo.m2.hsbuy.domain.integral.ExchangeCouponRecord" resultMap="exchangeRecordResultMap">
        SELECT id,agentId,integral_number,exchange_time,coupon_id,coupon_name,coupon_money,currencyCode,agentCode
        FROM integral_exchange
        WHERE agentId=#{agentId} AND agentCode=#{agentCode}
        <if test="begintime!=null"> AND exchange_time>#{begintime}</if>
        <if test="endtime!=null"> AND exchange_time&lt;#{endtime}</if>
        ORDER BY exchange_time DESC
    </select>

    <resultMap id="exchangeRecordResultMap" type="com.lenovo.m2.hsbuy.domain.integral.ExchangeCouponRecord">
        <id column="id" property="uuid"/>
        <result column="agentId" property="agentId"/>
        <result column="integral_number" property="integralNum"/>
        <result column="exchange_time" property="exchangetime"/>
        <result column="coupon_id" property="couponId"/>
        <result column="coupon_name" property="couponName"/>
        <result column="coupon_money" property="couponMoney" jdbcType="DECIMAL" javaType="com.lenovo.m2.arch.framework.domain.Money"/>
        <result column="currencyCode" property="currencyCode"/>
        <result column="agentCode" property="agentCode"/>
    </resultMap>

</mapper>