<?xml version="1.0" encoding="UTF-8" ?>
<!DOCTYPE mapper PUBLIC "-//mybatis.org//DTD Mapper 3.0//EN" "http://mybatis.org/dtd/mybatis-3-mapper.dtd" >
<mapper namespace="com.lenovo.m2.hsbuy.dao.middleware.OrderMainOfPipelineDao">
    
    <select id="queryOrderByOrderCode" resultType="com.lenovo.m2.hsbuy.domain.order.OrderMain">
        select * from OrderMain where OrderCode = #{orderCode}
    </select>
    <select id="queryOrderByOrderId" resultType="com.lenovo.m2.hsbuy.domain.order.OrderMain">
        select * from OrderMain where Id = #{orderId}
    </select>
    <select id="queryOrderById" resultType="com.lenovo.m2.hsbuy.domain.order.OrderMain">
        select * from OrderMain where OrderCode = #{orderCode}
    </select>
    <select id="queryMOrderByOrderCode" resultType="com.lenovo.m2.hsbuy.domain.order.OrderMain">
        select *, i.FAType FAType from m_OrderMain o left outer join m_orderitem i on o.OrderCode=i.OrderId where o.OrderCode = #{orderCode} limit 1
    </select>
    
    <select id="queryMOrderFullByOrderCode" resultType="com.lenovo.m2.hsbuy.domain.order.OrderMain">
        select o.* from m_OrderMain o where o.OrderCode = #{orderCode}
    </select>
    
    <select id="queryMOrders" resultType="com.lenovo.m2.hsbuy.domain.order.OrderMain">
        select * from m_OrderMain where lenovoId = #{lenovoId} and PayStatus=0 and OrderStatus=0
        limit #{offset}, #{pageSize}
    </select>
    
    <!-- 查询礼品卡使用列表，根据子订单号关联主订单号查询，OrderCoupons中的orderid是主订单号，因为存在一个主订单使用多张礼品卡情况 -->
    <select id="queryCashCardsOfOrder" resultType="com.lenovo.m2.hsbuy.domain.order.OrderCoupons">
        select c.CouponCode, c.CouponAmount, c.CostAmount
        from OrderMain o, OrderCoupons c
        where o.OrderCode=#{orderCode} and o.ID=c.OrderId and c.Category=10
    </select>
    
    <!-- 查询优惠劵使用列表，根据子订单号查询，OrderCoupons中的orderid是子订单号，因为在拆单的时候就将优惠劵拆到了子订单中，且优惠劵一个订单可以使用多个优惠劵 -->
    <select id="queryCouponOfOrder" resultType="java.lang.String">
        select DISTINCT c.CouponCode
        from OrderCoupons c
        where c.OrderId=#{orderCode} and c.Category!=10
    </select>
    
    <!-- 查询优惠码使用列表，根据子订单号查询，OrderCouponCode中的orderid是子订单号，因为在拆单的时候就将优惠码拆到了子订单中，且优惠码一个订单只能使用一个 -->
    <select id="queryCouponCodeOfOrder" resultType="java.lang.String">
        select c.CouponCode
        from OrderCouponCode c
        where c.OrderId=#{orderCode}
    </select>
    
    <!-- 一拆，查询优惠劵使用列表，根据子订单号查询，OrderCoupons中的orderid是子订单号，因为在拆单的时候就将优惠劵拆到了子订单中，且优惠劵一个订单可以使用多个优惠劵 -->
    <select id="queryCouponOfMOrder" resultType="java.lang.String">
        select DISTINCT c.CouponCode
        from m_OrderCoupons c
        where c.OrderId=#{orderCode} and c.Category!=10
    </select>
    <!-- 一拆，查询优惠劵使用列表，根据子订单号查询，OrderCoupons中的orderid是子订单号，因为在拆单的时候就将优惠劵拆到了子订单中，且优惠劵一个订单可以使用多个优惠劵 -->
    <select id="queryCouponOfMOrderHS" resultType="java.lang.String">
        select DISTINCT c.CouponCode
        from m_OrderCoupons c
        where c.OrderId=#{orderCode}
    </select>
    
    <!-- 一拆，查询优惠码使用列表，根据子订单号查询，OrderCouponCode中的orderid是子订单号，因为在拆单的时候就将优惠码拆到了子订单中，且优惠码一个订单只能使用一个 -->
    <select id="queryCouponCodeOfMOrder" resultType="java.lang.String">
        select c.CouponCode
        from m_OrderCouponCode c
        where c.OrderId=#{orderCode}
    </select>
    
    <select id="queryProduct" resultType="com.lenovo.m2.hsbuy.domain.order.mongo.Product">
        select i.code productCode, i.num productNumber
        from OrderItem i
        where i.OrderId=#{orderCode}
    </select>
    
    
    <update id="updateMOrderMainAuditStatus">
        UPDATE
        m_ordermain
        SET
        PactUrl=#{mOrderMain.pactUrl},
        AuditStatus=#{mOrderMain.auditStatus},
        UpdateTime=now()
        WHERE
        OrderCode=#{mOrderMain.orderCode}
        and auditStatus =#{beforeAuditStatus}
    </update>
    
    <update id="rollBackMOrderMainAuditStatus">
        UPDATE
        m_ordermain
        SET
        AuditStatus=#{mOrderMain.auditStatus},
        UpdateTime=now()
        WHERE
        OrderCode=#{mOrderMain.orderCode}
    </update>
    
    
    <update id="updateOrderMainTransferStatus">
        UPDATE
        OrderMain
        SET
        IsTranferSuccess = #{tranferSuccessAfter}
        WHERE
        OrderCode = #{orderCode} and IsTranferSuccess=#{tranferSuccessBefore}
    </update>
</mapper>