<?xml version="1.0" encoding="UTF-8"?>
<!DOCTYPE mapper PUBLIC "-//mybatis.org//DTD Mapper 3.0//EN"
        "http://mybatis.org/dtd/mybatis-3-mapper.dtd">
<mapper namespace="com.lenovo.m2.hsbuy.dao.ordercenter.OrderQueryMapper">
    <select id="getHSOrderReportlist" resultType="com.lenovo.m2.hsbuy.domain.ordercenter.HSReportVo" >
        select
            m.orderCode AS id ,
            m.TotalCost,
            m.AccountType,
            m.FaCode,
            m.FAName,
            m.lenovoId,
            m.BuyerCode,
            m.TotalPay-m.PayPoint/10 AS TotalPay,
            m.CreditLine,
            m.CouponsDiscount AS CashVoucher,
            p.Payment AS Payment,
            m.PayOrderNo AS BankTraceNo,
            m.PactUrl,
            m.CreateTime,
            m.CurrencyCode,
            m.PayPoint/10 AS PayPoint,
            m.payTime,
            m.pactCode,
            o.invoiceTypeId,
            o.invoiceContent
        FROM OrderMain m
        left JOIN orderpay p
        ON  m.id = p.orderId
        LEFT JOIN orderinvoice o
        ON m.ID = o.OrderId
        where 1=1 and m.shopId = 14
        <if test="conditions.faIds!=null">
            and m.FaId in
            <foreach item="faId" index="index" collection="conditions.faIds" open="(" separator="," close=")">
                #{faId}
            </foreach>
        </if>
        <if test="conditions.faCode!=null and conditions.faCode!=''">
            and m.FaCode = #{conditions.faCode}
        </if>
        <if test="conditions.faName!=null and conditions.faName!=''">
            and m.FAName = #{conditions.faName}
        </if>
        <if test="conditions.createTime_begin!=null and conditions.createTime_begin!=''">
            and m.CreateTime >= #{conditions.createTime_begin}
        </if>
        <if test="conditions.createTime_end!=null and conditions.createTime_end!=''">
            and #{conditions.createTime_end}>= m.CreateTime
        </if>
        <if test="conditions.buyerCode!=null and conditions.buyerCode!=''">
            and m.BuyerCode = #{conditions.buyerCode}
        </if>
        <if test="conditions.lenovoId!=null and conditions.lenovoId!=''">
            and m.lenovoId = #{conditions.lenovoId}
        </if>
        <if test="conditions.accountType!=null and conditions.accountType!=''">
            and m.AccountType = #{conditions.accountType}
        </if>
        <if test="conditions.payment!=null and conditions.payment!=''">
            and p.payment = #{conditions.payment}
        </if>
        <if test="conditions.orderId!=null and conditions.orderId!=''">
            and m.orderCode = #{conditions.orderId}
        </if>
        <if test="conditions.payOrderNo != null and conditions.payOrderNo != ''">
            and m.payOrderNo = #{conditions.payOrderNo}
        </if>
        order by m.createtime desc
    </select>

    <select id="getHSOrderReconciliationList" parameterType="map" resultType="com.lenovo.m2.hsbuy.domain.order.OrderMain">
        select
        m.ID,
        m.FAName,
        m.BuyerCode,
        m.LenovoId,
        m.TotalPay,
        m.PayTime,
        m.CurrencyCode currencyCode,
        m.handingFee
        from OrderMain m
        inner join orderpay p
        ON  m.id = p.orderId
        where m.shopId = 14 and p.payment = 32
        <if test="conditions.faIds!=null">
            and m.FaId in
            <foreach item="faId" index="index" collection="conditions.faIds" open="(" separator="," close=")">
                #{faId}
            </foreach>
        </if>
        <if test="conditions.orderId!=null and conditions.orderId!=''">
            and m.ID = #{conditions.orderId}
        </if>
        <if test="conditions.paidTime_begin!=null and conditions.paidTime_begin!=''">
            and m.PayTime >= #{conditions.paidTime_begin}
        </if>
        <if test="conditions.paidTime_end!=null and conditions.paidTime_end!=''">
            and  #{conditions.paidTime_end} >= m.PayTime
        </if>
        <if test="conditions.distributorName!=null and conditions.distributorName!=''">
            and m.FAName = #{conditions.distributorName}
        </if>
        <if test="conditions.dealerName!=null and conditions.dealerName!=''">
            and m.BuyerCode = #{conditions.dealerName}
        </if>
        order by m.createTime desc
    </select>

</mapper>