<?xml version="1.0" encoding="UTF-8" ?>
<!DOCTYPE mapper PUBLIC "-//mybatis.org//DTD Mapper 3.0//EN" "http://mybatis.org/dtd/mybatis-3-mapper.dtd" >
<mapper namespace="com.lenovo.m2.hsbuy.dao.pay.ordersoa.AccountOpTableMapper" >
  <resultMap id="BaseResultMap" type="com.lenovo.m2.hsbuy.domain.pay.ordersoa.wxpay.AccountOpTable" >
    <!--
      WARNING - @mbggenerated
      This element is automatically generated by MyBatis Generator, do not modify.
    -->
    <id column="id" property="id" jdbcType="INTEGER" />
    <result column="cust_code" property="custCode" jdbcType="VARCHAR" />
    <result column="gl_no" property="glNo" jdbcType="VARCHAR" />
    <result column="merchent_type" property="merchentType" jdbcType="INTEGER" />
  </resultMap>
  <sql id="Base_Column_List" >
    id, cust_code, gl_no, merchent_type
  </sql>
  <select id="selectByExample" resultMap="BaseResultMap" parameterType="map" >
    select
    <include refid="Base_Column_List" />
    from account_op_table where 1=1
    <if test="custCode != null" >
      and cust_code=#{custCode}
    </if>
      <if test="custCodeList != null">
          and cust_code in
          <foreach collection="custCodeList" item="item" separator="," open="(" close=")" index="index">
              #{item}
          </foreach>
      </if>
    <if test="merchentType != null" >
          and merchent_type=#{merchentType}
    </if>
  </select>

</mapper>