<?xml version="1.0" encoding="UTF-8" ?>
<!DOCTYPE mapper PUBLIC "-//mybatis.org//DTD Mapper 3.0//EN" "http://mybatis.org/dtd/mybatis-3-mapper.dtd" >
<mapper namespace="com.lenovo.m2.hsbuy.dao.pay.ordersoa.ChannelOrderMainMapper" >
    <insert id="saveChannelOrderMain" useGeneratedKeys="true" keyProperty="id"  parameterType="com.lenovo.m2.hsbuy.domain.pay.ordersoa.ChannelOrder" >
        insert into channel_order_main
        <trim prefix="(" suffix=")" suffixOverrides="," >

            <if test="orderCode != null" >
                order_code,
            </if>
            <if test="orderMainCode != null" >
                order_main_code,
            </if>
            <if test="is_main != null" >
                main_flag,
            </if>
            <if test="orderPlat != null" >
                order_plat,
            </if>
            <if test="payMoney != null" >
                pay_money,
            </if>
            <if test="vir_amount != null" >
                vir_amount,
            </if>
            <if test="orderMoney != null" >
                order_money,
            </if>
            <if test="CurrencyCode != null" >
                CurrencyCode,
            </if>
            <if test="orderFaId != null" >
                order_faid,
            </if>
            <if test="orderFaName != null" >
                order_faname,
            </if>
            <if test="payment != null" >
                payment,
            </if>
            <if test="transationId != null" >
                transation_id,
            </if>
            <if test="orderStatus != null" >
                order_status,
            </if>
            <if test="payStatus != null" >
                pay_status,
            </if>
            <if test="createDate != null" >
                order_date,
            </if>
            <if test="expirationTime != null" >
                expiration_time,
            </if>
            <if test="orgOrderCode != null" >
                org_order_code,
            </if>
            <if test="payTime != null" >
                pay_time,
            </if>
            <if test="memberCode != null" >
                member_code,
            </if>
            <if test="lenovoId != null" >
                lenovo_id,
            </if>
            <if test="source != null" >
                source,
            </if>
            <if test="isAbnormal != null" >
                isabnormal,
            </if>
            <if test="creditTotal != null" >
                credit_total,
            </if>
            <if test="orderAddType != null" >
                order_type,
            </if>
            <if test="pushTime != null" >
                push_time,
            </if>
            <if test="lastPayTime != null" >
                last_pay_time,
            </if>
            <if test="paymentWay != null" >
                payment_way,
            </if>
            <if test="terminal != null" >
                terminal,
            </if>
            <if test="shopId != null" >
                shop_id,
            </if>
            <if test="storeId != null" >
                store_id,
            </if>
            <if test="paymentTypeId != null" >
                payment_type_id,
            </if>
            <if test="smbOrderCode != null" >
                smb_order_code,
            </if>
            <if test="orderFaType != null" >
                order_fatype,
            </if>
            <if test="payMoney != null" >
                receive_money,
            </if>
            <if test="presellWay != null" >
                presell_way,
            </if>
            <if test="deposit != null" >
                deposit,
            </if>
            <if test="restPayment != null" >
                rest_payment,
            </if>
            <if test="subject != null" >
                subject,
            </if>
            <if test="phone != null" >
                phone,
            </if>
            <if test="productJson != null" >
                product_json
            </if>
        </trim>
        <trim prefix="values (" suffix=")" suffixOverrides="," >
            <if test="orderCode != null" >
                #{orderCode,jdbcType=VARCHAR},
            </if>
            <if test="orderMainCode != null" >
                #{orderMainCode,jdbcType=VARCHAR},
            </if>
            <if test="is_main != null" >
                #{is_main,jdbcType=INTEGER},
            </if>
            <if test="orderPlat != null" >
                #{orderPlat,jdbcType=VARCHAR},
            </if>
            <if test="payMoney != null" >
                #{payMoney,jdbcType=DECIMAL},
            </if>
            <if test="vir_amount != null" >
                #{vir_amount,jdbcType=DECIMAL},
            </if>
            <if test="orderMoney != null" >
                #{orderMoney,jdbcType=DECIMAL},
            </if>
            <if test="CurrencyCode != null" >
                #{CurrencyCode,jdbcType=VARCHAR},
            </if>
            <if test="orderFaId != null" >
                #{orderFaId,jdbcType=VARCHAR},
            </if>
            <if test="orderFaName != null" >
                #{orderFaName,jdbcType=VARCHAR},
            </if>
            <if test="payment != null" >
                #{payment,jdbcType=INTEGER},
            </if>
            <if test="transationId != null" >
                #{transationId,jdbcType=VARCHAR},
            </if>
            <if test="orderStatus != null" >
                #{orderStatus,jdbcType=INTEGER},
            </if>
            <if test="payStatus != null" >
                #{payStatus,jdbcType=INTEGER},
            </if>
            <if test="createDate != null" >
                #{createDate,jdbcType=VARCHAR},
            </if>
            <if test="expirationTime != null" >
                #{expirationTime,jdbcType=VARCHAR},
            </if>
            <if test="orgOrderCode != null" >
                #{orgOrderCode,jdbcType=VARCHAR},
            </if>
            <if test="payTime != null" >
                #{payTime,jdbcType=VARCHAR},
            </if>
            <if test="memberCode != null" >
                #{memberCode,jdbcType=VARCHAR},
            </if>
            <if test="lenovoId != null" >
                #{lenovoId,jdbcType=VARCHAR},
            </if>
            <if test="source != null" >
                #{source,jdbcType=VARCHAR},
            </if>

            <if test="isAbnormal != null" >
                #{isAbnormal,jdbcType=VARCHAR},
            </if>
            <if test="creditTotal != null" >
                #{creditTotal,jdbcType=VARCHAR},
            </if>
            <if test="orderAddType != null" >
                #{orderAddType,jdbcType=VARCHAR},
            </if>
            <if test="pushTime != null" >
                #{pushTime,jdbcType=VARCHAR},
            </if>
            <if test="lastPayTime != null" >
                #{lastPayTime,jdbcType=VARCHAR},
            </if>
            <if test="paymentWay != null" >
                #{paymentWay,jdbcType=INTEGER},
            </if>
            <if test="terminal != null" >
                #{terminal,jdbcType=VARCHAR},
            </if>
            <if test="shopId != null" >
                #{shopId,jdbcType=VARCHAR},
            </if>
            <if test="storeId != null" >
                #{storeId,jdbcType=VARCHAR},
            </if>
            <if test="paymentTypeId != null" >
                #{paymentTypeId,jdbcType=INTEGER},
            </if>
            <if test="smbOrderCode != null" >
                #{smbOrderCode,jdbcType=VARCHAR},
            </if>
            <if test="orderFaType != null" >
                #{orderFaType,jdbcType=VARCHAR},
            </if>
            <if test="payMoney != null" >
                #{payMoney,jdbcType=DECIMAL},
            </if>
            <if test="presellWay != null" >
                #{presellWay,jdbcType=INTEGER},
            </if>
            <if test="deposit != null" >
                #{deposit,jdbcType=DECIMAL},
            </if>
            <if test="restPayment != null" >
                #{restPayment,jdbcType=DECIMAL},
            </if>
            <if test="subject != null" >
                #{subject,jdbcType=VARCHAR},
            </if>
            <if test="phone != null" >
                #{phone,jdbcType=VARCHAR},
            </if>
            <if test="productJson != null" >
                #{productJson,jdbcType=VARCHAR}
            </if>
        </trim>
    </insert>
</mapper>