<?xml version="1.0" encoding="UTF-8" ?>
<!DOCTYPE mapper PUBLIC "-//mybatis.org//DTD Mapper 3.0//EN" "http://mybatis.org/dtd/mybatis-3-mapper.dtd" >
<mapper namespace="com.lenovo.m2.hsbuy.dao.pay.ordersoa.ChannelOrderSubMapper" >
    <resultMap id="BaseResultMap" type="com.lenovo.m2.hsbuy.domain.pay.ordersoa.wxpay.ChannelOrderInfo" >
        <id column="id" property="id" jdbcType="INTEGER" />
        <result column="order_code" property="orderCode" jdbcType="VARCHAR" />
        <result column="order_main_code" property="orderMainCode" jdbcType="VARCHAR" />
        <result column="main_flag" property="mainFlag" jdbcType="INTEGER" />
        <result column="order_plat" property="orderPlat" jdbcType="VARCHAR" />
        <result column="pay_money" property="payMoney" jdbcType="DECIMAL" />
        <result column="vir_amount" property="virAmount" jdbcType="DECIMAL" />
        <result column="order_money" property="orderMoney" jdbcType="DECIMAL" />
        <result column="CurrencyCode" property="CurrencyCode" jdbcType="VARCHAR" />
        <result column="order_faid" property="orderFaid" jdbcType="VARCHAR" />
        <result column="order_faname" property="orderFaname" jdbcType="VARCHAR" />
        <result column="payment" property="payment" jdbcType="INTEGER" />
        <result column="transation_id" property="transationId" jdbcType="VARCHAR" />
        <result column="order_status" property="orderStatus" jdbcType="INTEGER" />
        <result column="pay_status" property="payStatus" jdbcType="INTEGER" />
        <result column="order_date" property="orderDate" jdbcType="VARCHAR" />
        <result column="org_order_code" property="orgOrderCode" jdbcType="VARCHAR" />
        <result column="pay_time" property="payTime" jdbcType="VARCHAR" />
        <result column="member_code" property="memberCode" jdbcType="VARCHAR" />
        <result column="lenovo_id" property="lenovoId" jdbcType="VARCHAR" />
        <result column="source" property="source" jdbcType="VARCHAR" />
        <result column="ledou_num" property="ledouNum" jdbcType="INTEGER" />
        <result column="isabnormal" property="isabnormal" jdbcType="VARCHAR" />
        <result column="credit_total" property="creditTotal" jdbcType="VARCHAR" />
        <result column="order_type" property="orderType" jdbcType="VARCHAR" />
        <result column="push_time" property="pushTime" jdbcType="VARCHAR" />
        <result column="last_pay_time" property="lastPayTime" jdbcType="VARCHAR" />
        <result column="payment_way" property="paymentWay" jdbcType="INTEGER" />
        <result column="refund_money" property="refundMoney" jdbcType="DECIMAL" />
        <result column="shop_id" property="shopId" jdbcType="VARCHAR" />
        <result column="terminal" property="terminal" jdbcType="VARCHAR" />
        <result column="store_id" property="storeId" jdbcType="VARCHAR" />
        <result column="fq_num" property="fqNum" jdbcType="INTEGER" />
        <result column="payment_type_id" property="paymentTypeId" jdbcType="INTEGER" />
        <result column="smb_order_code" property="smbOrderCode" jdbcType="VARCHAR"/>
        <result column="order_fatype" property="orderFaType" jdbcType="VARCHAR"/>
        <result column="receive_money" property="receiveMoney" jdbcType="DECIMAL" />
        <result column="presell_way" property="presellWay" jdbcType="INTEGER" />
        <result column="deposit" property="deposit" jdbcType="DECIMAL" />
        <result column="rest_payment" property="restPayment" jdbcType="DECIMAL" />
        <result column="subject" property="subject" jdbcType="VARCHAR"/>
        <result column="phone" property="phone" jdbcType="VARCHAR"/>
    </resultMap>
    <sql id="Base_Column_List" >
        id, order_code, order_main_code, main_flag, order_plat, pay_money, vir_amount, order_money,CurrencyCode,
        order_faid, order_faname, payment, transation_id, order_status, pay_status, order_date,
        org_order_code, pay_time, member_code, lenovo_id, source, ledou_num, isabnormal,last_pay_time,
        credit_total, order_type,push_time,payment_way,refund_money,shop_id,terminal,store_id,fq_num,
        payment_type_id,smb_order_code,order_fatype,receive_money,presell_way,deposit,rest_payment,subject,phone
    </sql>

    <select id="selectChannelOrderSubByExample" resultMap="BaseResultMap" parameterType="map" >
        select
        <include refid="Base_Column_List" />
        from channel_order_sub where 1=1
        <if test="orderDateS != null ">
            and pay_time &gt;= #{orderDateS}
        </if>
        <if test="orderDateE != null ">
            and pay_time  &lt; #{orderDateE}
        </if>
        <if test="mainFlag != null ">
            and main_flag = #{mainFlag}
        </if>
        <if test="payStatus != null ">
            <if test="payStatus == -1">
                and  <![CDATA[ pay_status <> 0 ]]>
            </if>
            <if test="payStatus != -1">
                and pay_status = #{payStatus}
            </if>
        </if>
        <if test="paymentWay != null ">
            and payment_way = #{paymentWay}
        </if>
        <if test="orderCode != null ">
            and order_code = #{orderCode,jdbcType=VARCHAR}
        </if>
        <if test="orderCodes!=null ">
            AND order_code in
            <foreach collection="orderCodes" item="item"  index="index" open="(" close=")" separator=",">
                #{item}
            </foreach>
        </if>
        <if test="orderCodeList!=null and orderCodeList.size!=0">
            AND order_code in
            <foreach collection="orderCodeList" item="order_code" index="index" open="(" close=")" separator=",">
                #{order_code,jdbcType=VARCHAR}
            </foreach>
        </if>
        <if test="shopId!=null">
            AND shop_id=#{shopId}
        </if>
        <if test="lenovoId!=null and lenovoId!=''">
           and lenovo_id=#{lenovoId}
        </if>
    </select>

    <insert id="insertChannelOrderSubSelective" useGeneratedKeys="true" keyProperty="id" parameterType="com.lenovo.m2.hsbuy.domain.pay.ordersoa.wxpay.ChannelOrderInfo" >
        insert into channel_order_sub
        <trim prefix="(" suffix=")" suffixOverrides="," >

            <if test="orderCode != null" >
                order_code,
            </if>
            <if test="orderMainCode != null" >
                order_main_code,
            </if>
            <if test="mainFlag != null" >
                main_flag,
            </if>
            <if test="orderPlat != null" >
                order_plat,
            </if>
            <if test="payMoney != null" >
                pay_money,
            </if>
            <if test="virAmount != null" >
                vir_amount,
            </if>
            <if test="orderMoney != null" >
                order_money,
            </if>
            <if test="CurrencyCode != null" >
                CurrencyCode,
            </if>
            <if test="orderFaid != null" >
                order_faid,
            </if>
            <if test="orderFaname != null" >
                order_faname,
            </if>
            <if test="payment != null" >
                payment,
            </if>
            <if test="transationId != null" >
                transation_id,
            </if>
            <if test="orderStatus != null" >
                order_status,
            </if>
            <if test="payStatus != null" >
                pay_status,
            </if>
            <if test="orderDate != null" >
                order_date,
            </if>
            <if test="orgOrderCode != null" >
                org_order_code,
            </if>
            <if test="payTime != null" >
                pay_time,
            </if>
            <if test="memberCode != null" >
                member_code,
            </if>
            <if test="lenovoId != null" >
                lenovo_id,
            </if>
            <if test="source != null" >
                source,
            </if>
            <if test="ledouNum != null" >
                ledou_num,
            </if>
            <if test="isabnormal != null" >
                isabnormal,
            </if>
            <if test="creditTotal != null" >
                credit_total,
            </if>
            <if test="orderType != null" >
                order_type,
            </if>
            <if test="pushTime != null" >
                push_time,
            </if>
            <if test="lastPayTime != null" >
                last_pay_time,
            </if>
            <if test="paymentWay != null" >
                payment_way,
            </if>
            <if test="refundMoney != null" >
                refund_money,
            </if>
            <if test="terminal != null" >
                terminal,
            </if>
            <if test="shopId != null" >
                shop_id,
            </if>
            <if test="storeId != null" >
                store_id,
            </if>
            <if test="paymentTypeId != null" >
                payment_type_id,
            </if>
            <if test="smbOrderCode != null" >
                smb_order_code,
            </if>
            <if test="orderFaType != null" >
                order_fatype,
            </if>
            <if test="receiveMoney != null" >
                receive_money,
            </if>
            <if test="presellWay != null" >
                presell_way,
            </if>
            <if test="deposit != null" >
                deposit,
            </if>
            <if test="restPayment != null" >
                rest_payment,
            </if>
            <if test="subject != null" >
                subject,
            </if>
            <if test="phone != null" >
                phone
            </if>
        </trim>
        <trim prefix="values (" suffix=")" suffixOverrides="," >
            <if test="orderCode != null" >
                #{orderCode,jdbcType=VARCHAR},
            </if>
            <if test="orderMainCode != null" >
                #{orderMainCode,jdbcType=VARCHAR},
            </if>
            <if test="mainFlag != null" >
                #{mainFlag,jdbcType=INTEGER},
            </if>
            <if test="orderPlat != null" >
                #{orderPlat,jdbcType=VARCHAR},
            </if>
            <if test="payMoney != null" >
                #{payMoney,jdbcType=DECIMAL},
            </if>
            <if test="virAmount != null" >
                #{virAmount,jdbcType=DECIMAL},
            </if>
            <if test="orderMoney != null" >
                #{orderMoney,jdbcType=DECIMAL},
            </if>
            <if test="CurrencyCode != null" >
                #{CurrencyCode,jdbcType=VARCHAR},
            </if>
            <if test="orderFaid != null" >
                #{orderFaid,jdbcType=VARCHAR},
            </if>
            <if test="orderFaname != null" >
                #{orderFaname,jdbcType=VARCHAR},
            </if>
            <if test="payment != null" >
                #{payment,jdbcType=INTEGER},
            </if>
            <if test="transationId != null" >
                #{transationId,jdbcType=VARCHAR},
            </if>
            <if test="orderStatus != null" >
                #{orderStatus,jdbcType=INTEGER},
            </if>
            <if test="payStatus != null" >
                #{payStatus,jdbcType=INTEGER},
            </if>
            <if test="orderDate != null" >
                #{orderDate,jdbcType=VARCHAR},
            </if>
            <if test="orgOrderCode != null" >
                #{orgOrderCode,jdbcType=VARCHAR},
            </if>
            <if test="payTime != null" >
                #{payTime,jdbcType=VARCHAR},
            </if>
            <if test="memberCode != null" >
                #{memberCode,jdbcType=VARCHAR},
            </if>
            <if test="lenovoId != null" >
                #{lenovoId,jdbcType=VARCHAR},
            </if>
            <if test="source != null" >
                #{source,jdbcType=VARCHAR},
            </if>
            <if test="ledouNum != null" >
                #{ledouNum,jdbcType=INTEGER},
            </if>
            <if test="isabnormal != null" >
                #{isabnormal,jdbcType=VARCHAR},
            </if>
            <if test="creditTotal != null" >
                #{creditTotal,jdbcType=VARCHAR},
            </if>
            <if test="orderType != null" >
                #{orderType,jdbcType=VARCHAR},
            </if>
            <if test="pushTime != null" >
                #{pushTime,jdbcType=VARCHAR},
            </if>
            <if test="lastPayTime != null" >
                #{lastPayTime,jdbcType=VARCHAR},
            </if>
            <if test="paymentWay != null" >
                #{paymentWay,jdbcType=INTEGER},
            </if>
            <if test="refundMoney != null" >
                #{refundMoney,jdbcType=DECIMAL},
            </if>
            <if test="terminal != null" >
                #{terminal,jdbcType=VARCHAR},
            </if>
            <if test="shopId != null" >
                #{shopId,jdbcType=VARCHAR},
            </if>
            <if test="storeId != null" >
                #{storeId,jdbcType=VARCHAR},
            </if>
            <if test="paymentTypeId != null" >
                #{paymentTypeId,jdbcType=INTEGER},
            </if>
            <if test="smbOrderCode != null" >
                #{smbOrderCode,jdbcType=VARCHAR},
            </if>
            <if test="orderFaType != null" >
                #{orderFaType,jdbcType=VARCHAR},
            </if>
            <if test="receiveMoney != null" >
                #{receiveMoney,jdbcType=DECIMAL},
            </if>
            <if test="presellWay != null" >
                #{presellWay,jdbcType=INTEGER},
            </if>
            <if test="deposit != null" >
                #{deposit,jdbcType=DECIMAL},
            </if>
            <if test="restPayment != null" >
                #{restPayment,jdbcType=DECIMAL},
            </if>
            <if test="subject != null" >
                #{subject,jdbcType=VARCHAR},
            </if>
            <if test="phone != null" >
                #{phone,jdbcType=VARCHAR},
            </if>
        </trim>
    </insert>


    <select id="getChannelOrderSubDetail" resultMap="BaseResultMap">
        SELECT * from channel_order_sub co
        where  co.order_code=#{orderCode}
        <if test="lenovoId != null ">
            and co.lenovo_id=#{lenovoId}
        </if>
        <if test="shopId != null ">
            and co.shop_id=#{shopId}
        </if>
        and co.main_flag=0
    </select>

    <update id="updateChannelOrderSubByOrderRefund" >
        UPDATE
        channel_order_sub
        SET  transation_id=#{transationId},
        pay_time=#{refundTime}
        WHERE  order_code=#{orderCode}
    </update>

    <select id="queryChannelOrderSubByTime" parameterType="java.util.Map"  resultMap="BaseResultMap">
        select * from channel_order_sub
        where 1=1 and main_flag=0
        <if test="createTimeS != null ">
            and pay_time &gt;= #{createTimeS}
        </if>
        <if test="createTimeE != null ">
            and pay_time  &lt; #{createTimeE}
        </if>
    </select>

    <select id="queryChannelOrderSubBytransationId" parameterType="java.util.Map"  resultMap="BaseResultMap">
        select * from channel_order_sub
        where 1=1
        <if test="transationIdList == null or transationIdList.size==0">
            and 1=2
        </if>
        <if test="transationIdList!=null and transationIdList.size!=0">
            and transation_id in
            <foreach collection="transationIdList" item="item"  index="index" open="(" close=")" separator=",">
                #{item}
            </foreach>
        </if>
    </select>

</mapper>