<?xml version="1.0" encoding="UTF-8" ?>
<!DOCTYPE mapper PUBLIC "-//mybatis.org//DTD Mapper 3.0//EN" "http://mybatis.org/dtd/mybatis-3-mapper.dtd" >
<mapper namespace="com.lenovo.m2.hsbuy.dao.pay.ordersoa.MailTypeMapper" >
  <resultMap id="BaseResultMap" type="com.lenovo.m2.hsbuy.domain.pay.ordersoa.baseInfo.MailType" >
    <!--
    映射
    -->
    <id column="id" property="id" jdbcType="INTEGER" />
    <result column="type" property="type" jdbcType="VARCHAR" />
    <result column="level" property="level" jdbcType="VARCHAR" />
    <result column="sendurl" property="sendurl" jdbcType="VARCHAR" />
    <result column="create_time" property="createTime" jdbcType="VARCHAR" />
    <result column="state" property="state" jdbcType="INTEGER" />
  </resultMap>
  <sql id="Base_Column_List" >
    <!--
    结果集
    -->
    id, type, level, sendurl, create_time, state
  </sql>
  <select id="selectMailType" resultMap="BaseResultMap" parameterType="map" >
    <!--
    条件查询
    -->
    select 
    <include refid="Base_Column_List" />
    from mail_type
    where 1=1
      <if test="id != null">
          and id=#{id}
      </if>
      <if test="type != null">
          and type=#{type}
      </if>
      <if test="state != null">
          and state=#{state}
      </if>
      <if test="level != null">
          and level=#{level}
      </if>
      order by create_time desc
  </select>

  <delete id="deleteMailType" parameterType="map" >
    <!--
    条件删除
    -->
    delete from mail_type
    where
      <if test="ids != null">
          and id in
          <foreach collection="ids" separator="," open="(" close=")" item="id">
              #{id}
          </foreach>
      </if>
      <if test="ids == null">
          1=2
      </if>
  </delete>

  <insert id="insertMailTypeSelective" parameterType="com.lenovo.m2.hsbuy.domain.pay.ordersoa.baseInfo.MailType" >
    <!--
    条件插入
    -->
    insert into mail_type
    <trim prefix="(" suffix=")" suffixOverrides="," >
      <if test="type != null" >
        type,
      </if>
      <if test="level != null" >
        level,
      </if>
      <if test="sendurl != null" >
        sendurl,
      </if>
      <if test="createTime != null" >
        create_time,
      </if>
      <if test="state != null" >
        state,
      </if>
    </trim>
    <trim prefix="values (" suffix=")" suffixOverrides="," >
      <if test="type != null" >
        #{type,jdbcType=VARCHAR},
      </if>
      <if test="level != null" >
        #{level,jdbcType=VARCHAR},
      </if>
      <if test="sendurl != null" >
        #{sendurl,jdbcType=VARCHAR},
      </if>
      <if test="createTime != null" >
        #{createTime,jdbcType=VARCHAR},
      </if>
      <if test="state != null" >
        #{state,jdbcType=INTEGER},
      </if>
    </trim>
  </insert>
  <update id="updateMailTypeSelective" parameterType="map" >
    <!--
    条件更新
    -->
    update mail_type
    <set >
      <if test="record.type != null" >
        type = #{record.type,jdbcType=VARCHAR},
      </if>
      <if test="record.level != null" >
        level = #{record.level,jdbcType=VARCHAR},
      </if>
      <if test="record.sendurl != null" >
        sendurl = #{record.sendurl,jdbcType=VARCHAR},
      </if>
      <if test="record.createTime != null" >
        create_time = #{record.createTime,jdbcType=VARCHAR},
      </if>
      <if test="record.state != null" >
        state = #{record.state,jdbcType=INTEGER},
      </if>
    </set>
    where
      <if test="param2 == null">
          1=2
      </if>
      <if test="param2 != null">
          1=1
          <if test="param2.ids != null" >
              and id in
              <foreach collection="param2.ids" separator="," open="(" close=")" item="id">
                  #{id}
              </foreach>
          </if>
          <if test="param2.state != null" >
              and state = #{param2.state,jdbcType=INTEGER}
          </if>
      </if>
  </update>

</mapper>