<?xml version="1.0" encoding="UTF-8" ?>
<!DOCTYPE mapper PUBLIC "-//mybatis.org//DTD Mapper 3.0//EN" "http://mybatis.org/dtd/mybatis-3-mapper.dtd" >
<mapper namespace="com.lenovo.m2.hsbuy.dao.pay.ordersoa.OrderTraceMapper" >
  <resultMap id="BaseResultMap" type="com.lenovo.m2.hsbuy.domain.pay.ordersoa.baseInfo.OrderTrace" >
    <!--
    -->
    <id column="id" property="id" jdbcType="INTEGER" />
    <result column="order_code" property="orderCode" jdbcType="VARCHAR" />
    <result column="order_main_code" property="orderMainCode" jdbcType="VARCHAR" />
    <result column="pay_money" property="payMoney" jdbcType="DECIMAL" />
    <result column="receive_money" property="receiveMoney" jdbcType="DECIMAL" />
    <result column="CurrencyCode" property="CurrencyCode" jdbcType="VARCHAR" />
    <result column="channel_order_id" property="channelOrderId" jdbcType="VARCHAR" />
    <result column="payment" property="payment" jdbcType="INTEGER" />
    <result column="trans_id" property="transId" jdbcType="VARCHAR" />
    <result column="pay_status" property="payStatus" jdbcType="INTEGER" />
    <result column="order_date" property="orderDate" jdbcType="VARCHAR" />
    <result column="pay_time" property="payTime" jdbcType="VARCHAR" />
    <result column="fa_id" property="faId" jdbcType="VARCHAR" />
    <result column="order_type" property="orderType" jdbcType="VARCHAR" />
    <result column="create_time" property="createTime" jdbcType="VARCHAR" />
    <result column="update_time" property="updateTime" jdbcType="VARCHAR" />
    <result column="fq_num" property="fqNum" jdbcType="INTEGER" />
    <result column="ledu_num" property="leduNum" jdbcType="INTEGER" />
    <result column="payment_way" property="paymentWay" jdbcType="INTEGER"/>
    <result column="show_trade_no" property="showTradeNo" jdbcType="VARCHAR"/>
    <result column="payment_type" property="paymentType" jdbcType="INTEGER"/>
      <result column="user_id" property="userId" jdbcType="VARCHAR"/>
      <result column="order_status" property="orderStatus" jdbcType="INTEGER"/>
      <result column="shop_id" property="shopId" jdbcType="VARCHAR"/>
      <result column="order_fa_type" property="orderFaType" jdbcType="VARCHAR"/>
      <result column="subject" property="subject" jdbcType="VARCHAR"/>
      <result column="pay_way" property="payWay" jdbcType="INTEGER"/>
      <result column="pay_flow_id" property="payFlowId" jdbcType="VARCHAR"/>
  </resultMap>
  <sql id="Base_Column_List" >
    id, order_code, order_main_code, pay_money, receive_money,CurrencyCode, channel_order_id, payment,
    trans_id, pay_status, order_date, pay_time, fa_id, order_type, create_time, update_time, 
    fq_num, ledu_num,payment_way,show_trade_no,payment_type,user_id,order_status,shopId,
    order_fa_type,subject,pay_way,pay_flow_id
  </sql>
  <select id="selectByPrimaryKey" resultMap="BaseResultMap" parameterType="java.lang.Integer" >
    select *
    from order_trace
    where id = #{id,jdbcType=INTEGER}
  </select>
  <delete id="deleteByPrimaryKey" parameterType="java.lang.Integer" >
    delete from order_trace
    where id = #{id,jdbcType=INTEGER}
  </delete>
  <insert id="insert" parameterType="com.lenovo.m2.hsbuy.domain.pay.ordersoa.baseInfo.OrderTrace" >
    insert into order_trace (id, order_code, order_main_code,
      pay_money, receive_money,CurrencyCode ,channel_order_id,payment, trans_id, pay_status,
      order_date, pay_time, fa_id,order_type, create_time, update_time,
      fq_num, ledu_num,payment_way,show_trade_no,payment_type,user_id,order_status,shop_id,
      order_fa_type,subject,pay_way,pay_flow_id )
    values (#{id,jdbcType=INTEGER}, #{orderCode,jdbcType=VARCHAR}, #{orderMainCode,jdbcType=VARCHAR}, 
      #{payMoney,jdbcType=DECIMAL}, #{receiveMoney,jdbcType=DECIMAL}, #{CurrencyCode,jdbcType=VARCHAR}, #{channelOrderId,jdbcType=VARCHAR},
      #{payment,jdbcType=INTEGER}, #{transId,jdbcType=VARCHAR}, #{payStatus,jdbcType=INTEGER}, 
      #{orderDate,jdbcType=VARCHAR}, #{payTime,jdbcType=VARCHAR}, #{faId,jdbcType=VARCHAR}, 
      #{orderType,jdbcType=VARCHAR}, #{createTime,jdbcType=VARCHAR}, #{updateTime,jdbcType=VARCHAR}, 
      #{fqNum,jdbcType=INTEGER}, #{leduNum,jdbcType=INTEGER}, #{paymentWay,jdbcType=INTEGER}, #{showTradeNo,jdbcType=VARCHAR},
       #{paymentType,jdbcType=INTEGER}, #{userId,jdbcType=VARCHAR},#{orderStatus,jdbcType=INTEGER},#{shopId,jdbcType=VARCHAR},
       #{orderFaType,jdbcType=VARCHAR},#{subject,jdbcType=VARCHAR},#{payWay,jdbcType=INTEGER},#{payFlowId,jdbcType=VARCHAR})
  </insert>
  <update id="updateByPrimaryKeySelective" parameterType="com.lenovo.m2.hsbuy.domain.pay.ordersoa.baseInfo.OrderTrace" >
    update order_trace
    <set >
      <if test="orderCode != null" >
        order_code = #{orderCode,jdbcType=VARCHAR},
      </if>
      <if test="orderMainCode != null" >
        order_main_code = #{orderMainCode,jdbcType=VARCHAR},
      </if>
      <if test="payMoney != null" >
        pay_money = #{payMoney,jdbcType=DECIMAL},
      </if>
      <if test="receiveMoney != null" >
        receive_money = #{receiveMoney,jdbcType=DECIMAL},
      </if>
      <if test="channelOrderId != null" >
        channel_order_id = #{channelOrderId,jdbcType=VARCHAR},
      </if>
      <if test="payment != null" >
        payment = #{payment,jdbcType=INTEGER},
      </if>
      <if test="transId != null" >
        trans_id = #{transId,jdbcType=VARCHAR},
      </if>
      <if test="payStatus != null" >
        pay_status = #{payStatus,jdbcType=INTEGER},
      </if>
      <if test="orderDate != null" >
        order_date = #{orderDate,jdbcType=VARCHAR},
      </if>
      <if test="payTime != null" >
        pay_time = #{payTime,jdbcType=VARCHAR},
      </if>
      <if test="faId != null" >
        fa_id = #{faId,jdbcType=VARCHAR},
      </if>
      <if test="orderType != null" >
        order_type = #{orderType,jdbcType=VARCHAR},
      </if>
      <if test="createTime != null" >
        create_time = #{createTime,jdbcType=VARCHAR},
      </if>
      <if test="updateTime != null" >
        update_time = #{updateTime,jdbcType=VARCHAR},
      </if>
      <if test="fqNum != null" >
        fq_num = #{fqNum,jdbcType=INTEGER},
      </if>
      <if test="leduNum != null" >
        ledu_num = #{leduNum,jdbcType=INTEGER},
      </if>
        <if test="paymentWay !=null " >
            payment_way = #{paymentWay,jdbcType=INTEGER},
        </if>
        <if test="showTradeNo !=null " >
            show_trade_no = #{showTradeNo,jdbcType=VARCHAR},
        </if>
        <if test="paymentType != null" >
            payment_type = #{paymentType,jdbcType=INTEGER},
        </if>
        <if test="userId != null" >
            user_id = #{userId,jdbcType=VARCHAR},
        </if>
        <if test="orderStatus != null" >
            order_status = #{orderStatus,jdbcType=INTEGER},
        </if>
        <if test="shopId != null" >
            shop_id=#{shopId,jdbcType=VARCHAR},
        </if>
        <if test="orderFaType != null" >
            order_fa_type=#{orderFaType,jdbcType=VARCHAR},
        </if>
        <if test="subject != null" >
            subject=#{subject,jdbcType=VARCHAR},
        </if>
        <if test="payWay != null" >
            pay_way=#{payWay,jdbcType=INTEGER},
        </if>
        <if test="payFlowId != null" >
            pay_flow_id=#{payFlowId,jdbcType=VARCHAR},
        </if>
    </set>
    where id = #{id,jdbcType=INTEGER}
  </update>
  <update id="updateByPrimaryKey" parameterType="com.lenovo.m2.hsbuy.domain.pay.ordersoa.baseInfo.OrderTrace" >
    update order_trace
    set order_code = #{orderCode,jdbcType=VARCHAR},
      order_main_code = #{orderMainCode,jdbcType=VARCHAR},
      pay_money = #{payMoney,jdbcType=DECIMAL},
      receive_money = #{receiveMoney,jdbcType=DECIMAL},
      channel_order_id = #{channelOrderId,jdbcType=VARCHAR},
      payment = #{payment,jdbcType=INTEGER},
      trans_id = #{transId,jdbcType=VARCHAR},
      pay_status = #{payStatus,jdbcType=INTEGER},
      order_date = #{orderDate,jdbcType=VARCHAR},
      pay_time = #{payTime,jdbcType=VARCHAR},
      fa_id = #{faId,jdbcType=VARCHAR},
      order_type = #{orderType,jdbcType=VARCHAR},
      create_time = #{createTime,jdbcType=VARCHAR},
      update_time = #{updateTime,jdbcType=VARCHAR},
      fq_num = #{fqNum,jdbcType=INTEGER},
      payment_way = #{paymentWay,jdbcType=INTEGER},
      payment_type = #{paymentType,jdbcType=INTEGER},
      show_trade_no = #{showTradeNo,jdbcType=VARCHAR},
      user_id = #{userId,jdbcType=VARCHAR},
      order_status = #{orderStatus,jdbcType=INTEGER},
      shop_id=#{shopId,jdbcType=VARCHAR},
      order_fa_type=#{orderFaType,jdbcType=VARCHAR},
      subject=#{subject,jdbcType=VARCHAR},
      pay_way=#{payWay,jdbcType=INTEGER},
      ledu_num = #{leduNum,jdbcType=INTEGER},
      pay_flow_id=#{payFlowId,jdbcType=VARCHAR}
    where id = #{id,jdbcType=INTEGER}
  </update>


    <insert id="insertOrderTraceSelective" parameterType="com.lenovo.m2.hsbuy.domain.pay.ordersoa.baseInfo.OrderTrace" >
        insert into order_trace
        <trim prefix="(" suffix=")" suffixOverrides="," >
            <if test="id != null" >
                id,
            </if>
            <if test="orderCode != null" >
                order_code,
            </if>
            <if test="orderMainCode != null" >
                order_main_code,
            </if>
            <if test="payMoney != null" >
                pay_money,
            </if>
            <if test="receiveMoney != null" >
                receive_money,
            </if>
            <if test="CurrencyCode != null" >
                CurrencyCode,
            </if>
            <if test="channelOrderId != null" >
                channel_order_id,
            </if>
            <if test="payment != null" >
                payment,
            </if>
            <if test="transId != null" >
                trans_id,
            </if>
            <if test="payStatus != null" >
                pay_status,
            </if>
            <if test="orderDate != null" >
                order_date,
            </if>
            <if test="payTime != null" >
                pay_time,
            </if>
            <if test="faId != null" >
                fa_id,
            </if>
            <if test="orderType != null" >
                order_type,
            </if>
            <if test="createTime != null" >
                create_time,
            </if>
            <if test="updateTime != null" >
                update_time,
            </if>
            <if test="paymentWay != null" >
                payment_way,
            </if>
            <if test="showTradeNo !=null " >
                show_trade_no,
            </if>
            <if test="paymentType != null" >
                payment_type,
            </if>
            <if test="userId != null" >
                user_id,
            </if>
            <if test="orderStatus != null" >
                order_status,
            </if>
            <if test="shopId != null" >
                shop_id,
            </if>
            <if test="orderFaType != null" >
                order_fa_type,
            </if>
            <if test="subject != null" >
                subject,
            </if>
            <if test="payWay != null" >
                pay_way,
            </if>
            <if test="payFlowId != null" >
                pay_flow_id,
            </if>

        </trim>
        <trim prefix="values (" suffix=")" suffixOverrides="," >
            <if test="id != null" >
                #{id,jdbcType=INTEGER},
            </if>
            <if test="orderCode != null" >
                #{orderCode,jdbcType=VARCHAR},
            </if>
            <if test="orderMainCode != null" >
                #{orderMainCode,jdbcType=VARCHAR},
            </if>
            <if test="payMoney != null" >
                #{payMoney,jdbcType=DECIMAL},
            </if>
            <if test="receiveMoney != null" >
                #{receiveMoney,jdbcType=DECIMAL},
            </if>
            <if test="CurrencyCode != null" >
                #{CurrencyCode,jdbcType=VARCHAR},
            </if>
            <if test="channelOrderId != null" >
                #{channelOrderId,jdbcType=VARCHAR},
            </if>
            <if test="payment != null" >
                #{payment,jdbcType=INTEGER},
            </if>
            <if test="transId != null" >
                #{transId,jdbcType=VARCHAR},
            </if>
            <if test="payStatus != null" >
                #{payStatus,jdbcType=INTEGER},
            </if>
            <if test="orderDate != null" >
                #{orderDate,jdbcType=VARCHAR},
            </if>
            <if test="payTime != null" >
                #{payTime,jdbcType=VARCHAR},
            </if>
            <if test="faId != null" >
                #{faId,jdbcType=VARCHAR},
            </if>
            <if test="orderType != null" >
                #{orderType,jdbcType=VARCHAR},
            </if>
            <if test="createTime != null" >
                #{createTime,jdbcType=VARCHAR},
            </if>
            <if test="updateTime != null" >
                #{updateTime,jdbcType=VARCHAR},
            </if>
            <if test="paymentWay != null" >
                #{paymentWay,jdbcType=VARCHAR},
            </if>
            <if test="showTradeNo !=null " >
                #{showTradeNo,jdbcType=VARCHAR},
            </if>
            <if test="paymentType != null" >
                #{paymentType,jdbcType=INTEGER},
            </if>
            <if test="userId != null" >
                #{userId,jdbcType=VARCHAR},
            </if>
            <if test="orderStatus != null" >
                #{orderStatus,jdbcType=INTEGER},
            </if>
            <if test="shopId != null" >
                #{shopId,jdbcType=VARCHAR},
            </if>
            <if test="orderFaType != null" >
                #{orderFaType,jdbcType=VARCHAR},
            </if>
            <if test="subject != null" >
                #{subject,jdbcType=VARCHAR},
            </if>
            <if test="payWay != null" >
                #{payWay,jdbcType=INTEGER},
            </if>
            <if test="payFlowId != null" >
                #{payFlowId,jdbcType=VARCHAR},
            </if>
        </trim>
    </insert>

    <select id="queryUnpaidOrderByOrderMainCode" resultMap="BaseResultMap" parameterType="java.util.Map" >
        select *  from order_trace
        where  1=1
        <if test="orderMainCodes != null">
            and order_main_code in
            <foreach collection="orderMainCodes" item="item" separator="," open="(" close=")" index="index">
                #{item}
            </foreach>
        </if>
        <if test="orderMainCode != null">
            and order_main_code =  #{orderMainCode}
        </if>
        <if test="orderCodes != null">
            and order_code in
            <foreach collection="orderCodes" item="item" separator="," open="(" close=")" index="index">
                #{item}
            </foreach>
        </if>
        <if test="orderCode != null">
            and order_code =  #{orderCode}
        </if>
        <if test="payStatus != null" >
            and pay_status = #{payStatus,jdbcType=INTEGER}
        </if>
        <if test="orderStatus != null" >
            and order_status = #{orderStatus,jdbcType=INTEGER}
        </if>
        <if test="transId != null" >
            and trans_id = #{transId,jdbcType=VARCHAR}
        </if>
        <if test="shopId != null" >
           and shop_id=#{shopId,jdbcType=VARCHAR}
        </if>
        <if test="payWay != null" >
           and pay_way=#{payWay,jdbcType=INTEGER}
        </if>
        <if test="userId != null" >
            and user_id = #{userId,jdbcType=VARCHAR}
        </if>
        <if test="payFlowId != null" >
           and pay_flow_id=#{payFlowId,jdbcType=VARCHAR}
        </if>
    </select>

    <select id="queryOrderTraceSelective" parameterType="java.util.Map" resultMap="BaseResultMap">
        select * from order_trace
        where
            1=1
            <if test="id != null" >
                and  id = #{id,jdbcType=INTEGER}
            </if>
            <if test="orderCode != null" >
                and order_code = #{orderCode,jdbcType=VARCHAR}
            </if>
            <if test="orderMainCode != null" >
                and order_main_code = #{orderMainCode,jdbcType=VARCHAR}
            </if>
            <if test="orderCodeList != null">
                and order_code in
                <foreach collection="orderCodeList" item="item" separator="," open="(" close=")" index="index">
                    #{item}
                </foreach>
            </if>
            <if test="orderMainCodes != null">
                and order_main_code in
                <foreach collection="orderMainCodes" item="item" separator="," open="(" close=")" index="index">
                    #{item}
                </foreach>
            </if>
            <if test="channelOrderId != null" >
                and  channel_order_id = #{channelOrderId,jdbcType=VARCHAR}
            </if>
            <if test="payment != null" >
                and  payment = #{payment,jdbcType=INTEGER}
            </if>
            <if test="transId != null" >
                and  trans_id = #{transId,jdbcType=VARCHAR}
            </if>
            <if test="payStatus != null" >
                and  pay_status = #{payStatus,jdbcType=INTEGER}
            </if>
            <if test="orderDate != null" >
                and  order_date = #{orderDate,jdbcType=VARCHAR}
            </if>
            <if test="payTime != null" >
                and  pay_time = #{payTime,jdbcType=VARCHAR}
            </if>
            <if test="faId != null" >
                and  fa_id = #{faId,jdbcType=VARCHAR}
            </if>
            <if test="orderType != null" >
                and  order_type = #{orderType,jdbcType=VARCHAR}
            </if>
            <if test="createTime != null" >
                and  create_time = #{createTime,jdbcType=VARCHAR}
            </if>
            <if test="updateTime != null" >
                and  update_time = #{updateTime,jdbcType=VARCHAR}
            </if>
            <if test="paymentWay != null" >
                and payment_way = #{paymentWay,jdbcType=INTEGER}
            </if>
            <if test="showTradeNo !=null " >
                and show_trade_no = #{showTradeNo,jdbcType=VARCHAR}
            </if>
            <if test="paymentType != null" >
               and payment_type = #{paymentType,jdbcType=INTEGER}
            </if>
            <if test="userId != null" >
                and user_id = #{userId,jdbcType=VARCHAR}
            </if>
            <if test="orderStatus != null" >
                and order_status = #{orderStatus,jdbcType=INTEGER}
            </if>
            <if test="shopId != null" >
                and shop_id=#{shopId,jdbcType=VARCHAR}
            </if>
            <if test="orderFaType != null" >
                and order_fa_type=#{orderFaType,jdbcType=VARCHAR}
            </if>
            <if test="payWay != null" >
                and pay_way=#{payWay,jdbcType=INTEGER}
            </if>
            <if test="payFlowId != null" >
                and pay_flow_id=#{payFlowId,jdbcType=VARCHAR}
            </if>
    </select>

    <update id="updateOrderTtraceByPayCallBack" parameterType="com.lenovo.m2.hsbuy.domain.pay.ordersoa.baseInfo.OrderTrace" >
        update order_trace
        <set >
            <if test="payStatus != null" >
                pay_status = #{payStatus,jdbcType=INTEGER},
            </if>
            <if test="orderStatus != null" >
                order_status = #{orderStatus,jdbcType=INTEGER},
            </if>
            <if test="payTime != null" >
                pay_time = #{payTime,jdbcType=VARCHAR},
            </if>
            <if test="updateTime != null" >
                update_time = #{updateTime,jdbcType=VARCHAR},
            </if>
            <if test="payment != null" >
                payment = #{payment,jdbcType=INTEGER},
            </if>
            <if test="payFlowId != null" >
                pay_flow_id=#{payFlowId,jdbcType=VARCHAR},
            </if>
        </set>
        where  id = #{id,jdbcType=INTEGER}
        <if test="orderCode != null" >
            and order_code = #{orderCode,jdbcType=VARCHAR}
        </if>
        <if test="orderMainCode != null" >
            and order_main_code = #{orderMainCode,jdbcType=VARCHAR}
        </if>
        <if test="shopId != null" >
          and   shop_id=#{shopId,jdbcType=VARCHAR}
        </if>
        <if test="transId != null" >
            and trans_id = #{transId,jdbcType=VARCHAR}
        </if>
    </update>

    <select id="selectChannelOrderForCheck" parameterType="map" resultMap="BaseResultMap">
        select  *
        from order_trace trace  where 1=1
        <if test="orderDateS != null ">
            and pay_time &gt;= #{orderDateS}
        </if>
        <if test="orderDateE != null ">
            and pay_time  &lt; #{orderDateE}
        </if>
        <if test="payStatus != null ">
            and pay_status = #{payStatus}
        </if>
        <if test="paymentWay != null ">
            and payment_way = #{paymentWay}
        </if>
        <if test="orderCodes!=null ">
            AND order_code in
            <foreach collection="orderCodes" item="item" index="index" open="(" close=")" separator=",">
                #{item}
            </foreach>
        </if>
        <if test="shopId != null" >
          and  shop_id=#{shopId,jdbcType=VARCHAR}
        </if>
        <if test="payWay != null" >
           and pay_way=#{payWay,jdbcType=INTEGER}
        </if>
        <if test="payFlowId != null" >
          and pay_flow_id=#{payFlowId,jdbcType=VARCHAR}
        </if>
    </select>

    <update id="cancelOrderTraceList">
        UPDATE
        order_trace
        SET order_status=1
        WHERE
        pay_status=0
        AND order_status=0
        AND order_code in
        <if test="orderCodes!=null and orderCodes.size!=0">
            <foreach collection="orderCodes" item="item"
                     index="index" open="(" close=")" separator=",">
                #{item}
            </foreach>
        </if>
    </update>

    <select id="queryOrderTraceList"  parameterType="map" resultMap="BaseResultMap">
        select  *
        from order_trace trace  WHERE
        trace.pay_status=0
        AND trace.order_status=0
        AND trace.order_code in
        <if test="orderCodes!=null and orderCodes.size!=0">
            <foreach collection="orderCodes" item="item"
                     index="index" open="(" close=")" separator=",">
                #{item}
            </foreach>
        </if>
    </select>

    <select id="queryOrderTraceForCheckAccount"  parameterType="map" resultMap="BaseResultMap">
        select  *
        from order_trace trace  WHERE 1=1
        <if test="orderDateS != null ">
            and pay_time &gt;= #{orderDateS}
        </if>
        <if test="orderDateE != null ">
            and pay_time  &lt; #{orderDateE}
        </if>
        <if test="payStatus != null ">
            and pay_status = #{payStatus}
        </if>
        <if test="paymentWay != null ">
            and payment_way = #{paymentWay}
        </if>
        <if test="orderCodes!=null ">
            AND order_code in
            <foreach collection="orderCodes" item="item"  index="index" open="(" close=")" separator=",">
                #{item}
            </foreach>
        </if>
    </select>

    <select id="queryOrderTracePage" resultMap="BaseResultMap" parameterType="java.util.Map">
        select  *  from order_trace trace
        WHERE 1=1
            and pay_time &gt;= #{param2.payTimeStart}
            and pay_time  &lt; #{param2.payTimeEnd}
            and pay_status = '1'
            and payment_way = 1
            and pay_flow_id is null
            order by id
    </select>

    <update id="updateOrderTtraceHanndel" parameterType="com.lenovo.m2.hsbuy.domain.pay.ordersoa.baseInfo.OrderTrace" >
        update order_trace
        set     pay_status = 1,
                order_status = 0,
                pay_time = #{payTime,jdbcType=VARCHAR},
                update_time = #{payTime,jdbcType=VARCHAR},
                payment = #{payment,jdbcType=INTEGER},
                pay_flow_id=#{payFlowId,jdbcType=VARCHAR}
        where  order_code = #{orderCode,jdbcType=VARCHAR}
    </update>


    <select id="queryOrderTraceCheckPage" resultMap="BaseResultMap" parameterType="map" >
        select * from order_trace where 1=1 AND order_code = #{param2.orderCode}
        <if test="param2.orderStatus!=null">
            AND order_status=#{param2.orderStatus}
        </if>
        <if test="param2.payStatus!=null">
            AND pay_status=#{param2.payStatus}
        </if>
        <if test="param2.transationId!=null">
            AND pay_flow_id=#{param2.transationId}
        </if>
    </select>



    <insert id="insertOrderTraceByJobSelective" parameterType="com.lenovo.m2.hsbuy.domain.pay.ordersoa.baseInfo.OrderTrace" >
        insert into order_trace
        <trim prefix="(" suffix=")" suffixOverrides="," >
            <if test="orderCode != null" >
                order_code,
            </if>
            <if test="orderMainCode != null" >
                order_main_code,
            </if>
            <if test="payMoney != null" >
                pay_money,
            </if>
            <if test="receiveMoney != null" >
                receive_money,
            </if>
            <if test="CurrencyCode != null" >
                CurrencyCode,
            </if>
            <if test="channelOrderId != null" >
                channel_order_id,
            </if>
            <if test="payment != null" >
                payment,
            </if>
            <if test="transId != null" >
                trans_id,
            </if>
            <if test="payStatus != null" >
                pay_status,
            </if>
            <if test="orderDate != null" >
                order_date,
            </if>
            <if test="payTime != null" >
                pay_time,
            </if>
            <if test="faId != null" >
                fa_id,
            </if>
            <if test="orderType != null" >
                order_type,
            </if>
            <if test="createTime != null" >
                create_time,
            </if>
            <if test="updateTime != null" >
                update_time,
            </if>
            <if test="paymentWay != null" >
                payment_way,
            </if>
            <if test="showTradeNo !=null " >
                show_trade_no,
            </if>
            <if test="paymentType != null" >
                payment_type,
            </if>
            <if test="userId != null" >
                user_id,
            </if>
            <if test="orderStatus != null" >
                order_status,
            </if>
            <if test="shopId != null" >
                shop_id,
            </if>
            <if test="orderFaType != null" >
                order_fa_type,
            </if>
            <if test="subject != null" >
                subject,
            </if>
            <if test="payWay != null" >
                pay_way,
            </if>
        </trim>
        SELECT
        <trim suffixOverrides="," >
            <if test="orderCode != null" >
                #{orderCode,jdbcType=VARCHAR},
            </if>
            <if test="orderMainCode != null" >
                #{orderMainCode,jdbcType=VARCHAR},
            </if>
            <if test="payMoney != null" >
                #{payMoney,jdbcType=DECIMAL},
            </if>
            <if test="receiveMoney != null" >
                #{receiveMoney,jdbcType=DECIMAL},
            </if>
            <if test="CurrencyCode != null" >
                #{CurrencyCode,jdbcType=VARCHAR},
            </if>
            <if test="channelOrderId != null" >
                #{channelOrderId,jdbcType=VARCHAR},
            </if>
            <if test="payment != null" >
                #{payment,jdbcType=INTEGER},
            </if>
            <if test="transId != null" >
                #{transId,jdbcType=VARCHAR},
            </if>
            <if test="payStatus != null" >
                #{payStatus,jdbcType=INTEGER},
            </if>
            <if test="orderDate != null" >
                #{orderDate,jdbcType=VARCHAR},
            </if>
            <if test="payTime != null" >
                #{payTime,jdbcType=VARCHAR},
            </if>
            <if test="faId != null" >
                #{faId,jdbcType=VARCHAR},
            </if>
            <if test="orderType != null" >
                #{orderType,jdbcType=VARCHAR},
            </if>
            <if test="createTime != null" >
                #{createTime,jdbcType=VARCHAR},
            </if>
            <if test="updateTime != null" >
                #{updateTime,jdbcType=VARCHAR},
            </if>
            <if test="paymentWay != null" >
                #{paymentWay,jdbcType=VARCHAR},
            </if>
            <if test="showTradeNo !=null " >
                #{showTradeNo,jdbcType=VARCHAR},
            </if>
            <if test="paymentType != null" >
                #{paymentType,jdbcType=INTEGER},
            </if>
            <if test="userId != null" >
                #{userId,jdbcType=VARCHAR},
            </if>
            <if test="orderStatus != null" >
                #{orderStatus,jdbcType=INTEGER},
            </if>
            <if test="shopId != null" >
                #{shopId,jdbcType=VARCHAR},
            </if>
            <if test="orderFaType != null" >
                #{orderFaType,jdbcType=VARCHAR},
            </if>
            <if test="subject != null" >
                #{subject,jdbcType=VARCHAR},
            </if>
            <if test="payWay != null" >
                #{payWay,jdbcType=INTEGER},
            </if>
        </trim>
        FROM DUAL where not exists (select 1 from order_trace where order_code=#{orderCode,jdbcType=VARCHAR} and pay_way=#{payWay,jdbcType=INTEGER} limit 1)
    </insert>

</mapper>