<?xml version="1.0" encoding="UTF-8" ?>
<!DOCTYPE mapper PUBLIC "-//mybatis.org//DTD Mapper 3.0//EN" "http://mybatis.org/dtd/mybatis-3-mapper.dtd" >
<mapper namespace="com.lenovo.m2.hsbuy.dao.pay.ordersoa.PayBillSignFettleMapper" >
  <resultMap id="BaseResultMap" type="com.lenovo.m2.hsbuy.domain.pay.ordersoa.wxpay.PayBillSignFettle" >
    <!--
    结果集
    -->
    <id column="id" property="id" jdbcType="INTEGER" />
    <result column="order_id" property="orderId" jdbcType="VARCHAR" />
    <result column="transation_id" property="transationId" jdbcType="VARCHAR" />
    <result column="logistic_no" property="logisticNo" jdbcType="VARCHAR" />
    <result column="sign_state" property="signState" jdbcType="INTEGER" />
    <result column="sign_time" property="signTime" jdbcType="VARCHAR" />
    <result column="mech_code" property="mechCode" jdbcType="VARCHAR" />
    <result column="status" property="status" jdbcType="INTEGER" />
    <result column="deal_time" property="dealTime" jdbcType="VARCHAR" />
  </resultMap>
  <sql id="Base_Column_List" >
    <!--
    查询列表
    -->
    id, order_id, transation_id,logistic_no,sign_state, sign_time, mech_code, status, deal_time
  </sql>
  <select id="selectSignFettleByExample" resultMap="BaseResultMap" parameterType="map" >
    <!--
    条件查询
    -->
    select
    <include refid="Base_Column_List" />
    from pay_bill_sign_fettle where status=0
    <if test="mechCode != null" >
      and mech_code =#{mechCode,jdbcType=INTEGER}
    </if>
      <if test="orderIds != null ">
          and order_id in
          <foreach collection="orderIds" separator="," open="(" close=")" item="orderId">
              #{orderId}
          </foreach>
      </if>
      order by sign_time desc
  </select>

  <delete id="deleteSignFettleByExample" parameterType="map" >
    <!--
      条件删除-->
    delete from pay_bill_sign_fettle where status=0
    <if test="id != null" >
      and id = #{id,jdbcType=INTEGER}
    </if>
      <if test="ids != null">
          and id in
          <foreach collection="ids" item="item" separator="," open="(" close=")" index="index">
              #{item}
          </foreach>
      </if>
      <if test="orderIds != null">
          and order_id in
          <foreach collection="orderIds" item="orderId" separator="," open="(" close=")" index="index">
              #{orderId}
          </foreach>
      </if>
  </delete>
  <insert id="insertSignFettleSelective" parameterType="com.lenovo.m2.hsbuy.domain.pay.ordersoa.wxpay.PayBillSignFettle" >
    <!--
      条件插入-->
    insert into pay_bill_sign_fettle
    <trim prefix="(" suffix=")" suffixOverrides="," >
      <if test="orderId != null" >
        order_id,
      </if>
      <if test="transationId != null" >
        transation_id,
      </if>
      <if test="logisticNo != null" >
        logistic_no,
      </if>
      <if test="signState != null" >
        sign_state,
      </if>
      <if test="signTime != null" >
        sign_time,
      </if>
      <if test="mechCode != null" >
        mech_code,
      </if>
      <if test="status != null" >
        status,
      </if>
      <if test="dealTime != null" >
        deal_time,
      </if>
    </trim>
    <trim prefix="values (" suffix=")" suffixOverrides="," >
      <if test="orderId != null" >
        #{orderId,jdbcType=VARCHAR},
      </if>
      <if test="transationId != null" >
        #{transationId,jdbcType=VARCHAR},
      </if>
      <if test="logisticNo != null" >
        #{logisticNo,jdbcType=VARCHAR},
      </if>
      <if test="signState != null" >
        #{signState,jdbcType=INTEGER},
      </if>
      <if test="signTime != null" >
        #{signTime,jdbcType=VARCHAR},
      </if>
      <if test="mechCode != null" >
        #{mechCode,jdbcType=VARCHAR},
      </if>
      <if test="status != null" >
        #{status,jdbcType=INTEGER},
      </if>
      <if test="dealTime != null" >
        #{dealTime,jdbcType=VARCHAR},
      </if>
    </trim>
  </insert>

</mapper>