<?xml version="1.0" encoding="UTF-8" ?>
<!DOCTYPE mapper PUBLIC "-//mybatis.org//DTD Mapper 3.0//EN" "http://mybatis.org/dtd/mybatis-3-mapper.dtd" >
<mapper namespace="com.lenovo.m2.hsbuy.dao.pay.ordersoa.PayPortalOrderMapper" >
  <resultMap id="BaseResultMap" type="com.lenovo.m2.hsbuy.domain.pay.ordersoa.wxpay.PayPortalOrder" >
    <id column="id" property="id" jdbcType="INTEGER" />
    <result column="out_trade_no" property="outTradeNo" jdbcType="VARCHAR" />
    <result column="show_trade_no" property="showTradeNo" jdbcType="VARCHAR" />
    <result column="fa_id" property="faId" jdbcType="VARCHAR" />
    <result column="shop_id" property="shopId" jdbcType="VARCHAR" />
    <result column="terminal" property="terminal" jdbcType="VARCHAR" />
    <result column="delivery_info" property="deliveryInfo" jdbcType="VARCHAR" />
    <result column="tax_type" property="taxType" jdbcType="VARCHAR" />
    <result column="tax_info" property="taxInfo" jdbcType="VARCHAR" />
    <result column="tax_delivery_info" property="taxDeliveryInfo" jdbcType="VARCHAR" />
    <result column="subject" property="subject" jdbcType="VARCHAR" />
    <result column="body" property="body" jdbcType="VARCHAR" />
    <result column="payment_way" property="paymentWay" jdbcType="VARCHAR" />
    <result column="order_type" property="orderType" jdbcType="VARCHAR" />
    <result column="reward_ledou" property="rewardLedou" jdbcType="VARCHAR" />
    <result column="total_fee" property="totalFee" jdbcType="DECIMAL" />
    <result column="refund_money" property="refundMoney" jdbcType="DECIMAL" />
    <result column="it_b_pay" property="itBPay" jdbcType="VARCHAR" />
    <result column="return_url" property="returnUrl" jdbcType="VARCHAR" />
    <result column="notify_url" property="notifyUrl" jdbcType="VARCHAR" />
    <result column="show_url" property="showUrl" jdbcType="VARCHAR" />
    <result column="exception_url" property="exceptionUrl" jdbcType="VARCHAR" />
    <result column="extend_param" property="extendParam" jdbcType="VARCHAR" />
    <result column="transation_id" property="transationId" jdbcType="VARCHAR" />
    <result column="order_status" property="orderStatus" jdbcType="INTEGER" />
    <result column="pay_status" property="payStatus" jdbcType="INTEGER" />
    <result column="member_code" property="memberCode" jdbcType="VARCHAR" />
    <result column="lenovo_id" property="lenovoId" jdbcType="VARCHAR" />
    <result column="payment" property="payment" jdbcType="INTEGER" />
    <result column="payment_type_id" property="paymentTypeId" jdbcType="INTEGER" />
    <result column="order_time" property="orderTime" jdbcType="TIMESTAMP" />
    <result column="pay_time" property="payTime" jdbcType="TIMESTAMP" />
    <result column="create_time" property="createTime" jdbcType="TIMESTAMP" />
    <result column="update_time" property="updateTime" jdbcType="TIMESTAMP" />
  </resultMap>
  <sql id="Base_Column_List" >
    id, out_trade_no, show_trade_no, fa_id, shop_id, terminal, delivery_info, tax_type,
    tax_info, tax_delivery_info, subject, body, payment_way, order_type, reward_ledou, 
    total_fee, refund_money, it_b_pay, return_url, notify_url, show_url, exception_url, 
    extend_param, transation_id, order_status, pay_status, member_code, lenovo_id, payment, 
    payment_type_id, order_time, pay_time, create_time, update_time
  </sql>
    <!-- 对账查询 支付映射表  -->
    <select id="getPayPortalOrderByConf" parameterType="map" resultMap="BaseResultMap">
        select * from pay_portal_order
        where
            1=1
            <if test="shopId != null">
                and    shop_id = #{shopId,jdbcType=VARCHAR}
            </if>
            <if test="terminal != null">
                and    terminal = #{terminal,jdbcType=VARCHAR}
            </if>
            <if test="paymentWay != null">
                and   payment_way = #{paymentWay,jdbcType=VARCHAR}
            </if>
            <if test="paymentTypeId != null">
                and  payment_type_id = #{paymentTypeId,jdbcType=INTEGER}
            </if>
            <if test="payStatus != null">
                and  pay_status = #{payStatus,jdbcType=INTEGER}
            </if>
            <if test="outTradeNoList!=null">
                and out_trade_no in
                <foreach collection="outTradeNoList" item="outTradeNo"  index="index" open="(" close=")" separator=",">
                    #{outTradeNo}
                </foreach>
            </if>
    </select>
</mapper>