<?xml version="1.0" encoding="UTF-8"?>
<!DOCTYPE mapper PUBLIC "-//mybatis.org//DTD Mapper 3.0//EN"
        "http://mybatis.org/dtd/mybatis-3-mapper.dtd">

<mapper namespace="com.lenovo.m2.hsbuy.dao.pay.ordersoa.PayWayMapper">

    <resultMap id="payWayMap" type="com.lenovo.m2.hsbuy.domain.pay.ordersoa.PayWay">
        <id column="id" property="id"/>
        <result column="pay_way_code" property="payWayCode"/>
        <result column="pay_way_name" property="payWayName"/>
        <result column="pay_type_code" property="payTypeCode"/>
        <result column="pay_type_name" property="payTypeName"/>
        <result column="oauth_url" property="oauthUrl"/>
        <result column="out_notify_url" property="outNotifyUrl"/>
        <result column="out_return_url" property="outReturnUrl"/>
        <result column="in_notify_url" property="inNotifyUrl"/>
        <result column="in_return_url" property="inReturnUrl"/>
        <result column="status" property="status"/>
        <result column="fq_status" property="fqStatus"/>
        <result column="create_time" property="createTime"/>
        <result column="update_time" property="updateTime"/>
    </resultMap>

    <delete id="deleteById">
        DELETE
        *
        FROM
        pay_way
        WHERE
        id = #{id}
        AND
        status = 0
    </delete>

    <insert id="savePayWay">
        INSERT INTO pay_way (
        pay_way_code,
        pay_way_name,
        pay_type_code,
        pay_type_name,
        oauth_url,
        out_notify_url,
        out_return_url,
        in_notify_url,
        in_return_url,
        status,
        fq_status,
        create_time
        )
        values
        (
        #{payWayCode},
        #{payWayName},
        #{payTypeCode},
        #{payTypeName},
        #{oauthUrl},
        #{outNotifyUrl},
        #{outReturnUrl},
        #{inNotifyUrl},
        #{inReturnUrl},
        #{status},
        #{fqStatus},
        now()
        )

    </insert>

    <select id="queryPayWayList" resultMap="payWayMap">
        SELECT
          *
        FROM
          pay_way
        WHERE
          status = 1
        <if test="payWayCode != null  ">
            and pay_way_code = #{payWayCode}
        </if>
        <if test="payTypeCode != null  ">
            and pay_type_code = #{payTypeCode}
        </if>

    </select>

    <select id="getPayWayByGroupByPayWayCode" resultMap="payWayMap">
        SELECT
        *
        FROM
        pay_way
        WHERE  status = 1
        GROUP BY
        pay_way_code

    </select>




</mapper>