<?xml version="1.0" encoding="UTF-8" ?>
<!DOCTYPE mapper PUBLIC "-//mybatis.org//DTD Mapper 3.0//EN" "http://mybatis.org/dtd/mybatis-3-mapper.dtd" >
<mapper namespace="com.lenovo.m2.hsbuy.dao.pay.ordersoa.ProductMapper" >
  <resultMap id="BaseResultMap" type="com.lenovo.m2.hsbuy.domain.pay.ordersoa.wxpay.ChannelOrderProduct" >
    <result column="product_id" property="productId" jdbcType="VARCHAR" />
    <result column="product_code" property="productCode" jdbcType="VARCHAR" />
    <result column="product_name" property="productName" jdbcType="VARCHAR" />
    <result column="product_number" property="productNumber" jdbcType="INTEGER" />
    <result column="product_pay" property="productPay" jdbcType="DECIMAL" />
    <result column="total_money" property="totalMoney" jdbcType="DECIMAL" />
    <result column="favourable_Pay" property="favourablePay" jdbcType="DECIMAL" />
    <result column="CurrencyCode" property="CurrencyCode" jdbcType="VARCHAR" />
    <result column="faid" property="faId" jdbcType="VARCHAR" />
    <result column="fa_name" property="faName" jdbcType="VARCHAR" />
    <result column="order_code" property="orderCode" jdbcType="VARCHAR" />
  </resultMap>
  <insert id="insertProductSelective" parameterType="com.lenovo.m2.hsbuy.domain.pay.ordersoa.wxpay.ChannelOrderProduct" >
    insert into channel_order_product
    <trim prefix="(" suffix=")" suffixOverrides="," >
      <if test="productId != null" >
        product_id,
      </if>
      <if test="productCode != null" >
        product_code,
      </if>
      <if test="productName != null" >
        product_name,
      </if>
      <if test="productNumber != null" >
        product_number,
      </if>
      <if test="productPay != null" >
        product_pay,
      </if>
      <if test="totalMoney != null" >
        total_money,
      </if>
      <if test="favourablePay != null" >
        favourable_Pay,
      </if>
      <if test="CurrencyCode != null" >
          CurrencyCode,
      </if>
      <if test="faId != null" >
        faid,
      </if>
      <if test="faName != null" >
        fa_name,
      </if>
      <if test="orderCode != null" >
        order_code,
      </if>
    </trim>
    <trim prefix="values (" suffix=")" suffixOverrides="," >
      <if test="productId != null" >
        #{productId,jdbcType=VARCHAR},
      </if>
      <if test="productCode != null" >
        #{productCode,jdbcType=VARCHAR},
      </if>
      <if test="productName != null" >
        #{productName,jdbcType=VARCHAR},
      </if>
      <if test="productNumber != null" >
        #{productNumber,jdbcType=INTEGER},
      </if>
      <if test="productPay != null" >
        #{productPay,jdbcType=DECIMAL},
      </if>
      <if test="totalMoney != null" >
        #{totalMoney,jdbcType=DECIMAL},
      </if>
      <if test="favourablePay != null" >
        #{favourablePay,jdbcType=DECIMAL},
      </if>
        <if test="CurrencyCode != null" >
            #{CurrencyCode,jdbcType=VARCHAR},
        </if>
      <if test="faId != null" >
        #{faId,jdbcType=VARCHAR},
      </if>
      <if test="faName != null" >
        #{faName,jdbcType=VARCHAR},
      </if>
      <if test="orderCode != null" >
        #{orderCode,jdbcType=VARCHAR},
      </if>
    </trim>
  </insert>
    <insert id="betchInsertProduct" parameterType="java.util.List" >
        insert into channel_order_product
        ( product_id,product_code,product_name,product_number, product_pay,
         total_money,favourable_Pay, CurrencyCode,faid,fa_name,order_code)
        values
        <foreach collection="list" item="item" index="index"  separator=",">
            (#{item.productId,jdbcType=VARCHAR} ,#{item.productCode,jdbcType=VARCHAR},#{item.productName,jdbcType=VARCHAR} ,#{item.productNumber,jdbcType=INTEGER},
            #{item.productPay,jdbcType=DECIMAL}, #{item.totalMoney,jdbcType=DECIMAL},#{item.favourablePay,jdbcType=DECIMAL} ,#{item.CurrencyCode,jdbcType=VARCHAR},
            #{item.faId,jdbcType=VARCHAR},#{item.faName,jdbcType=VARCHAR} , #{item.orderCode,jdbcType=VARCHAR})
        </foreach>
    </insert>
    <select id="selectOrderProductListSelective"  resultMap="BaseResultMap">
        SELECT * FROM channel_order_product WHERE 1=1
         <if test="orderCodes != null">
            and  order_code in
              <foreach collection="orderCodes" separator="," open="(" close=")" item="orderCode" >
             #{orderCode}
             </foreach>
         </if>
    </select>
    <select id="selectChannelOrderProductList"  resultMap="BaseResultMap">
        SELECT * FROM channel_order_product WHERE order_code=#{order_code}
    </select>
</mapper>