<?xml version="1.0" encoding="UTF-8" ?>
<!DOCTYPE mapper PUBLIC "-//mybatis.org//DTD Mapper 3.0//EN" "http://mybatis.org/dtd/mybatis-3-mapper.dtd" >
<mapper namespace="com.lenovo.m2.hsbuy.dao.pay.ordersoa.RefundOrderMapper" >
  <resultMap id="BaseResultMap" type="com.lenovo.m2.hsbuy.domain.pay.ordersoa.wxpay.RefundOrder" >
    <id column="id" property="id" jdbcType="BIGINT" />
    <result column="lenovo_id" property="lenovoId" jdbcType="VARCHAR" />
    <result column="batch_no" property="batchNo" jdbcType="VARCHAR" />
    <result column="refund_no" property="refundNo" jdbcType="VARCHAR" />
    <result column="refund_money" property="refundMoney" jdbcType="DECIMAL" />
    <result column="original_trade_id" property="originalTradeId" jdbcType="BIGINT" />
    <result column="original_trade_no" property="originalTradeNo" jdbcType="VARCHAR" />
    <result column="refund_channel_order" property="refundChannelOrder" jdbcType="VARCHAR" />
    <result column="transaction_id" property="transactionId" jdbcType="VARCHAR" />
    <result column="merchant_id" property="merchantId" jdbcType="INTEGER" />
    <result column="plat" property="plat" jdbcType="INTEGER" />
    <result column="shop_id" property="shopId" jdbcType="VARCHAR" />
    <result column="terminal" property="terminal" jdbcType="VARCHAR" />
    <result column="pay_type" property="payType" jdbcType="INTEGER" />
    <result column="refund_state" property="refundState" jdbcType="INTEGER" />
    <result column="refund_error_msg" property="refundErrorMsg" jdbcType="VARCHAR" />
    <result column="notify_flag" property="notifyFlag" jdbcType="INTEGER" />
    <result column="original_order_time" property="originalOrderTime" jdbcType="TIMESTAMP" />
    <result column="create_time" property="createTime" jdbcType="TIMESTAMP" />
    <result column="refund_time" property="refundTime" jdbcType="TIMESTAMP" />
    <result column="update_time" property="updateTime" jdbcType="TIMESTAMP" />
    <result column="refund_desc" property="refundDesc" jdbcType="VARCHAR" />
  </resultMap>
  <sql id="Base_Column_List" >
    id, lenovo_id, batch_no, refund_no, refund_money, original_trade_id, original_trade_no,
    refund_channel_order, transaction_id, merchant_id, plat, shop_id, terminal, pay_type, 
    refund_state, refund_error_msg, notify_flag, original_order_time, create_time, refund_time, 
    update_time, refund_desc
  </sql>

    <!-- 对账 逆向流水查询 -->
    <select id="getRefundOrderByConf" parameterType="java.util.Map" resultMap="BaseResultMap">
        SELECT * FROM refund_order WHERE 1=1
        <if test="merchantId != null ">
            and merchant_id in
            <foreach collection="merchantId" item="merchantId" index="index" open="(" close=")" separator=",">
                #{merchantId}
            </foreach>
        </if>
        <if test="createTimeS != null ">
            and update_time &gt;= #{createTimeS}
        </if>
        <if test="createTimeE != null ">
            and update_time  &lt; #{createTimeE}
        </if>
        <!--<if test="refundState != null">
            and refund_state=#{refundState}
        </if> -->
    </select>

    <select id="queryChannelOrderRefund" resultMap="BaseResultMap">
        SELECT * FROM refund_order
        WHERE   1=1
                and refund_no=#{refundNo}
                and original_trade_no=#{originalTradeNo}
    </select>

    <select id="queryPayRefundDataInfo" resultMap="BaseResultMap">
        SELECT * FROM refund_order
        WHERE   1=1
        <if test="transationId != null and transationId!=''">
            and original_trade_id = #{transationId}
        </if>
        <if test="orderCode != null and orderCode!=''">
            and locate(#{orderCode},original_trade_no) >0
        </if>
    </select>




</mapper>