<?xml version="1.0" encoding="UTF-8"?>
<!DOCTYPE mapper PUBLIC "-//mybatis.org//DTD Mapper 3.0//EN"
        "http://mybatis.org/dtd/mybatis-3-mapper.dtd">

<mapper namespace="com.lenovo.m2.hsbuy.dao.pay.ordersoa.UserPayInfoMapper">

    <resultMap id="userPayInfoMap" type="com.lenovo.m2.hsbuy.domain.pay.ordersoa.UserPayInfo">
        <id column="id" property="id" jdbcType="INTEGER"/>
        <result column="user_no" property="userNo" jdbcType="VARCHAR"/>
        <result column="account_type" property="accountType" jdbcType="INTEGER"/>
        <result column="pay_type_code" property="payTypeCode" jdbcType="INTEGER"/>
        <result column="app_id" property="appId" jdbcType="VARCHAR"/>
        <result column="app_secret" property="appSecret" jdbcType="VARCHAR"/>
        <result column="merchant_id" property="merchantId" jdbcType="VARCHAR"/>
        <result column="enable" property="enable" jdbcType="BOOLEAN"/>
        <result column="create_time" property="createTime" jdbcType="DATE"/>
        <result column="update_time" property="updateTime" jdbcType="DATE"/>
        <result column="operator" property="operator" jdbcType="VARCHAR"/>
        <result column="remark" property="remark" jdbcType="VARCHAR"/>
        <result column="fqInfos" property="fqInfos" jdbcType="VARCHAR"/>
        <result column="payment_method" property="paymentMethod" />
        <result column="sign_key" property="signKey" />
        <result column="pay_key" property="payKey" />
        <result column="merchant_order_url" property="merchantOrderUrl" />

        <!--userInfo-->
        <result column="user_type" property="userInfo.userType"/>
        <result column="fa_name" property="userInfo.faName"/>
        <result column="user_name" property="userInfo.userName"/>

        <!--payWay-->
        <result column="pay_type_code" property="payWay.payTypeCode"/>
        <result column="pay_way_code" property="payWay.payWayCode"/>
        <result column="pay_way_name" property="payWay.payWayName"/>
        <result column="pay_type_name" property="payWay.payTypeName"/>

    </resultMap>


    <sql id="userPayInfoList">
             upi.id , upi.user_no , upi.account_type , upi.pay_type_code , upi.app_id , upi.app_secret , upi.merchant_id , upi.enable , upi.create_time , upi.update_time ,upi.payment_method,
            upi.operator , upi.remark , upi.fqInfos ,upi.pay_key, upi.sign_key, upi.merchant_order_url, pw.pay_way_name , pw.pay_way_code , pw.pay_type_name  ,
            ui.user_type ,  ui.fa_name,ui.user_name
        </sql>

    <select id="findPayTypeCode" parameterType="java.lang.Integer" resultMap="userPayInfoMap">
        select pay_way_name,pay_type_name
        from pay_way
        where
        pay_type_code = ${value}
    </select>

    <select id="findUserPayInfoAll" resultMap="userPayInfoMap">
   SELECT
        upi.id , upi.user_no , upi.account_type , upi.pay_type_code , upi.app_id ,
        upi.app_secret , upi.merchant_id , upi.enable , upi.create_time , upi.update_time ,
        upi.operator , upi.remark , upi.fqInfos ,upi.payment_method ,
        upi.pay_key, upi.sign_key, upi.merchant_order_url,
        pw.pay_way_name , pw.pay_way_code , pw.pay_type_name , pw.pay_type_code ,
        ui.user_type ,  ui.fa_name , ui.user_name
    FROM
        user_pay_info upi , pay_way pw , user_info ui
    WHERE
        upi.id=#{id}
    AND
        pw.pay_type_code = upi.pay_type_code
    AND
        upi.user_no = ui.user_no
    </select>

    <select id="findById" parameterType="java.lang.Integer" resultMap="userPayInfoMap">
        SELECT
        *
        from
        user_pay_info
        where
        id=#{id}
    </select>

    <insert id="saveUserPayInfo" parameterType="com.lenovo.m2.hsbuy.domain.pay.ordersoa.UserPayInfo"  >
        insert into user_pay_info(
        user_no,
        account_type,
        pay_type_code,
        app_id,
        app_secret,
        merchant_id,
        enable,
        update_time,
        operator,
        remark,
        payment_method,
        fqInfos,
        pay_key,
        sign_key,
        merchant_order_url,
        create_time
        )VALUES (
        #{userNo},
        #{accountType},
        #{payTypeCode},
        #{appId},
        #{appSecret},
        #{merchantId},
        #{enable},
        #{updateTime},
        #{operator},
        #{remark},
        #{paymentMethod},
        #{fqInfos},
        #{payKey},
        #{signKey},
        #{merchantOrderUrl},
        now()
        )
    </insert>


    <update id="updateUserPayInfo" parameterType="com.lenovo.m2.hsbuy.domain.pay.ordersoa.UserPayInfo" >
        UPDATE
        user_pay_info
        SET
        <if test="userNo != null and userNo != '' ">
            user_no = #{userNo},
        </if>
        <if test="accountType != null and accountType != '' ">
            account_type = #{accountType},
        </if>

        <if test="payKey != null and payKey != '' ">
            pay_key = #{payKey},
        </if>
        <if test="signKey != null and signKey != '' ">
            sign_key = #{signKey},
        </if>
        <if test="merchantOrderUrl != null and merchantOrderUrl != '' ">
            merchant_order_url = #{merchantOrderUrl},
        </if>
        <if test="payTypeCode != null ">
            pay_type_code = #{payTypeCode},
        </if>
        <if test="appId != null and appId != '' ">
            app_id = #{appId},
        </if>
        <if test="appSecret != null and appSecret != '' ">
            app_secret = #{appSecret},
        </if>
        <if test="merchantId != null and merchantId != '' ">
            merchant_id = #{merchantId},
        </if>
        <if test="operator != null and operator != '' ">
            operator = #{operator},
        </if>
        <if test="remark != null and remark != '' ">
            remark = #{remark},
        </if>
        <if test="fqInfos != null and fqInfos != '' ">
            fqInfos = #{fqInfos},
        </if>
        <if test="paymentMethod != null and paymentMethod !='' ">
            payment_method = #{paymentMethod},
        </if>
        enable = false,
        update_time = now()
        where
        id = #{id}
    </update>

    <update id="updateEnable" >
        UPDATE
        user_pay_info
        set
        enable = #{enable},
        update_time = now()
        WHERE
        id = #{id}
    </update>

    <delete id="deleteUserPayInfo" parameterType="map">
        delete from user_pay_info
        where
        <if test="id!=null and id!=''">
            id = #{id}
        </if>
        <if test="ids!=null and ids!=''">
            and id in (${ids})
        </if>
    </delete>
    <!--resin-->
    <select id="getUserPayInfoByUserNo" resultMap="userPayInfoMap">
        SELECT
        *
        FROM
          user_pay_info
        WHERE
          user_no = #{userNo}
    </select>

    <select id="getEnableByUserNo" resultType="Integer">
        SELECT
          COUNT(1)
        FROM
          user_pay_info
        WHERE
          user_no = #{userNo}
        AND enable =1
    </select>

    <select id="getUserPayInfoPage" parameterType="map" resultMap="userPayInfoMap">
        select
        <include refid="userPayInfoList"/>
        from user_pay_info upi , pay_way pw , user_info ui
            <where>
                pw.pay_type_code = upi.pay_type_code and upi.user_no = ui.user_no
            </where>
            <if test="param2.userNo != null and param2.userNo != '' ">
                and upi.user_no =#{param2.userNo}
            </if>
            <if test="param2.accountType != null ">
                and upi.account_type =#{param2.accountType}
            </if>
            <if test="param2.payTypeCode != null  ">
                and upi.pay_type_code = #{param2.payTypeCode}
            </if>
            <if test="param2.enable != null  ">
                and upi.enable =#{param2.enable}
            </if>
            <if test="param2.fqInfos != null and param2.fqInfos != '' ">
                and upi.fqInfos =#{param2.fqInfos}
            </if>
            <if test="param2.faName != null and param2.faName != '' ">
                and ui.fa_name LIKE '%${param2.faName}%'
            </if>
            <if test="param2.payWayCode != null  ">
                and pw.pay_way_code = #{param2.payWayCode}
            </if>

        <if test="param2.userNos!=null and param2.userNos.size() !=0"  >
            and ui.user_no in
            <foreach item="userNo" index="index" collection="param2.userNos" open="(" separator="," close=")">
                #{userNo}
            </foreach>
        </if>
        <if test="param2.userNos!=null and param2.userNos.size() ==0"  >
            and ui.user_no in
            ('')
        </if>
        <if test="param2.userNos==null "  >
            and ui.user_no in
            ('')
        </if>
        order by upi.create_time desc
    </select>

    <select id="getUserPayInfoByOnly" resultMap="userPayInfoMap">
        SELECT
          *
         from
          user_pay_info
         WHERE
          user_no=#{userNo}
          AND
          pay_type_code = #{payTypeCode}
          AND
          account_type = #{accountType}
    </select>

    <select id="getUserPayInfoCountByUserNo" resultType="Integer">
        SELECT
        COUNT(1)
        FROM
        user_pay_info
        WHERE
        user_no =#{userNo}
        AND
        pay_type_code =#{payTypeCode}
        AND
        enable =1
    </select>


</mapper>