<?xml version="1.0" encoding="UTF-8" ?>
<!DOCTYPE mapper PUBLIC "-//mybatis.org//DTD Mapper 3.0//EN" "http://mybatis.org/dtd/mybatis-3-mapper.dtd" >

<mapper namespace="com.lenovo.m2.hsbuy.dao.pay.ordersoa.UserInfoMapper">
    <resultMap id="userInfoMap" type="com.lenovo.m2.hsbuy.domain.pay.ordersoa.UserInfo">
        <id column="id" property="id" />
        <result column="user_type" property="userType"/>
        <result column="user_no" property="userNo"/>
        <result column="user_name" property="userName"/>

        <!--在线支付基础信息-->
        <result column="product_type" property="productType"/>
        <result column="enable_personal_bank" property="enablePersonalBank"/>
        <result column="enable" property="enable"/>

        <!--线下付款信息-->
        <result column="bank_name" property="bankName"/>
        <result column="bank_account_no" property="bankAccountNo"/>
        <result column="bank_account_name" property="bankAccountName"/>

        <!--  门店基础信息-->
        <result column="fa_id" property="faId"/>
        <result column="fa_name" property="faName"/>

        <!--门店签约公司信息-->
        <result column="credit_code" property="creditCode"/>
        <result column="caution_money" property="cautionMoney"/>
        <result column="store_bank_name" property="storeBankName"/>
        <result column="store_bank_account_no" property="storeBankAccountNo"/>
        <result column="store_bank_account_name" property="storeBankAccountName"/>
        <result column="merchant_type" property="merchantType"/>
        <result column="account_plat_type" property="accountPlatType"/>
        <result column="op_subject" property="opSubject"/>
        <result column="money_subject" property="moneySubject"/>
        <result column="address" property="address"/>
        <result column="phone" property="phone"/>

        <!--门店签约公司联系人信息-->
        <result column="linkman" property="linkman"/>
        <result column="mobile" property="mobile"/>
        <result column="email" property="email"/>
        <result column="enable_sms" property="enableSms"/>
        <result column="enable_email" property="enableEmail"/>

        <!--门店签约公司接收发票地址信息-->
        <result column="invoice_address" property="invoiceAddress"/>
        <result column="invoice_mobile" property="invoiceMobile"/>
        <result column="invoice_linkman" property="invoiceLinkman"/>

        <!--基本信息-->
        <result column="remark" property="remark"/>
        <result column="operator" property="operator"/>
        <result column="CurrencyCode" property="currencyCode"/>
        <result column="create_time" property="createTime"/>
        <result column="update_time" property="updateTime"/>
    </resultMap>

    <sql id="User_Info_List">
        id,user_type,user_no,user_name,product_type,enable_personal_bank,enable,bank_name,bank_account_no,bank_account_name,
        fa_id,fa_name,credit_code,caution_money,store_bank_name,store_bank_account_no,store_bank_account_name,
        merchant_type,account_plat_type,op_subject,money_subject,address,phone,linkman,mobile,email,enable_sms,enable_email,
        invoice_address,invoice_mobile,invoice_linkman,remark,operator,CurrencyCode,update_time,create_time
    </sql>


    <!-- 收银台商户添加-->
    <insert id="saveUserInfo" parameterType="com.lenovo.m2.hsbuy.domain.pay.ordersoa.UserInfo">
        insert into user_info
        <trim prefix="(" suffix=")" suffixOverrides=",">

            <if test="enablePersonalBank != null">
                enable_personal_bank,
            </if>
            <if test="bankName != null">
                bank_name,
            </if>
            <if test="bankAccountNo != null">
                bank_account_no,
            </if>
            <if test="bankAccountName != null">
                bank_account_name,
            </if>

            <if test="enable != null">
                enable,
            </if>
            <if test="productType != null">
                product_type,
            </if>
            <if test="operator != null">
                operator,
            </if>
            <if test="remark != null">
                remark,
            </if>
            <if test="faId != null">
                fa_id,
            </if>
            <if test="faName != null">
                fa_name,
            </if>
            <if test="merchantType != null">
                merchant_type,
            </if>
            <if test="accountPlatType != null">
                account_plat_type,
            </if>

            <if test="address != null">
                address,
            </if>
            <if test="phone != null">
                phone,
            </if>
            <if test="mobile != null">
                mobile,
            </if>
            <if test="email != null">
                email,
        </if>
            <if test="enableSms != null">
                enable_sms,
            </if>
            <if test="enableEmail != null">
                enable_email,
            </if>
            user_no,
            user_name,
            user_type,
            create_time
        </trim>
        <trim prefix="values (" suffix=")" suffixOverrides=",">

            <if test="enablePersonalBank != null">
                #{enablePersonalBank},
            </if>
            <if test="bankName != null">
                #{bankName},
            </if>
            <if test="bankAccountNo != null">
                #{bankAccountNo},
            </if>
            <if test="bankAccountName != null">
                #{bankAccountName},
            </if>

            <if test="enable != null">
                #{enable},
            </if>
            <if test="productType != null">
                #{productType},
            </if>
            <if test="operator != null">
                #{operator},
            </if>
            <if test="remark != null">
                #{remark},
            </if>
            <if test="faId != null">
                #{faId},
            </if>
            <if test="faName != null">
                #{faName},
            </if>
            <if test="merchantType != null">
                #{merchantType},
            </if>
            <if test="accountPlatType != null">
                #{accountPlatType},
            </if>

            <if test="address != null">
                #{address},
            </if>
            <if test="phone != null">
                #{phone},
            </if>
            <if test="mobile != null">
                #{mobile},
            </if>
            <if test="email != null">
                #{email},
            </if>
            <if test="enableSms != null">
                #{enableSms},
            </if>
            <if test="enableEmail != null">
                #{enableEmail},
            </if>
            #{userNo},
            #{userName},
            #{userType},
            now()
        </trim>

    </insert>

    <update id="updateUserInfo" parameterType="com.lenovo.m2.hsbuy.domain.pay.ordersoa.UserInfo">
        UPDATE user_info set
        <if test="userName!=null and userName!=''">
            user_name = #{userName} ,
        </if>
        <if test="enable != null">
            enable =#{enable},
        </if>
        <if test="productType!=null ">
            product_type = #{productType} ,
        </if>
        <if test="enablePersonalBank!=null  ">
            enable_personal_bank = #{enablePersonalBank} ,
        </if>
        <if test="bankName!=null and bankName!='' ">
            bank_name = #{bankName} ,
        </if>
        <if test="bankAccountNo!=null and bankAccountNo!='' ">
            bank_account_no = #{bankAccountNo} ,
        </if>
        <if test="bankAccountName!=null and bankAccountName!='' ">
            bank_account_name = #{bankAccountName} ,
        </if>
        <if test="creditCode!=null and creditCode!='' ">
            credit_code = #{creditCode} ,
        </if>
        <if test="cautionMoney!=null and cautionMoney!='' ">
            caution_money = #{cautionMoney} ,
        </if>
        <if test="storeBankName!=null and storeBankName!='' ">
            store_bank_name = #{storeBankName} ,
        </if>
        <if test="storeBankAccountNo!=null and storeBankAccountNo!='' ">
            store_bank_account_no = #{storeBankAccountNo} ,
        </if>
        <if test="storeBankAccountName!=null and storeBankAccountName!='' ">
            store_bank_account_name = #{storeBankAccountName} ,
        </if>
        <if test="merchantType!=null  ">
            merchant_type = #{merchantType} ,
        </if>
        <if test="accountPlatType!=null  ">
            account_plat_type = #{accountPlatType} ,
        </if>

        <if test="opSubject!=null and opSubject!='' ">
            op_subject = #{opSubject} ,
        </if>
        <if test="moneySubject!=null and moneySubject!='' ">
            money_subject = #{moneySubject} ,
        </if>
        <if test="address!=null and address!='' ">
            address = #{address} ,
        </if>
        <if test="phone!=null and phone!='' ">
            phone = #{phone} ,
        </if>
        <if test="linkman!=null and linkman!='' ">
            linkman = #{linkman} ,
        </if>
        <if test="mobile!=null and mobile!='' ">
            mobile = #{mobile} ,
        </if>
        <if test="email!=null and email!='' ">
            email = #{email} ,
        </if>
        <if test="enableSms!=null  ">
            enable_sms = #{enableSms} ,
        </if>
        <if test="enableEmail!=null ">
            enable_email = #{enableEmail} ,
        </if>
        <if test="invoiceAddress!=null and invoiceAddress!='' ">
            invoice_address = #{invoiceAddress} ,
        </if>
        <if test="invoiceMobile!=null and invoiceMobile!='' ">
            invoice_mobile = #{invoiceMobile} ,
        </if>
        <if test="invoiceLinkman!=null and invoiceLinkman!='' ">
            invoice_linkman = #{invoiceLinkman} ,
        </if>
        <if test="operator!=null and operator!='' ">
            operator = #{operator} ,
        </if>
        <if test="currencyCode!=null and currencyCode!='' ">
            CurrencyCode = #{currencyCode} ,
        </if>
        <if test="userType!=null  ">
            user_type = #{userType} ,
        </if>
        <if test="faId!=null and faId!=''">
            fa_id = #{faId} ,
        </if>
        <if test="faName!=null and faName!=''">
            fa_name = #{faName} ,
        </if>
        update_time = now()
        where user_no= #{userNo}
    </update>

    <select id="getUserInfoByUserNo" resultMap="userInfoMap">
        SELECT
        <include refid="User_Info_List"/>
        FROM
        user_info
        WHERE
        user_no = #{userNo}
    </select>

        <select id="getUniqueUserInfoByUser" resultMap="userInfoMap" >
            SELECT
            <include refid="User_Info_List"/>
            FROM
            user_info
            WHERE
              user_no =#{userNo}
            OR
              user_name = #{userName}
        </select>

    <select id="getUniqueUserInfoByFa" resultMap="userInfoMap" >
        SELECT
          <include refid="User_Info_List"/>
        FROM
          user_info
        WHERE
          fa_id = #{faId}
        OR
          fa_name = #{faName}

    </select>

    <select id="getUserInfoByUserName" resultMap="userInfoMap">
        SELECT
        <include refid="User_Info_List"/>
        FROM
        user_info
        WHERE
        user_Name = #{userName}
        AND
        user_type != 1
    </select>


    <!-- userNos!=null and userNos.size>0 -->
    <select id="getUserInfoPage" resultMap="userInfoMap" parameterType="map">
        select
        <include refid="User_Info_List"/>
        from user_info
            where 1=1
        <if test="param2.userNos!=null and param2.userNos.size() !=0"  >
            and user_no in
            <foreach item="userNo" index="index" collection="param2.userNos" open="(" separator="," close=")">
                #{userNo}
            </foreach>
        </if>
        <if test="param2.userNos!=null and param2.userNos.size() ==0"  >
            and user_no in
            ('')
        </if>
        <if test="param2.userNos==null "  >
            and user_no in
            ('')
        </if>
            <if test="param2.notPersonalType != null  ">
                and user_type != #{param2.notPersonalType}
            </if>
            <if test="param2.userType != null  ">
                and user_type = #{param2.userType}
            </if>
            <if test="param2.userNo != null and param2.userNo != '' ">
                and user_no =#{param2.userNo}
            </if>
            <if test="param2.userName != null and param2.userName != '' ">
                and user_name LIKE '%${param2.userName}%'
            </if>
            <if test="param2.faId != null and param2.faId != '' ">
                and fa_id =#{param2.faId}
            </if>
            <if test="param2.faName != null and param2.faName != '' ">
                and fa_name LIKE '%${param2.faName}%'
            </if>

            <if test="param2.enable != null  ">
                and enable = #{param2.enable}
            </if>
        order by create_time desc
    </select>


    <select id="getUserInfoOfMerchantPage" resultMap="userInfoMap" parameterType="map">
        select
        <include refid="User_Info_List"/>
        from user_info
        where 1=1
        <if test="param2.notPersonalType != null  ">
            and user_type != #{param2.notPersonalType}
        </if>
        <if test="param2.userType != null  ">
            and user_type = #{param2.userType}
        </if>
        <if test="param2.userNo != null and param2.userNo != '' ">
            and user_no =#{param2.userNo}
        </if>
        <if test="param2.userName != null and param2.userName != '' ">
            and user_name LIKE '%${param2.userName}%'
        </if>
        <if test="param2.faId != null and param2.faId != '' ">
            and fa_id =#{param2.faId}
        </if>
        <if test="param2.faName != null and param2.faName != '' ">
            and fa_name LIKE '%${param2.faName}%'
        </if>

        <if test="param2.enable != null  ">
            and enable = #{param2.enable}
        </if>
        order by create_time desc
    </select>


    <delete id="deleteUserInfoByUserNo">
                DELETE from user_info
                where
                user_no = #{userNo}
    </delete>

    <select id="querySimpleUserInfoList"  resultType="com.lenovo.m2.hsbuy.domain.pay.ordersoa.SimpleUseInfoVO" >
        SELECT
        user_no userNo,
        user_name userName,
        fa_id faId,
        fa_name faName
        FROM
        user_info
        WHERE
        user_type != 1
        AND
          enable = 1
        <if test="param2.userNos!=null and param2.userNos.size() !=0"  >
            and user_no in
            <foreach item="userNo" index="index" collection="param2.userNos" open="(" separator="," close=")">
                #{userNo}
            </foreach>
        </if>
        <if test="param2.userNos!=null and param2.userNos.size() ==0"  >
            and user_no in
            ('')
        </if>
        <if test="param2.userNos==null "  >
            and user_no in
            ('')
        </if>

    </select>

    <select id="getEnablePersonalBankByFaId" resultMap="userInfoMap">
        SELECT
         *
        FROM
          user_info
        WHERE
          fa_id = #{faId}
        AND
          enable_personal_bank = 1
        AND
          enable = 1
    </select>

    <select id="getUserInfoByFaId" resultMap="userInfoMap">
        SELECT
        *
        FROM
        user_info
        WHERE
        fa_id = #{faId}
    </select>


    <select id="queryPermissionsList" parameterType="map" resultType="com.lenovo.m2.hsbuy.domain.pay.ordersoa.SimpleUseInfoVO" >
        SELECT
        user_no userNo,
        user_name userName,
        fa_id faId,
        fa_name faName
        FROM
        user_info

    </select>

    <select id="queryListByremark" resultMap="userInfoMap">
        SELECT   * from user_info where remark =#{remark}

    </select>

</mapper>