<?xml version="1.0" encoding="UTF-8" ?>
<!DOCTYPE mapper PUBLIC "-//mybatis.org//DTD Mapper 3.0//EN" "http://mybatis.org/dtd/mybatis-3-mapper.dtd" >
<mapper namespace="com.lenovo.m2.hsbuy.dao.pay.ordersoa.WxPayOrderMapper" >
  <resultMap id="BaseResultMap" type="com.lenovo.m2.hsbuy.domain.pay.ordersoa.wxpay.WxPayOrder" >
    <id column="id" property="id" jdbcType="BIGINT" />
    <result column="u_id" property="uId" jdbcType="VARCHAR" />
    <result column="os" property="os" jdbcType="INTEGER" />
    <result column="merchant_id" property="merchantId" jdbcType="INTEGER" />
    <result column="pay_type" property="payType" jdbcType="INTEGER" />
    <result column="wmid" property="wmid" jdbcType="VARCHAR" />
    <result column="openid" property="openid" jdbcType="VARCHAR" />
    <result column="out_trade_no" property="outTradeNo" jdbcType="VARCHAR" />
    <result column="trade_state" property="tradeState" jdbcType="INTEGER" />
    <result column="total_fee" property="totalFee" jdbcType="INTEGER" />
    <result column="wx_flag" property="wxFlag" jdbcType="INTEGER" />
    <result column="merchant_flag" property="merchantFlag" jdbcType="INTEGER" />
    <result column="transation_id" property="transationId" jdbcType="VARCHAR" />
    <result column="product_fee" property="productFee" jdbcType="INTEGER" />
    <result column="transport_fee" property="transportFee" jdbcType="INTEGER" />
    <result column="notify_id" property="notifyId" jdbcType="VARCHAR" />
    <result column="goods_tag" property="goodsTag" jdbcType="VARCHAR" />
    <result column="time_expire" property="timeExpire" jdbcType="TIMESTAMP" />
    <result column="spbill_create_ip" property="spbillCreateIp" jdbcType="VARCHAR" />
    <result column="attach" property="attach" jdbcType="VARCHAR" />
    <result column="body" property="body" jdbcType="VARCHAR" />
    <result column="fee_type" property="feeType" jdbcType="INTEGER" />
    <result column="is_refund" property="isRefund" jdbcType="INTEGER" />
    <result column="time_end" property="timeEnd" jdbcType="TIMESTAMP" />
    <result column="time_start" property="timeStart" jdbcType="TIMESTAMP" />
    <result column="create_time" property="createTime" jdbcType="TIMESTAMP" />
    <result column="update_time" property="updateTime" jdbcType="TIMESTAMP" />
    <result column="version" property="version" jdbcType="INTEGER" />
    <result column="fq_rate" property="fqRate" jdbcType="VARCHAR" />
    <result column="fq_num" property="fqNum" jdbcType="INTEGER" />
    <result column="fq_code" property="fqCode" jdbcType="VARCHAR" />
    <result column="merchant_plat" property="merchantPlat" jdbcType="VARCHAR" />
    <result column="pay_bank" property="payBank" jdbcType="VARCHAR" />
    <result column="qr_pay_mode" property="qrPayMode" jdbcType="VARCHAR" />
    <result column="shop_id" property="shopId" jdbcType="VARCHAR" />
    <result column="terminal" property="terminal" jdbcType="VARCHAR" />
  </resultMap>
  <sql id="Base_Column_List" >
    id, u_id, os, merchant_id, pay_type, wmid, openid, out_trade_no, trade_state, total_fee,
    wx_flag, merchant_flag, transation_id, product_fee, transport_fee, notify_id, goods_tag, 
    time_expire, spbill_create_ip, attach, body, fee_type, is_refund, time_end, time_start, 
    create_time, update_time, version, fq_rate, fq_num, fq_code, merchant_plat, pay_bank, 
    qr_pay_mode, shop_id, terminal
  </sql>

    <!-- 对账查询 正向流水-->
    <select id="getPayOrderByConf" parameterType="java.util.Map" resultMap="BaseResultMap">
        SELECT * FROM wx_pay_order WHERE 1=1
        <if test="merchantId != null ">
            and merchant_id in
            <foreach collection="merchantId" item="merchantId" index="index"
                     open="(" close=")" separator=",">
                #{merchantId}
            </foreach>
        </if>
        <if test="transationId != null ">
            and transation_id in
            <foreach collection="transationId" item="transationId" index="index"
                     open="(" close=")" separator=",">
                #{transationId}
            </foreach>
        </if>
        <if test="createTimeS != null ">
            and update_time &gt;= #{createTimeS}
        </if>
        <if test="createTimeE != null ">
            and update_time &lt; #{createTimeE}
        </if>
        <if test="tradeState != null">
            and trade_state=#{tradeState}
        </if>
    </select>



    <select id="queryLocalFlow" parameterType="java.util.Map" resultMap="BaseResultMap">
        SELECT * FROM wx_pay_order WHERE 1=1
            and update_time &gt;= #{payTimeStart}
            and update_time &lt; #{payTimeEnd}
            <if test="outTradeNo != null ">
                and out_trade_no in
                <foreach collection="outTradeNo" item="item" index="index" open="(" close=")" separator=",">
                    #{item}
                </foreach>
            </if>
            and trade_state=1
    </select>

    <select id="queryLocalFlowSelectice" parameterType="java.util.Map" resultMap="BaseResultMap">
        SELECT * FROM wx_pay_order WHERE 1=1
        and trade_state=1
        <if test="transationId != null and transationId!=''">
            and transation_id = #{transationId}
        </if>
        <if test="orderCode != null and orderCode!=''">
            and locate(#{orderCode},out_trade_no) >0
        </if>
    </select>

    <update id="updatePayDetilHanndel" parameterType="java.util.Map">
        update wx_pay_order
        set update_time=#{updateTime}
        WHERE id=#{id}
    </update>


</mapper>