<?xml version="1.0" encoding="UTF-8" ?>
<!DOCTYPE mapper PUBLIC "-//mybatis.org//DTD Mapper 3.0//EN" "http://mybatis.org/dtd/mybatis-3-mapper.dtd" >
<mapper namespace="com.lenovo.m2.hsbuy.dao.sequence.GeneratorMapper" >
  <resultMap id="BaseResultMap" type="com.lenovo.m2.hsbuy.domain.sequence.Generator" >
    <id column="id" property="id" jdbcType="BIGINT" />
    <result column="ownerKey" property="ownerkey" jdbcType="VARCHAR" />
    <result column="ownerName" property="ownername" jdbcType="VARCHAR" />
    <result column="startIndex" property="startindex" jdbcType="BIGINT" />
    <result column="step" property="step" jdbcType="INTEGER" />
    <result column="isOrder" property="isorder" jdbcType="INTEGER" />
    <result column="updateTime" property="updatetime" jdbcType="TIMESTAMP" />
  </resultMap>

  <sql id="Base_Column_List" >
    id, ownerKey, ownerName, startIndex, step, isOrder, updateTime
  </sql>
  <select id="getGeneratorByKey" resultMap="BaseResultMap" parameterType="java.lang.String" >
    select
    <include refid="Base_Column_List" />
    from generator
    where ownerKey = #{ownerKey,jdbcType=VARCHAR}
  </select>

  <select id="getGeneratorList" resultMap="BaseResultMap">
    select
    <include refid="Base_Column_List" />
    from generator
  </select>

  <insert id="insert" parameterType="com.lenovo.m2.hsbuy.domain.sequence.Generator" >
    insert into generator (ownerKey, ownerName,
      startIndex, step, isOrder, 
      updateTime)
    values (#{ownerkey,jdbcType=VARCHAR}, #{ownername,jdbcType=VARCHAR},
      #{startindex,jdbcType=BIGINT}, #{step,jdbcType=INTEGER}, #{isorder,jdbcType=INTEGER},
      now())
  </insert>


  <update id="updateGenerator" parameterType="java.lang.String" >
    UPDATE generator SET startIndex= startIndex + step , updateTime =NOW()
    WHERE ownerKey=#{ownerKey,jdbcType=VARCHAR}
  </update>
</mapper>