<?xml version="1.0" encoding="UTF-8" ?>
<!DOCTYPE mapper PUBLIC "-//mybatis.org//DTD Mapper 3.0//EN" "http://mybatis.org/dtd/mybatis-3-mapper.dtd" >
<mapper namespace="com.lenovo.m2.hsbuy.dao.hslogistics.HuishanglogisticsMapper">
    
    <resultMap id="resultMap" type="com.lenovo.m2.hsbuy.domain.order.logistics.HsLogistics">
        <id column="id" property="id" jdbcType="INTEGER"/>
        <result column="billNo" property="billNo" jdbcType="VARCHAR"/>
        <result column="orderNOStr" property="orderNOStr" jdbcType="VARCHAR"/>
        <result column="stateName" property="stateName" jdbcType="VARCHAR"/>
        <result column="happenTime" property="happenTime" jdbcType="TIMESTAMP"/>
        <result column="remark" property="remark" jdbcType="VARCHAR"/>
        <result column="createTime" property="createTime" jdbcType="TIMESTAMP"/>
        <result column="createBy" property="createBy" jdbcType="VARCHAR"/>
    </resultMap>
    
    <sql id="all_select_param">
         id,billNo,orderNOStr,stateName,happenTime,orderType,remark,createTime,createBy
    </sql>
    
    <!--获取惠商的最旧的10条物流信息-->
    <!--public List<HsLogistics> getHsLogisticsInfos();-->
    <select id="getHsLogisticsInfos" resultType="com.lenovo.m2.hsbuy.domain.order.logistics.HsLogistics">
        select
        <include refid="all_select_param"></include>
        from logisticsinfo WHERE ISRead=0
        ORDER BY HappenTime
        LIMIT 20
    </select>
    
    <!-- 批量删除操作 -->
    <!--public void batchDeleteHsLogisticsInfos(List ids);-->
    <delete id="batchDeleteHsLogisticsInfos" parameterType="java.util.List">
        delete from logisticsinfo where id in
        <foreach collection="list" index="index" item="item" open="(" close=")" separator=",">
            #{item}
        </foreach>
    </delete>
    <!-- 批量更新物流信息 -->
    <!--public int batchUpdateHsLogisticsInfos(List ids);-->
    <update id="batchUpdateHsLogisticsInfos" parameterType="java.util.List">
        update logisticsinfo set IsRead=1
        where id in
        <foreach collection="list" index="index" item="item" open="(" close=")" separator=",">
            #{item}
        </foreach>
    </update>
</mapper>