<?xml version="1.0" encoding="UTF-8" ?>
<!DOCTYPE mapper PUBLIC "-//mybatis.org//DTD Mapper 3.0//EN" "http://mybatis.org/dtd/mybatis-3-mapper.dtd" >
<mapper namespace="com.lenovo.m2.hsbuy.dao.inventory.HsStockErrorMapper" >
  <resultMap id="BaseResultMap" type="com.lenovo.m2.hsbuy.domain.inventory.HsStockError" >
    <!--
      WARNING - @mbggenerated
      This element is automatically generated by MyBatis Generator, do not modify.
    -->
    <id column="id" property="id" jdbcType="BIGINT" />
    <result column="faid" property="faid" jdbcType="VARCHAR" />
    <result column="fxsno" property="fxsno" jdbcType="VARCHAR" />
    <result column="goods_code" property="goodsCode" jdbcType="VARCHAR" />
    <result column="stock_type" property="stockType" jdbcType="INTEGER" />
    <result column="flag" property="flag" jdbcType="INTEGER" />
    <result column="create_time" property="createTime" jdbcType="TIMESTAMP" />
    <result column="update_time" property="updateTime" jdbcType="TIMESTAMP" />
  </resultMap>
  <sql id="Example_Where_Clause" >
    <!--
      WARNING - @mbggenerated
      This element is automatically generated by MyBatis Generator, do not modify.
    -->
    <where >
      <foreach collection="oredCriteria" item="criteria" separator="or" >
        <if test="criteria.valid" >
          <trim prefix="(" suffix=")" prefixOverrides="and" >
            <foreach collection="criteria.criteria" item="criterion" >
              <choose >
                <when test="criterion.noValue" >
                  and ${criterion.condition}
                </when>
                <when test="criterion.singleValue" >
                  and ${criterion.condition} #{criterion.value}
                </when>
                <when test="criterion.betweenValue" >
                  and ${criterion.condition} #{criterion.value} and #{criterion.secondValue}
                </when>
                <when test="criterion.listValue" >
                  and ${criterion.condition}
                  <foreach collection="criterion.value" item="listItem" open="(" close=")" separator="," >
                    #{listItem}
                  </foreach>
                </when>
              </choose>
            </foreach>
          </trim>
        </if>
      </foreach>
    </where>
  </sql>
  <sql id="Update_By_Example_Where_Clause" >
    <!--
      WARNING - @mbggenerated
      This element is automatically generated by MyBatis Generator, do not modify.
    -->
    <where >
      <foreach collection="example.oredCriteria" item="criteria" separator="or" >
        <if test="criteria.valid" >
          <trim prefix="(" suffix=")" prefixOverrides="and" >
            <foreach collection="criteria.criteria" item="criterion" >
              <choose >
                <when test="criterion.noValue" >
                  and ${criterion.condition}
                </when>
                <when test="criterion.singleValue" >
                  and ${criterion.condition} #{criterion.value}
                </when>
                <when test="criterion.betweenValue" >
                  and ${criterion.condition} #{criterion.value} and #{criterion.secondValue}
                </when>
                <when test="criterion.listValue" >
                  and ${criterion.condition}
                  <foreach collection="criterion.value" item="listItem" open="(" close=")" separator="," >
                    #{listItem}
                  </foreach>
                </when>
              </choose>
            </foreach>
          </trim>
        </if>
      </foreach>
    </where>
  </sql>
  <sql id="Base_Column_List" >
    <!--
      WARNING - @mbggenerated
      This element is automatically generated by MyBatis Generator, do not modify.
    -->
    id, faid, fxsno, goods_code, stock_type, flag, create_time, update_time
  </sql>
  <select id="selectByExample" resultMap="BaseResultMap" parameterType="com.lenovo.m2.hsbuy.domain.inventory.HsStockErrorExample" >
    <!--
      WARNING - @mbggenerated
      This element is automatically generated by MyBatis Generator, do not modify.
    -->
    select
    <if test="distinct" >
      distinct
    </if>
    <include refid="Base_Column_List" />
    from hs_stock_error
    <if test="_parameter != null" >
      <include refid="Example_Where_Clause" />
    </if>
    <if test="orderByClause != null" >
      order by ${orderByClause}
    </if>
  </select>
  <select id="selectByPrimaryKey" resultMap="BaseResultMap" parameterType="java.lang.Long" >
    <!--
      WARNING - @mbggenerated
      This element is automatically generated by MyBatis Generator, do not modify.
    -->
    select 
    <include refid="Base_Column_List" />
    from hs_stock_error
    where id = #{id,jdbcType=BIGINT}
  </select>
  <delete id="deleteByPrimaryKey" parameterType="java.lang.Long" >
    <!--
      WARNING - @mbggenerated
      This element is automatically generated by MyBatis Generator, do not modify.
    -->
    delete from hs_stock_error
    where id = #{id,jdbcType=BIGINT}
  </delete>
  <delete id="deleteByExample" parameterType="com.lenovo.m2.hsbuy.domain.inventory.HsStockErrorExample" >
    <!--
      WARNING - @mbggenerated
      This element is automatically generated by MyBatis Generator, do not modify.
    -->
    delete from hs_stock_error
    <if test="_parameter != null" >
      <include refid="Example_Where_Clause" />
    </if>
  </delete>
  <insert id="insert" parameterType="com.lenovo.m2.hsbuy.domain.inventory.HsStockError" >
    <!--
      WARNING - @mbggenerated
      This element is automatically generated by MyBatis Generator, do not modify.
    -->
    insert into hs_stock_error (id, faid, fxsno, 
      goods_code, stock_type, flag, 
      create_time, update_time)
    values (#{id,jdbcType=BIGINT}, #{faid,jdbcType=VARCHAR}, #{fxsno,jdbcType=VARCHAR}, 
      #{goodsCode,jdbcType=VARCHAR}, #{stockType,jdbcType=INTEGER}, #{flag,jdbcType=INTEGER}, 
      #{createTime,jdbcType=TIMESTAMP}, #{updateTime,jdbcType=TIMESTAMP})
  </insert>
  <insert id="insertSelective" parameterType="com.lenovo.m2.hsbuy.domain.inventory.HsStockError" >
    <!--
      WARNING - @mbggenerated
      This element is automatically generated by MyBatis Generator, do not modify.
    -->
    insert into hs_stock_error
    <trim prefix="(" suffix=")" suffixOverrides="," >
      <if test="id != null" >
        id,
      </if>
      <if test="faid != null" >
        faid,
      </if>
      <if test="fxsno != null" >
        fxsno,
      </if>
      <if test="goodsCode != null" >
        goods_code,
      </if>
      <if test="stockType != null" >
        stock_type,
      </if>
      <if test="flag != null" >
        flag,
      </if>
      <if test="createTime != null" >
        create_time,
      </if>
      <if test="updateTime != null" >
        update_time,
      </if>
    </trim>
    <trim prefix="values (" suffix=")" suffixOverrides="," >
      <if test="id != null" >
        #{id,jdbcType=BIGINT},
      </if>
      <if test="faid != null" >
        #{faid,jdbcType=VARCHAR},
      </if>
      <if test="fxsno != null" >
        #{fxsno,jdbcType=VARCHAR},
      </if>
      <if test="goodsCode != null" >
        #{goodsCode,jdbcType=VARCHAR},
      </if>
      <if test="stockType != null" >
        #{stockType,jdbcType=INTEGER},
      </if>
      <if test="flag != null" >
        #{flag,jdbcType=INTEGER},
      </if>
      <if test="createTime != null" >
        #{createTime,jdbcType=TIMESTAMP},
      </if>
      <if test="updateTime != null" >
        #{updateTime,jdbcType=TIMESTAMP},
      </if>
    </trim>
  </insert>
  <select id="countByExample" parameterType="com.lenovo.m2.hsbuy.domain.inventory.HsStockErrorExample" resultType="java.lang.Integer" >
    <!--
      WARNING - @mbggenerated
      This element is automatically generated by MyBatis Generator, do not modify.
    -->
    select count(*) from hs_stock_error
    <if test="_parameter != null" >
      <include refid="Example_Where_Clause" />
    </if>
  </select>
  <update id="updateByExampleSelective" parameterType="map" >
    <!--
      WARNING - @mbggenerated
      This element is automatically generated by MyBatis Generator, do not modify.
    -->
    update hs_stock_error
    <set >
      <if test="record.id != null" >
        id = #{record.id,jdbcType=BIGINT},
      </if>
      <if test="record.faid != null" >
        faid = #{record.faid,jdbcType=VARCHAR},
      </if>
      <if test="record.fxsno != null" >
        fxsno = #{record.fxsno,jdbcType=VARCHAR},
      </if>
      <if test="record.goodsCode != null" >
        goods_code = #{record.goodsCode,jdbcType=VARCHAR},
      </if>
      <if test="record.stockType != null" >
        stock_type = #{record.stockType,jdbcType=INTEGER},
      </if>
      <if test="record.flag != null" >
        flag = #{record.flag,jdbcType=INTEGER},
      </if>
      <if test="record.createTime != null" >
        create_time = #{record.createTime,jdbcType=TIMESTAMP},
      </if>
      <if test="record.updateTime != null" >
        update_time = #{record.updateTime,jdbcType=TIMESTAMP},
      </if>
    </set>
    <if test="_parameter != null" >
      <include refid="Update_By_Example_Where_Clause" />
    </if>
  </update>
  <update id="updateByExample" parameterType="map" >
    <!--
      WARNING - @mbggenerated
      This element is automatically generated by MyBatis Generator, do not modify.
    -->
    update hs_stock_error
    set id = #{record.id,jdbcType=BIGINT},
      faid = #{record.faid,jdbcType=VARCHAR},
      fxsno = #{record.fxsno,jdbcType=VARCHAR},
      goods_code = #{record.goodsCode,jdbcType=VARCHAR},
      stock_type = #{record.stockType,jdbcType=INTEGER},
      flag = #{record.flag,jdbcType=INTEGER},
      create_time = #{record.createTime,jdbcType=TIMESTAMP},
      update_time = #{record.updateTime,jdbcType=TIMESTAMP}
    <if test="_parameter != null" >
      <include refid="Update_By_Example_Where_Clause" />
    </if>
  </update>
  <update id="updateByPrimaryKeySelective" parameterType="com.lenovo.m2.hsbuy.domain.inventory.HsStockError" >
    <!--
      WARNING - @mbggenerated
      This element is automatically generated by MyBatis Generator, do not modify.
    -->
    update hs_stock_error
    <set >
      <if test="faid != null" >
        faid = #{faid,jdbcType=VARCHAR},
      </if>
      <if test="fxsno != null" >
        fxsno = #{fxsno,jdbcType=VARCHAR},
      </if>
      <if test="goodsCode != null" >
        goods_code = #{goodsCode,jdbcType=VARCHAR},
      </if>
      <if test="stockType != null" >
        stock_type = #{stockType,jdbcType=INTEGER},
      </if>
      <if test="flag != null" >
        flag = #{flag,jdbcType=INTEGER},
      </if>
      <if test="createTime != null" >
        create_time = #{createTime,jdbcType=TIMESTAMP},
      </if>
      <if test="updateTime != null" >
        update_time = #{updateTime,jdbcType=TIMESTAMP},
      </if>
    </set>
    where id = #{id,jdbcType=BIGINT}
  </update>
  <update id="updateByPrimaryKey" parameterType="com.lenovo.m2.hsbuy.domain.inventory.HsStockError" >
    <!--
      WARNING - @mbggenerated
      This element is automatically generated by MyBatis Generator, do not modify.
    -->
    update hs_stock_error
    set faid = #{faid,jdbcType=VARCHAR},
      fxsno = #{fxsno,jdbcType=VARCHAR},
      goods_code = #{goodsCode,jdbcType=VARCHAR},
      stock_type = #{stockType,jdbcType=INTEGER},
      flag = #{flag,jdbcType=INTEGER},
      create_time = #{createTime,jdbcType=TIMESTAMP},
      update_time = #{updateTime,jdbcType=TIMESTAMP}
    where id = #{id,jdbcType=BIGINT}
  </update>
</mapper>