<?xml version="1.0" encoding="UTF-8"?>
<!DOCTYPE mapper PUBLIC "-//mybatis.org//DTD Mapper 3.0//EN" "http://mybatis.org/dtd/mybatis-3-mapper.dtd">
<mapper namespace="com.lenovo.m2.hsbuy.dao.inventory.HsStockMapper">
  <resultMap id="BaseResultMap" type="com.lenovo.m2.hsbuy.domain.inventory.HsStock">
    <!--
      WARNING - @mbggenerated
      This element is automatically generated by MyBatis Generator, do not modify.
    -->
    <id column="id" jdbcType="BIGINT" property="id" />
    <result column="facode" jdbcType="VARCHAR" property="facode" />
    <result column="faid" jdbcType="VARCHAR" property="faid" />
    <result column="faname" jdbcType="VARCHAR" property="faname" />
    <result column="warehouse" jdbcType="VARCHAR" property="warehouse" />
    <result column="goods_code" jdbcType="VARCHAR" property="goodsCode" />
    <result column="sec_ctogoodscode" jdbcType="VARCHAR" property="secCtogoodscode" />
    <result column="biztypecode" jdbcType="VARCHAR" property="biztypecode" />
    <result column="biztypename" jdbcType="VARCHAR" property="biztypename" />
    <result column="goods_name" jdbcType="VARCHAR" property="goodsName" />
    <result column="product_group_no" jdbcType="VARCHAR" property="productGroupNo" />
    <result column="product_group" jdbcType="VARCHAR" property="productGroup" />
    <result column="channel" jdbcType="VARCHAR" property="channel" />
    <result column="warehousename" jdbcType="VARCHAR" property="warehousename" />
    <result column="tmsordno" jdbcType="VARCHAR" property="tmsordno" />
    <result column="tmsagentordno" jdbcType="VARCHAR" property="tmsagentordno" />
    <result column="ordSign" jdbcType="VARCHAR" property="ordsign" />
    <result column="stock_number" jdbcType="INTEGER" property="stockNumber" />
    <result column="allotnum" jdbcType="INTEGER" property="allotnum" />
    <result column="stocktype" jdbcType="INTEGER" property="stocktype" />
    <result column="createtime" jdbcType="VARCHAR" property="createtime" />
    <result column="createby" jdbcType="VARCHAR" property="createby" />
  </resultMap>
  <sql id="Example_Where_Clause">
    <!--
      WARNING - @mbggenerated
      This element is automatically generated by MyBatis Generator, do not modify.
    -->
    <where>
      <foreach collection="oredCriteria" item="criteria" separator="or">
        <if test="criteria.valid">
          <trim prefix="(" prefixOverrides="and" suffix=")">
            <foreach collection="criteria.criteria" item="criterion">
              <choose>
                <when test="criterion.noValue">
                  and ${criterion.condition}
                </when>
                <when test="criterion.singleValue">
                  and ${criterion.condition} #{criterion.value}
                </when>
                <when test="criterion.betweenValue">
                  and ${criterion.condition} #{criterion.value} and #{criterion.secondValue}
                </when>
                <when test="criterion.listValue">
                  and ${criterion.condition}
                  <foreach close=")" collection="criterion.value" item="listItem" open="(" separator=",">
                    #{listItem}
                  </foreach>
                </when>
              </choose>
            </foreach>
          </trim>
        </if>
      </foreach>
    </where>
  </sql>
  <sql id="Update_By_Example_Where_Clause">
    <!--
      WARNING - @mbggenerated
      This element is automatically generated by MyBatis Generator, do not modify.
    -->
    <where>
      <foreach collection="example.oredCriteria" item="criteria" separator="or">
        <if test="criteria.valid">
          <trim prefix="(" prefixOverrides="and" suffix=")">
            <foreach collection="criteria.criteria" item="criterion">
              <choose>
                <when test="criterion.noValue">
                  and ${criterion.condition}
                </when>
                <when test="criterion.singleValue">
                  and ${criterion.condition} #{criterion.value}
                </when>
                <when test="criterion.betweenValue">
                  and ${criterion.condition} #{criterion.value} and #{criterion.secondValue}
                </when>
                <when test="criterion.listValue">
                  and ${criterion.condition}
                  <foreach close=")" collection="criterion.value" item="listItem" open="(" separator=",">
                    #{listItem}
                  </foreach>
                </when>
              </choose>
            </foreach>
          </trim>
        </if>
      </foreach>
    </where>
  </sql>
  <sql id="Base_Column_List">
    <!--
      WARNING - @mbggenerated
      This element is automatically generated by MyBatis Generator, do not modify.
    -->
    id, facode, faid, faname, warehouse, goods_code, sec_ctogoodscode, biztypecode, biztypename,
    goods_name, product_group_no, product_group, channel, warehousename, tmsordno, tmsagentordno,
    ordSign, stock_number, allotnum, stocktype, createtime, createby
  </sql>
  <select id="selectByExample" parameterType="com.lenovo.m2.hsbuy.domain.inventory.HsStockExample" resultMap="BaseResultMap">
    <!--
      WARNING - @mbggenerated
      This element is automatically generated by MyBatis Generator, do not modify.
    -->
    select
    <if test="distinct">
      distinct
    </if>
    <include refid="Base_Column_List" />
    from hs_stock
    <if test="_parameter != null">
      <include refid="Example_Where_Clause" />
    </if>
    <if test="orderByClause != null">
      order by ${orderByClause}
    </if>
  </select>
  <select id="selectByPrimaryKey" parameterType="java.lang.Long" resultMap="BaseResultMap">
    <!--
      WARNING - @mbggenerated
      This element is automatically generated by MyBatis Generator, do not modify.
    -->
    select
    <include refid="Base_Column_List" />
    from hs_stock
    where id = #{id,jdbcType=BIGINT}
  </select>
  <delete id="deleteByPrimaryKey" parameterType="java.lang.Long">
    <!--
      WARNING - @mbggenerated
      This element is automatically generated by MyBatis Generator, do not modify.
    -->
    delete from hs_stock
    where id = #{id,jdbcType=BIGINT}
  </delete>
  <delete id="deleteByExample" parameterType="com.lenovo.m2.hsbuy.domain.inventory.HsStockExample">
    <!--
      WARNING - @mbggenerated
      This element is automatically generated by MyBatis Generator, do not modify.
    -->
    delete from hs_stock
    <if test="_parameter != null">
      <include refid="Example_Where_Clause" />
    </if>
  </delete>
  <insert id="insert" parameterType="com.lenovo.m2.hsbuy.domain.inventory.HsStock">
    <!--
      WARNING - @mbggenerated
      This element is automatically generated by MyBatis Generator, do not modify.
    -->
    insert into hs_stock (id, facode, faid,
    faname, warehouse, goods_code,
    sec_ctogoodscode, biztypecode, biztypename,
    goods_name, product_group_no, product_group,
    channel, warehousename, tmsordno,
    tmsagentordno, ordSign, stock_number,
    allotnum, stocktype, createtime,
    createby)
    values (#{id,jdbcType=BIGINT}, #{facode,jdbcType=VARCHAR}, #{faid,jdbcType=VARCHAR},
    #{faname,jdbcType=VARCHAR}, #{warehouse,jdbcType=VARCHAR}, #{goodsCode,jdbcType=VARCHAR},
    #{secCtogoodscode,jdbcType=VARCHAR}, #{biztypecode,jdbcType=VARCHAR}, #{biztypename,jdbcType=VARCHAR},
    #{goodsName,jdbcType=VARCHAR}, #{productGroupNo,jdbcType=VARCHAR}, #{productGroup,jdbcType=VARCHAR},
    #{channel,jdbcType=VARCHAR}, #{warehousename,jdbcType=VARCHAR}, #{tmsordno,jdbcType=VARCHAR},
    #{tmsagentordno,jdbcType=VARCHAR}, #{ordsign,jdbcType=VARCHAR}, #{stockNumber,jdbcType=INTEGER},
    #{allotnum,jdbcType=INTEGER}, #{stocktype,jdbcType=INTEGER}, #{createtime,jdbcType=VARCHAR},
    #{createby,jdbcType=VARCHAR})
  </insert>
  <insert id="insertSelective" parameterType="com.lenovo.m2.hsbuy.domain.inventory.HsStock">
    <!--
      WARNING - @mbggenerated
      This element is automatically generated by MyBatis Generator, do not modify.
    -->
    insert into hs_stock
    <trim prefix="(" suffix=")" suffixOverrides=",">
      <if test="id != null">
        id,
      </if>
      <if test="facode != null">
        facode,
      </if>
      <if test="faid != null">
        faid,
      </if>
      <if test="faname != null">
        faname,
      </if>
      <if test="warehouse != null">
        warehouse,
      </if>
      <if test="goodsCode != null">
        goods_code,
      </if>
      <if test="secCtogoodscode != null">
        sec_ctogoodscode,
      </if>
      <if test="biztypecode != null">
        biztypecode,
      </if>
      <if test="biztypename != null">
        biztypename,
      </if>
      <if test="goodsName != null">
        goods_name,
      </if>
      <if test="productGroupNo != null">
        product_group_no,
      </if>
      <if test="productGroup != null">
        product_group,
      </if>
      <if test="channel != null">
        channel,
      </if>
      <if test="warehousename != null">
        warehousename,
      </if>
      <if test="tmsordno != null">
        tmsordno,
      </if>
      <if test="tmsagentordno != null">
        tmsagentordno,
      </if>
      <if test="ordsign != null">
        ordSign,
      </if>
      <if test="stockNumber != null">
        stock_number,
      </if>
      <if test="allotnum != null">
        allotnum,
      </if>
      <if test="stocktype != null">
        stocktype,
      </if>
      <if test="createtime != null">
        createtime,
      </if>
      <if test="createby != null">
        createby,
      </if>
    </trim>
    <trim prefix="values (" suffix=")" suffixOverrides=",">
      <if test="id != null">
        #{id,jdbcType=BIGINT},
      </if>
      <if test="facode != null">
        #{facode,jdbcType=VARCHAR},
      </if>
      <if test="faid != null">
        #{faid,jdbcType=VARCHAR},
      </if>
      <if test="faname != null">
        #{faname,jdbcType=VARCHAR},
      </if>
      <if test="warehouse != null">
        #{warehouse,jdbcType=VARCHAR},
      </if>
      <if test="goodsCode != null">
        #{goodsCode,jdbcType=VARCHAR},
      </if>
      <if test="secCtogoodscode != null">
        #{secCtogoodscode,jdbcType=VARCHAR},
      </if>
      <if test="biztypecode != null">
        #{biztypecode,jdbcType=VARCHAR},
      </if>
      <if test="biztypename != null">
        #{biztypename,jdbcType=VARCHAR},
      </if>
      <if test="goodsName != null">
        #{goodsName,jdbcType=VARCHAR},
      </if>
      <if test="productGroupNo != null">
        #{productGroupNo,jdbcType=VARCHAR},
      </if>
      <if test="productGroup != null">
        #{productGroup,jdbcType=VARCHAR},
      </if>
      <if test="channel != null">
        #{channel,jdbcType=VARCHAR},
      </if>
      <if test="warehousename != null">
        #{warehousename,jdbcType=VARCHAR},
      </if>
      <if test="tmsordno != null">
        #{tmsordno,jdbcType=VARCHAR},
      </if>
      <if test="tmsagentordno != null">
        #{tmsagentordno,jdbcType=VARCHAR},
      </if>
      <if test="ordsign != null">
        #{ordsign,jdbcType=VARCHAR},
      </if>
      <if test="stockNumber != null">
        #{stockNumber,jdbcType=INTEGER},
      </if>
      <if test="allotnum != null">
        #{allotnum,jdbcType=INTEGER},
      </if>
      <if test="stocktype != null">
        #{stocktype,jdbcType=INTEGER},
      </if>
      <if test="createtime != null">
        #{createtime,jdbcType=VARCHAR},
      </if>
      <if test="createby != null">
        #{createby,jdbcType=VARCHAR},
      </if>
    </trim>
  </insert>
  <select id="countByExample" parameterType="com.lenovo.m2.hsbuy.domain.inventory.HsStockExample" resultType="java.lang.Integer">
    <!--
      WARNING - @mbggenerated
      This element is automatically generated by MyBatis Generator, do not modify.
    -->
    select count(*) from hs_stock
    <if test="_parameter != null">
      <include refid="Example_Where_Clause" />
    </if>
  </select>
  <update id="updateByExampleSelective" parameterType="map">
    <!--
      WARNING - @mbggenerated
      This element is automatically generated by MyBatis Generator, do not modify.
    -->
    update hs_stock
    <set>
      <if test="record.id != null">
        id = #{record.id,jdbcType=BIGINT},
      </if>
      <if test="record.facode != null">
        facode = #{record.facode,jdbcType=VARCHAR},
      </if>
      <if test="record.faid != null">
        faid = #{record.faid,jdbcType=VARCHAR},
      </if>
      <if test="record.faname != null">
        faname = #{record.faname,jdbcType=VARCHAR},
      </if>
      <if test="record.warehouse != null">
        warehouse = #{record.warehouse,jdbcType=VARCHAR},
      </if>
      <if test="record.goodsCode != null">
        goods_code = #{record.goodsCode,jdbcType=VARCHAR},
      </if>
      <if test="record.secCtogoodscode != null">
        sec_ctogoodscode = #{record.secCtogoodscode,jdbcType=VARCHAR},
      </if>
      <if test="record.biztypecode != null">
        biztypecode = #{record.biztypecode,jdbcType=VARCHAR},
      </if>
      <if test="record.biztypename != null">
        biztypename = #{record.biztypename,jdbcType=VARCHAR},
      </if>
      <if test="record.goodsName != null">
        goods_name = #{record.goodsName,jdbcType=VARCHAR},
      </if>
      <if test="record.productGroupNo != null">
        product_group_no = #{record.productGroupNo,jdbcType=VARCHAR},
      </if>
      <if test="record.productGroup != null">
        product_group = #{record.productGroup,jdbcType=VARCHAR},
      </if>
      <if test="record.channel != null">
        channel = #{record.channel,jdbcType=VARCHAR},
      </if>
      <if test="record.warehousename != null">
        warehousename = #{record.warehousename,jdbcType=VARCHAR},
      </if>
      <if test="record.tmsordno != null">
        tmsordno = #{record.tmsordno,jdbcType=VARCHAR},
      </if>
      <if test="record.tmsagentordno != null">
        tmsagentordno = #{record.tmsagentordno,jdbcType=VARCHAR},
      </if>
      <if test="record.ordsign != null">
        ordSign = #{record.ordsign,jdbcType=VARCHAR},
      </if>
      <if test="record.stockNumber != null">
        stock_number = #{record.stockNumber,jdbcType=INTEGER},
      </if>
      <if test="record.allotnum != null">
        allotnum = #{record.allotnum,jdbcType=INTEGER},
      </if>
      <if test="record.stocktype != null">
        stocktype = #{record.stocktype,jdbcType=INTEGER},
      </if>
      <if test="record.createtime != null">
        createtime = #{record.createtime,jdbcType=VARCHAR},
      </if>
      <if test="record.createby != null">
        createby = #{record.createby,jdbcType=VARCHAR},
      </if>
    </set>
    <if test="_parameter != null">
      <include refid="Update_By_Example_Where_Clause" />
    </if>
  </update>
  <update id="updateByExample" parameterType="map">
    <!--
      WARNING - @mbggenerated
      This element is automatically generated by MyBatis Generator, do not modify.
    -->
    update hs_stock
    set id = #{record.id,jdbcType=BIGINT},
    facode = #{record.facode,jdbcType=VARCHAR},
    faid = #{record.faid,jdbcType=VARCHAR},
    faname = #{record.faname,jdbcType=VARCHAR},
    warehouse = #{record.warehouse,jdbcType=VARCHAR},
    goods_code = #{record.goodsCode,jdbcType=VARCHAR},
    sec_ctogoodscode = #{record.secCtogoodscode,jdbcType=VARCHAR},
    biztypecode = #{record.biztypecode,jdbcType=VARCHAR},
    biztypename = #{record.biztypename,jdbcType=VARCHAR},
    goods_name = #{record.goodsName,jdbcType=VARCHAR},
    product_group_no = #{record.productGroupNo,jdbcType=VARCHAR},
    product_group = #{record.productGroup,jdbcType=VARCHAR},
    channel = #{record.channel,jdbcType=VARCHAR},
    warehousename = #{record.warehousename,jdbcType=VARCHAR},
    tmsordno = #{record.tmsordno,jdbcType=VARCHAR},
    tmsagentordno = #{record.tmsagentordno,jdbcType=VARCHAR},
    ordSign = #{record.ordsign,jdbcType=VARCHAR},
    stock_number = #{record.stockNumber,jdbcType=INTEGER},
    allotnum = #{record.allotnum,jdbcType=INTEGER},
    stocktype = #{record.stocktype,jdbcType=INTEGER},
    createtime = #{record.createtime,jdbcType=VARCHAR},
    createby = #{record.createby,jdbcType=VARCHAR}
    <if test="_parameter != null">
      <include refid="Update_By_Example_Where_Clause" />
    </if>
  </update>
  <update id="updateByPrimaryKeySelective" parameterType="com.lenovo.m2.hsbuy.domain.inventory.HsStock">
    <!--
      WARNING - @mbggenerated
      This element is automatically generated by MyBatis Generator, do not modify.
    -->
    update hs_stock
    <set>
      <if test="facode != null">
        facode = #{facode,jdbcType=VARCHAR},
      </if>
      <if test="faid != null">
        faid = #{faid,jdbcType=VARCHAR},
      </if>
      <if test="faname != null">
        faname = #{faname,jdbcType=VARCHAR},
      </if>
      <if test="warehouse != null">
        warehouse = #{warehouse,jdbcType=VARCHAR},
      </if>
      <if test="goodsCode != null">
        goods_code = #{goodsCode,jdbcType=VARCHAR},
      </if>
      <if test="secCtogoodscode != null">
        sec_ctogoodscode = #{secCtogoodscode,jdbcType=VARCHAR},
      </if>
      <if test="biztypecode != null">
        biztypecode = #{biztypecode,jdbcType=VARCHAR},
      </if>
      <if test="biztypename != null">
        biztypename = #{biztypename,jdbcType=VARCHAR},
      </if>
      <if test="goodsName != null">
        goods_name = #{goodsName,jdbcType=VARCHAR},
      </if>
      <if test="productGroupNo != null">
        product_group_no = #{productGroupNo,jdbcType=VARCHAR},
      </if>
      <if test="productGroup != null">
        product_group = #{productGroup,jdbcType=VARCHAR},
      </if>
      <if test="channel != null">
        channel = #{channel,jdbcType=VARCHAR},
      </if>
      <if test="warehousename != null">
        warehousename = #{warehousename,jdbcType=VARCHAR},
      </if>
      <if test="tmsordno != null">
        tmsordno = #{tmsordno,jdbcType=VARCHAR},
      </if>
      <if test="tmsagentordno != null">
        tmsagentordno = #{tmsagentordno,jdbcType=VARCHAR},
      </if>
      <if test="ordsign != null">
        ordSign = #{ordsign,jdbcType=VARCHAR},
      </if>
      <if test="stockNumber != null">
        stock_number = #{stockNumber,jdbcType=INTEGER},
      </if>
      <if test="allotnum != null">
        allotnum = #{allotnum,jdbcType=INTEGER},
      </if>
      <if test="stocktype != null">
        stocktype = #{stocktype,jdbcType=INTEGER},
      </if>
      <if test="createtime != null">
        createtime = #{createtime,jdbcType=VARCHAR},
      </if>
      <if test="createby != null">
        createby = #{createby,jdbcType=VARCHAR},
      </if>
    </set>
    where id = #{id,jdbcType=BIGINT}
  </update>
  <update id="updateByPrimaryKey" parameterType="com.lenovo.m2.hsbuy.domain.inventory.HsStock">
    <!--
      WARNING - @mbggenerated
      This element is automatically generated by MyBatis Generator, do not modify.
    -->
    update hs_stock
    set facode = #{facode,jdbcType=VARCHAR},
    faid = #{faid,jdbcType=VARCHAR},
    faname = #{faname,jdbcType=VARCHAR},
    warehouse = #{warehouse,jdbcType=VARCHAR},
    goods_code = #{goodsCode,jdbcType=VARCHAR},
    sec_ctogoodscode = #{secCtogoodscode,jdbcType=VARCHAR},
    biztypecode = #{biztypecode,jdbcType=VARCHAR},
    biztypename = #{biztypename,jdbcType=VARCHAR},
    goods_name = #{goodsName,jdbcType=VARCHAR},
    product_group_no = #{productGroupNo,jdbcType=VARCHAR},
    product_group = #{productGroup,jdbcType=VARCHAR},
    channel = #{channel,jdbcType=VARCHAR},
    warehousename = #{warehousename,jdbcType=VARCHAR},
    tmsordno = #{tmsordno,jdbcType=VARCHAR},
    tmsagentordno = #{tmsagentordno,jdbcType=VARCHAR},
    ordSign = #{ordsign,jdbcType=VARCHAR},
    stock_number = #{stockNumber,jdbcType=INTEGER},
    allotnum = #{allotnum,jdbcType=INTEGER},
    stocktype = #{stocktype,jdbcType=INTEGER},
    createtime = #{createtime,jdbcType=VARCHAR},
    createby = #{createby,jdbcType=VARCHAR}
    where id = #{id,jdbcType=BIGINT}
  </update>
  <insert id="insertBatch" parameterType="java.util.List">
    insert into hs_stock (facode, faid,
    faname, biztypecode, biztypename,
    goods_code,sec_ctogoodscode, goods_name, product_group_no,
    product_group, channel, warehouse,
    warehousename, tmsordno, tmsagentordno,
    ordSign, stock_number, allotnum,
    stocktype, createtime, createby
    )
    values
    <foreach collection="list" index="index" item="item" separator=",">
      (#{item.facode,jdbcType=VARCHAR}, #{item.faid,jdbcType=VARCHAR},
      #{item.faname,jdbcType=VARCHAR}, #{item.biztypecode,jdbcType=VARCHAR}, #{item.biztypename,jdbcType=VARCHAR},
      #{item.goodsCode,jdbcType=VARCHAR}, #{item.secCtogoodscode,jdbcType=VARCHAR},#{item.goodsName,jdbcType=VARCHAR}, #{item.productGroupNo,jdbcType=VARCHAR},
      #{item.productGroup,jdbcType=VARCHAR}, #{item.channel,jdbcType=VARCHAR}, #{item.warehouse,jdbcType=VARCHAR},
      #{item.warehousename,jdbcType=VARCHAR}, #{item.tmsordno,jdbcType=VARCHAR}, #{item.tmsagentordno,jdbcType=VARCHAR},
      #{item.ordsign,jdbcType=VARCHAR}, #{item.stockNumber,jdbcType=INTEGER}, #{item.allotnum,jdbcType=INTEGER},
      #{item.stocktype,jdbcType=INTEGER}, #{item.createtime,jdbcType=VARCHAR}, #{item.createby,jdbcType=VARCHAR}
      )
    </foreach>
  </insert>
  <select flushCache="false" id="getHsOwnStockPage" parameterType="map" resultMap="BaseResultMap" useCache="true">
    select * from hs_stock
    <where>
      <if test="param2.facode!=null and param2.facode!=''">
        and facode = #{param2.facode}
      </if>
      <if test="param2.faname!=null and param2.faname!=''">
        and faname = #{param2.faname}
      </if>
      <if test="param2.faid!=null and param2.faid!=''">
        and faid = #{param2.faid}
      </if>
      <if test="param2.goodsCode!=null and param2.goodsCode!=''">
        and goods_code = #{param2.goodsCode}
      </if>
      <if test="param2.FAInfos!=null">
        and faid in
        <foreach close=")" collection="param2.FAInfos" index="index" item="fa" open="(" separator=",">
          #{fa}
        </foreach>
      </if>
      <if test="param2.createTime_start!=null and param2.createTime_start!=''">
        and DATE_FORMAT(createtime,'%Y-%m-%d') &gt;= #{param2.createTime_start}
      </if>
      <if test="param2.createTime_end!=null and param2.createTime_end!=''">
        and DATE_FORMAT(createtime,'%Y-%m-%d') &lt;= #{param2.createTime_end}
      </if>
      and stocktype = 2
    </where>
    ORDER BY createtime DESC
  </select>
  <update id="castHsOwnStock" parameterType="map">
    UPDATE hs_stock SET stock_number = stock_number - #{goodsNumber}
    WHERE faid = #{faid} AND goods_code = #{goodsCode} AND product_group_no = #{productGroupNo}
    AND stocktype = 2 AND stock_number >= #{goodsNumber}
  </update>
</mapper>