<?xml version="1.0" encoding="UTF-8"?>
<!DOCTYPE mapper PUBLIC "-//mybatis.org//DTD Mapper 3.0//EN" "http://mybatis.org/dtd/mybatis-3-mapper.dtd">
<mapper namespace="com.lenovo.m2.hsbuy.dao.inventory.HsWaterLevelStockMapper">
  <resultMap id="BaseResultMap" type="com.lenovo.m2.hsbuy.domain.inventory.HsWaterLevelStock">
    <!--
      WARNING - @mbggenerated
      This element is automatically generated by MyBatis Generator, do not modify.
    -->
    <id column="id" jdbcType="BIGINT" property="id" />
    <result column="fxsno" jdbcType="VARCHAR" property="fxsno" />
    <result column="faid" jdbcType="VARCHAR" property="faid" />
    <result column="fxsname" jdbcType="VARCHAR" property="fxsname" />
    <result column="water_level" jdbcType="INTEGER" property="waterLevel" />
    <result column="remark" jdbcType="VARCHAR" property="remark" />
    <result column="create_time" jdbcType="TIMESTAMP" property="createTime" />
    <result column="update_time" jdbcType="TIMESTAMP" property="updateTime" />
    <result column="operator" jdbcType="VARCHAR" property="operator" />
  </resultMap>
  <sql id="Example_Where_Clause">
    <!--
      WARNING - @mbggenerated
      This element is automatically generated by MyBatis Generator, do not modify.
    -->
    <where>
      <foreach collection="oredCriteria" item="criteria" separator="or">
        <if test="criteria.valid">
          <trim prefix="(" prefixOverrides="and" suffix=")">
            <foreach collection="criteria.criteria" item="criterion">
              <choose>
                <when test="criterion.noValue">
                  and ${criterion.condition}
                </when>
                <when test="criterion.singleValue">
                  and ${criterion.condition} #{criterion.value}
                </when>
                <when test="criterion.betweenValue">
                  and ${criterion.condition} #{criterion.value} and #{criterion.secondValue}
                </when>
                <when test="criterion.listValue">
                  and ${criterion.condition}
                  <foreach close=")" collection="criterion.value" item="listItem" open="(" separator=",">
                    #{listItem}
                  </foreach>
                </when>
              </choose>
            </foreach>
          </trim>
        </if>
      </foreach>
    </where>
  </sql>
  <sql id="Update_By_Example_Where_Clause">
    <!--
      WARNING - @mbggenerated
      This element is automatically generated by MyBatis Generator, do not modify.
    -->
    <where>
      <foreach collection="example.oredCriteria" item="criteria" separator="or">
        <if test="criteria.valid">
          <trim prefix="(" prefixOverrides="and" suffix=")">
            <foreach collection="criteria.criteria" item="criterion">
              <choose>
                <when test="criterion.noValue">
                  and ${criterion.condition}
                </when>
                <when test="criterion.singleValue">
                  and ${criterion.condition} #{criterion.value}
                </when>
                <when test="criterion.betweenValue">
                  and ${criterion.condition} #{criterion.value} and #{criterion.secondValue}
                </when>
                <when test="criterion.listValue">
                  and ${criterion.condition}
                  <foreach close=")" collection="criterion.value" item="listItem" open="(" separator=",">
                    #{listItem}
                  </foreach>
                </when>
              </choose>
            </foreach>
          </trim>
        </if>
      </foreach>
    </where>
  </sql>
  <sql id="Base_Column_List">
    <!--
      WARNING - @mbggenerated
      This element is automatically generated by MyBatis Generator, do not modify.
    -->
    id, fxsno, faid, fxsname, water_level, remark, create_time, update_time, operator
  </sql>
  <select id="selectByExample" parameterType="com.lenovo.m2.hsbuy.domain.inventory.HsWaterLevelStockExample" resultMap="BaseResultMap">
    <!--
      WARNING - @mbggenerated
      This element is automatically generated by MyBatis Generator, do not modify.
    -->
    select
    <if test="distinct">
      distinct
    </if>
    <include refid="Base_Column_List" />
    from hs_water_level_stock
    <if test="_parameter != null">
      <include refid="Example_Where_Clause" />
    </if>
    <if test="orderByClause != null">
      order by ${orderByClause}
    </if>
  </select>
  <select id="selectByPrimaryKey" parameterType="java.lang.Long" resultMap="BaseResultMap">
    <!--
      WARNING - @mbggenerated
      This element is automatically generated by MyBatis Generator, do not modify.
    -->
    select 
    <include refid="Base_Column_List" />
    from hs_water_level_stock
    where id = #{id,jdbcType=BIGINT}
  </select>
  <delete id="deleteByPrimaryKey" parameterType="java.lang.Long">
    <!--
      WARNING - @mbggenerated
      This element is automatically generated by MyBatis Generator, do not modify.
    -->
    delete from hs_water_level_stock
    where id = #{id,jdbcType=BIGINT}
  </delete>
  <delete id="deleteByExample" parameterType="com.lenovo.m2.hsbuy.domain.inventory.HsWaterLevelStockExample">
    <!--
      WARNING - @mbggenerated
      This element is automatically generated by MyBatis Generator, do not modify.
    -->
    delete from hs_water_level_stock
    <if test="_parameter != null">
      <include refid="Example_Where_Clause" />
    </if>
  </delete>
  <insert id="insert" parameterType="com.lenovo.m2.hsbuy.domain.inventory.HsWaterLevelStock">
    <!--
      WARNING - @mbggenerated
      This element is automatically generated by MyBatis Generator, do not modify.
    -->
    insert into hs_water_level_stock (id, fxsno, faid, 
      fxsname, water_level, remark, 
      create_time, update_time, operator
      )
    values (#{id,jdbcType=BIGINT}, #{fxsno,jdbcType=VARCHAR}, #{faid,jdbcType=VARCHAR}, 
      #{fxsname,jdbcType=VARCHAR}, #{waterLevel,jdbcType=INTEGER}, #{remark,jdbcType=VARCHAR}, 
      #{createTime,jdbcType=TIMESTAMP}, #{updateTime,jdbcType=TIMESTAMP}, #{operator,jdbcType=VARCHAR}
      )
  </insert>
  <insert id="insertSelective" parameterType="com.lenovo.m2.hsbuy.domain.inventory.HsWaterLevelStock">
    <!--
      WARNING - @mbggenerated
      This element is automatically generated by MyBatis Generator, do not modify.
    -->
    insert into hs_water_level_stock
    <trim prefix="(" suffix=")" suffixOverrides=",">
      <if test="id != null">
        id,
      </if>
      <if test="fxsno != null">
        fxsno,
      </if>
      <if test="faid != null">
        faid,
      </if>
      <if test="fxsname != null">
        fxsname,
      </if>
      <if test="waterLevel != null">
        water_level,
      </if>
      <if test="remark != null">
        remark,
      </if>
      <if test="createTime != null">
        create_time,
      </if>
      <if test="updateTime != null">
        update_time,
      </if>
      <if test="operator != null">
        operator,
      </if>
    </trim>
    <trim prefix="values (" suffix=")" suffixOverrides=",">
      <if test="id != null">
        #{id,jdbcType=BIGINT},
      </if>
      <if test="fxsno != null">
        #{fxsno,jdbcType=VARCHAR},
      </if>
      <if test="faid != null">
        #{faid,jdbcType=VARCHAR},
      </if>
      <if test="fxsname != null">
        #{fxsname,jdbcType=VARCHAR},
      </if>
      <if test="waterLevel != null">
        #{waterLevel,jdbcType=INTEGER},
      </if>
      <if test="remark != null">
        #{remark,jdbcType=VARCHAR},
      </if>
      <if test="createTime != null">
        #{createTime,jdbcType=TIMESTAMP},
      </if>
      <if test="updateTime != null">
        #{updateTime,jdbcType=TIMESTAMP},
      </if>
      <if test="operator != null">
        #{operator,jdbcType=VARCHAR},
      </if>
    </trim>
  </insert>
  <select id="countByExample" parameterType="com.lenovo.m2.hsbuy.domain.inventory.HsWaterLevelStockExample" resultType="java.lang.Integer">
    <!--
      WARNING - @mbggenerated
      This element is automatically generated by MyBatis Generator, do not modify.
    -->
    select count(*) from hs_water_level_stock
    <if test="_parameter != null">
      <include refid="Example_Where_Clause" />
    </if>
  </select>
  <update id="updateByExampleSelective" parameterType="map">
    <!--
      WARNING - @mbggenerated
      This element is automatically generated by MyBatis Generator, do not modify.
    -->
    update hs_water_level_stock
    <set>
      <if test="record.id != null">
        id = #{record.id,jdbcType=BIGINT},
      </if>
      <if test="record.fxsno != null">
        fxsno = #{record.fxsno,jdbcType=VARCHAR},
      </if>
      <if test="record.faid != null">
        faid = #{record.faid,jdbcType=VARCHAR},
      </if>
      <if test="record.fxsname != null">
        fxsname = #{record.fxsname,jdbcType=VARCHAR},
      </if>
      <if test="record.waterLevel != null">
        water_level = #{record.waterLevel,jdbcType=INTEGER},
      </if>
      <if test="record.remark != null">
        remark = #{record.remark,jdbcType=VARCHAR},
      </if>
      <if test="record.createTime != null">
        create_time = #{record.createTime,jdbcType=TIMESTAMP},
      </if>
      <if test="record.updateTime != null">
        update_time = #{record.updateTime,jdbcType=TIMESTAMP},
      </if>
      <if test="record.operator != null">
        operator = #{record.operator,jdbcType=VARCHAR},
      </if>
    </set>
    <if test="_parameter != null">
      <include refid="Update_By_Example_Where_Clause" />
    </if>
  </update>
  <update id="updateByExample" parameterType="map">
    <!--
      WARNING - @mbggenerated
      This element is automatically generated by MyBatis Generator, do not modify.
    -->
    update hs_water_level_stock
    set id = #{record.id,jdbcType=BIGINT},
      fxsno = #{record.fxsno,jdbcType=VARCHAR},
      faid = #{record.faid,jdbcType=VARCHAR},
      fxsname = #{record.fxsname,jdbcType=VARCHAR},
      water_level = #{record.waterLevel,jdbcType=INTEGER},
      remark = #{record.remark,jdbcType=VARCHAR},
      create_time = #{record.createTime,jdbcType=TIMESTAMP},
      update_time = #{record.updateTime,jdbcType=TIMESTAMP},
      operator = #{record.operator,jdbcType=VARCHAR}
    <if test="_parameter != null">
      <include refid="Update_By_Example_Where_Clause" />
    </if>
  </update>
  <update id="updateByPrimaryKeySelective" parameterType="com.lenovo.m2.hsbuy.domain.inventory.HsWaterLevelStock">
    <!--
      WARNING - @mbggenerated
      This element is automatically generated by MyBatis Generator, do not modify.
    -->
    update hs_water_level_stock
    <set>
      <if test="fxsno != null">
        fxsno = #{fxsno,jdbcType=VARCHAR},
      </if>
      <if test="faid != null">
        faid = #{faid,jdbcType=VARCHAR},
      </if>
      <if test="fxsname != null">
        fxsname = #{fxsname,jdbcType=VARCHAR},
      </if>
      <if test="waterLevel != null">
        water_level = #{waterLevel,jdbcType=INTEGER},
      </if>
      <if test="remark != null">
        remark = #{remark,jdbcType=VARCHAR},
      </if>
      <if test="createTime != null">
        create_time = #{createTime,jdbcType=TIMESTAMP},
      </if>
      <if test="updateTime != null">
        update_time = #{updateTime,jdbcType=TIMESTAMP},
      </if>
      <if test="operator != null">
        operator = #{operator,jdbcType=VARCHAR},
      </if>
    </set>
    where id = #{id,jdbcType=BIGINT}
  </update>
  <update id="updateByPrimaryKey" parameterType="com.lenovo.m2.hsbuy.domain.inventory.HsWaterLevelStock">
    <!--
      WARNING - @mbggenerated
      This element is automatically generated by MyBatis Generator, do not modify.
    -->
    update hs_water_level_stock
    set fxsno = #{fxsno,jdbcType=VARCHAR},
      faid = #{faid,jdbcType=VARCHAR},
      fxsname = #{fxsname,jdbcType=VARCHAR},
      water_level = #{waterLevel,jdbcType=INTEGER},
      remark = #{remark,jdbcType=VARCHAR},
      create_time = #{createTime,jdbcType=TIMESTAMP},
      update_time = #{updateTime,jdbcType=TIMESTAMP},
      operator = #{operator,jdbcType=VARCHAR}
    where id = #{id,jdbcType=BIGINT}
  </update>
  <select flushCache="false" id="getHsWaterLevelStockPage" parameterType="map" resultMap="BaseResultMap" useCache="true">
  select * from hs_water_level_stock
  <where>
    <if test="param2.id!=null and param2.id!=''">
      and id = #{param2.id}
    </if>
    <if test="param2.fxsno!=null and param2.fxsno!=''">
      and fxsno = #{param2.fxsno}
    </if>
    <if test="param2.fxsname!=null and param2.fxsname!=''">
      and fxsname = #{param2.fxsname}
    </if>
    <if test="param2.faid!=null and param2.faid!=''">
      and faid = #{param2.faid}
    </if>
    <if test="param2.operator!=null and param2.operator!=''">
      and operator = #{param2.operator}
    </if>
    <if test="param2.FAInfos!=null">
      and faid in
      <foreach close=")" collection="param2.FAInfos" index="index" item="faId" open="(" separator=",">
        #{faId}
      </foreach>
    </if>
    <if test="param2.createTime_start!=null and param2.createTime_start!=''">
      and DATE_FORMAT(create_time,'%Y-%m-%d') &gt;= #{param2.createTime_start}
    </if>
    <if test="param2.createTime_end!=null and param2.createTime_end!=''">
      and DATE_FORMAT(create_time,'%Y-%m-%d') &lt;= #{param2.createTime_end}
    </if>
    <if test="param2.updateTime_start!=null and param2.updateTime_start!=''">
      and DATE_FORMAT(update_time,'%Y-%m-%d') &gt;= #{param2.updateTime_start}
    </if>
    <if test="param2.updateTime_end!=null and param2.updateTime_end!=''">
      and DATE_FORMAT(update_time,'%Y-%m-%d') &lt;= #{param2.updateTime_end}
    </if>
  </where>
  ORDER BY create_time DESC
</select>
</mapper>