<?xml version="1.0" encoding="UTF-8" ?>
<!DOCTYPE mapper
        PUBLIC "-//mybatis.org//DTD Mapper 3.0//EN"
        "http://mybatis.org/dtd/mybatis-3-mapper.dtd">

<mapper namespace="com.lenovo.m2.hsbuy.dao.inventory.OrderAndStockDao">

    <resultMap id="OrderAndStock" type="com.lenovo.m2.hsbuy.domain.inventory.OrderAndStock">
        <id column="id" property="id"/>
        <result column="order_info_id" property="orderInfo.orderId"/>
        <result column="goods_number" property="goodsNumber"/>
        <result column="faid" property="stockInfo.faid"/>
        <result column="sales_type" property="stockInfo.salesType"/>
        <result column="goods_code" property="stockInfo.goodsCode"/>
        <result column="is_gift" property="stockInfo.isGift"/>
        <result column="is_entity" property="stockInfo.isEntity"/>
        <result column="stock_info_id" property="stockInfo.stockInfoId"/>
        <result column="product_code" property="productCode"/>
        <result column="activity_type" property="activityType"/>
        <result column="shopid" property="shopId"/>
        <result column="store_id" property="storeId"/>
    </resultMap>

    <insert id="insertOrderAndStock" parameterType="OrderAndStock" flushCache="true" useGeneratedKeys="true"
            keyProperty="id">
        INSERT INTO order_and_stock (order_info_id, goods_number, faid, sales_type, goods_code, is_gift, is_entity, stock_info_id,activity_type,product_code,shopid,store_id)
        VALUES (#{orderInfo.orderId}, #{goodsNumber},#{stockInfo.faid},#{stockInfo.salesType},#{stockInfo.goodsCode},#{stockInfo.isGift},#{stockInfo.isEntity},
        #{stockInfo.stockInfoId},#{activityType},#{productCode},#{shopId},#{storeId})
    </insert>

    <select id="queryOrderAndStocks" resultMap="OrderAndStock" flushCache="false" >
        select * from order_and_stock where order_info_id=#{orderId}
        <if test="shopId != null">
              and shopid =#{shopId}
        </if>
          order by stock_info_id
    </select>
    <select id="getStockInfoByOrderCode" resultMap="OrderAndStock">
        SELECT * from order_and_stock where order_info_id =
        (SELECT order_info_id from order_info where order_info_code = #{orderCode})
    </select>
</mapper>