<?xml version="1.0" encoding="UTF-8" ?>
<!DOCTYPE mapper
        PUBLIC "-//mybatis.org//DTD Mapper 3.0//EN"
        "http://mybatis.org/dtd/mybatis-3-mapper.dtd">

<mapper namespace="com.lenovo.m2.hsbuy.dao.inventory.OrderDao">

    <resultMap id="OrderInfo" type="com.lenovo.m2.hsbuy.domain.inventory.OrderInfo">
        <id column="order_info_id" property="orderId"/>
        <result column="order_info_code" property="orderCode"/>
        <result column="order_state" property="orderState"/>
        <result column="order_time" property="orderTime"/>
        <result column="create_time" property="createTime"/>
        <result column="update_time" property="updateTime"/>
        <result column="uuid" property="uuid"/>
        <result column="shopid" property="shopId"/>
    </resultMap>
    <resultMap id="OrderAndStock" type="com.lenovo.m2.hsbuy.domain.inventory.OrderAndStock">
        <id column="id" property="id"/>
        <result column="order_info_id" property="orderInfo.orderId"/>
        <result column="order_info_code" property="orderInfo.orderCode"/>
        <result column="order_state" property="orderInfo.orderState"/>
        <result column="goods_number" property="goodsNumber"/>
        <result column="faid" property="stockInfo.faid"/>
        <result column="platform_code" property="platformCode"/>
        <result column="sales_type" property="stockInfo.salesType"/>
        <result column="goods_code" property="stockInfo.goodsCode"/>
        <result column="is_gift" property="stockInfo.isGift"/>
        <result column="is_entity" property="stockInfo.isEntity"/>
        <result column="stock_info_id" property="stockInfo.stockInfoId"/>
        <result column="sales_company_name" property="stockInfo.salesCompanyName"/>
        <result column="order_time" property="orderInfo.orderTime"/>
        <result column="create_time" property="orderInfo.createTime"/>
        <result column="product_code" property="productCode"/>
        <result column="activity_type" property="activityType"/>
        <result column="shopid" property="shopId"/>
    </resultMap>
    <resultMap id="MainAndSubOrder" type="com.lenovo.m2.hsbuy.domain.inventory.MainAndSubOrder">
        <result column="mOrderInfoId" property="mOrderInfoId"/>
        <result column="sOrderInfoId" property="sOrderInfoId"/>
        <result column="splited" property="splited"/>
        <result column="shopid" property="shopId"/>
    </resultMap>
    <insert id="insertOrderInfo" parameterType="Order" flushCache="true" useGeneratedKeys="true"
            keyProperty="orderId">
        INSERT INTO order_info (order_state, order_time, create_time, update_time, uuid, order_info_code,shopid)
        VALUES (#{orderState}, now(), now(), now(), #{uuid}, #{orderCode},#{shopId})
    </insert>

    <update id="updateOrderCode" >
        update order_info
        set order_info_code=#{orderCode}, order_state=1, update_time=now()
        where order_state=0 and order_info_id=#{orderId}
        <if test="shopId != null">
            and shopid =#{shopId}
        </if>
    </update>

    <update id="updateOrderStateById" >
        update order_info
        set order_state=#{toOrderState},update_time=now()
        where order_state=#{fromOrderState} and order_info_id=#{orderId}
    </update>

    <update id="updateOrderStateByCode">
        update order_info
        set order_state=#{toOrderState},update_time=now()
        where order_info_code=#{orderCode} and order_state=#{fromOrderState}
        <if test="shopId != null">
            and shopid =#{shopId}
        </if>
    </update>

    <select id="getOrderInfoPage" parameterType="map"  resultMap="OrderAndStock">
        select o.*, oas.goods_number, oas.faid, oas.platform_code,  oas.sales_type, oas.goods_code, oas.is_gift, oas.is_entity ,s.sales_company_name
        from order_info o, order_and_stock oas, stock_info s
        where s.stock_info_id=#{param2.stock_info_id} and s.stock_info_id=oas.stock_info_id and oas.order_info_id=o.order_info_id
        <if test="param2.order_state != null">
            and o.order_state = #{param2.order_state}
        </if>
    </select>

    <select id="getOrderInfoById" resultMap="OrderInfo" flushCache="false">
        select * from order_info where order_info_id=#{orderId}
    </select>

    <select id="getOrderInfoByCode" resultMap="OrderInfo" flushCache="false">
        select * from order_info where order_info_code=#{orderCode}
        <if test="shopId != null">
             and shopid =#{shopId}
        </if>
    </select>

    <select id="getStockAndOrderByCode" resultMap="OrderAndStock">
        select o.*, oas.goods_number, oas.faid, oas.platform_code, oas.sales_type, oas.goods_code, oas.is_gift, oas.is_entity ,s.sales_company_name, s.stock_info_id,oas.product_code,oas.activity_type
        from order_info o, order_and_stock oas, stock_info s
        where o.order_info_code=#{orderCode} and s.stock_info_id=oas.stock_info_id and oas.order_info_id=o.order_info_id
        <if test="shopId != null">
             and s.shopid =#{shopId}
        </if>
        order by s.stock_info_id
    </select>

    <insert id="insertMainOrderAndSubOrder" >
        INSERT INTO order_main_and_sub (m_order_info_id, s_order_info_id,splited,shopid)
        VALUES (#{mOrderInfoId}, #{sOrderInfoId},0,#{shopId})
    </insert>

    <select id="getMainAndSubOrderBySubOrderId" parameterType="long"  resultMap="MainAndSubOrder">
      SELECT * FROM order_main_and_sub WHERE s_order_info_id=#{sOrderInfoId}
        <if test="shopId != null">
            and shopid =#{shopId}
        </if>
    </select>
    <update id="updateMainAndSubOrder">
        update order_main_and_sub
        set splited=#{splited}
        where m_order_info_id=#{mOrderInfoId} and s_order_info_id=#{sOrderInfoId}
        <if test="shopId != null">
            and shopid =#{shopId}
        </if>
    </update>
</mapper>