<?xml version="1.0" encoding="UTF-8"?>
<!DOCTYPE mapper PUBLIC "-//mybatis.org//DTD Mapper 3.0//EN" "http://mybatis.org/dtd/mybatis-3-mapper.dtd">
<mapper namespace="com.lenovo.m2.hsbuy.dao.inventory.PlatformStockInfoDao">
  <resultMap id="BaseResultMap" type="com.lenovo.m2.hsbuy.domain.inventory.PlatformStockInfo">
    <!--
      WARNING - @mbggenerated
      This element is automatically generated by MyBatis Generator, do not modify.
    -->
    <id column="id" jdbcType="BIGINT" property="id" />
    <result column="goods_code" jdbcType="VARCHAR" property="goodsCode" />
    <result column="goods_name" jdbcType="VARCHAR" property="goodsName" />
    <result column="stock_number" jdbcType="INTEGER" property="stockNumber" />
    <result column="assigned_number" jdbcType="INTEGER" property="assignedNumber" />
    <result column="create_time" jdbcType="TIMESTAMP" property="createTime" />
    <result column="update_time" jdbcType="TIMESTAMP" property="updateTime" />
    <result column="invalid" jdbcType="INTEGER" property="invalid" />
    <result column="operator" jdbcType="VARCHAR" property="operator" />
    <result column="bu_owner" jdbcType="VARCHAR" property="buOwner" />
    <result column="company_id" jdbcType="VARCHAR" property="companyId" />
  </resultMap>
  <sql id="Example_Where_Clause">
    <!--
      WARNING - @mbggenerated
      This element is automatically generated by MyBatis Generator, do not modify.
    -->
    <where>
      <foreach collection="oredCriteria" item="criteria" separator="or">
        <if test="criteria.valid">
          <trim prefix="(" prefixOverrides="and" suffix=")">
            <foreach collection="criteria.criteria" item="criterion">
              <choose>
                <when test="criterion.noValue">
                  and ${criterion.condition}
                </when>
                <when test="criterion.singleValue">
                  and ${criterion.condition} #{criterion.value}
                </when>
                <when test="criterion.betweenValue">
                  and ${criterion.condition} #{criterion.value} and #{criterion.secondValue}
                </when>
                <when test="criterion.listValue">
                  and ${criterion.condition}
                  <foreach close=")" collection="criterion.value" item="listItem" open="(" separator=",">
                    #{listItem}
                  </foreach>
                </when>
              </choose>
            </foreach>
          </trim>
        </if>
      </foreach>
    </where>
  </sql>
  <sql id="Update_By_Example_Where_Clause">
    <!--
      WARNING - @mbggenerated
      This element is automatically generated by MyBatis Generator, do not modify.
    -->
    <where>
      <foreach collection="example.oredCriteria" item="criteria" separator="or">
        <if test="criteria.valid">
          <trim prefix="(" prefixOverrides="and" suffix=")">
            <foreach collection="criteria.criteria" item="criterion">
              <choose>
                <when test="criterion.noValue">
                  and ${criterion.condition}
                </when>
                <when test="criterion.singleValue">
                  and ${criterion.condition} #{criterion.value}
                </when>
                <when test="criterion.betweenValue">
                  and ${criterion.condition} #{criterion.value} and #{criterion.secondValue}
                </when>
                <when test="criterion.listValue">
                  and ${criterion.condition}
                  <foreach close=")" collection="criterion.value" item="listItem" open="(" separator=",">
                    #{listItem}
                  </foreach>
                </when>
              </choose>
            </foreach>
          </trim>
        </if>
      </foreach>
    </where>
  </sql>
  <sql id="Base_Column_List">
    <!--
      WARNING - @mbggenerated
      This element is automatically generated by MyBatis Generator, do not modify.
    -->
    id, goods_code, goods_name, stock_number, assigned_number, create_time, update_time, 
    invalid, operator, bu_owner, company_id
  </sql>
  <select id="selectByExample" parameterType="com.lenovo.m2.hsbuy.domain.inventory.PlatformStockInfoExample" resultMap="BaseResultMap">
    <!--
      WARNING - @mbggenerated
      This element is automatically generated by MyBatis Generator, do not modify.
    -->
    select
    <if test="distinct">
      distinct
    </if>
    <include refid="Base_Column_List" />
    from platform_stock_info
    <if test="_parameter != null">
      <include refid="Example_Where_Clause" />
    </if>
    <if test="orderByClause != null">
      order by ${orderByClause}
    </if>
  </select>
  <select id="selectByPrimaryKey" parameterType="java.lang.Long" resultMap="BaseResultMap">
    <!--
      WARNING - @mbggenerated
      This element is automatically generated by MyBatis Generator, do not modify.
    -->
    select 
    <include refid="Base_Column_List" />
    from platform_stock_info
    where id = #{id,jdbcType=BIGINT}
  </select>
  <delete id="deleteByPrimaryKey" parameterType="java.lang.Long">
    <!--
      WARNING - @mbggenerated
      This element is automatically generated by MyBatis Generator, do not modify.
    -->
    delete from platform_stock_info
    where id = #{id,jdbcType=BIGINT}
  </delete>
  <delete id="deleteByExample" parameterType="com.lenovo.m2.hsbuy.domain.inventory.PlatformStockInfoExample">
    <!--
      WARNING - @mbggenerated
      This element is automatically generated by MyBatis Generator, do not modify.
    -->
    delete from platform_stock_info
    <if test="_parameter != null">
      <include refid="Example_Where_Clause" />
    </if>
  </delete>
  <insert id="insert" parameterType="com.lenovo.m2.hsbuy.domain.inventory.PlatformStockInfo" useGeneratedKeys="true"
          keyProperty="id">
    <!--
      WARNING - @mbggenerated
      This element is automatically generated by MyBatis Generator, do not modify.
    -->
    insert into platform_stock_info (goods_code, goods_name,
      stock_number, assigned_number, create_time, 
      update_time, invalid, operator, 
      bu_owner, company_id)
    values (#{goodsCode,jdbcType=VARCHAR}, #{goodsName,jdbcType=VARCHAR},
      #{stockNumber,jdbcType=INTEGER}, 0, now(),
      now(), 0, #{operator,jdbcType=VARCHAR},
      #{buOwner,jdbcType=VARCHAR}, #{companyId,jdbcType=VARCHAR})
  </insert>
  <insert id="insertSelective" parameterType="com.lenovo.m2.hsbuy.domain.inventory.PlatformStockInfo">
    <!--
      WARNING - @mbggenerated
      This element is automatically generated by MyBatis Generator, do not modify.
    -->
    insert into platform_stock_info
    <trim prefix="(" suffix=")" suffixOverrides=",">
      <if test="id != null">
        id,
      </if>
      <if test="goodsCode != null">
        goods_code,
      </if>
      <if test="goodsName != null">
        goods_name,
      </if>
      <if test="stockNumber != null">
        stock_number,
      </if>
      <if test="assignedNumber != null">
        assigned_number,
      </if>
      <if test="createTime != null">
        create_time,
      </if>
      <if test="updateTime != null">
        update_time,
      </if>
      <if test="invalid != null">
        invalid,
      </if>
      <if test="operator != null">
        operator,
      </if>
      <if test="buOwner != null">
        bu_owner,
      </if>
      <if test="companyId != null">
        company_id,
      </if>
    </trim>
    <trim prefix="values (" suffix=")" suffixOverrides=",">
      <if test="id != null">
        #{id,jdbcType=BIGINT},
      </if>
      <if test="goodsCode != null">
        #{goodsCode,jdbcType=VARCHAR},
      </if>
      <if test="goodsName != null">
        #{goodsName,jdbcType=VARCHAR},
      </if>
      <if test="stockNumber != null">
        #{stockNumber,jdbcType=INTEGER},
      </if>
      <if test="assignedNumber != null">
        #{assignedNumber,jdbcType=INTEGER},
      </if>
      <if test="createTime != null">
        #{createTime,jdbcType=TIMESTAMP},
      </if>
      <if test="updateTime != null">
        #{updateTime,jdbcType=TIMESTAMP},
      </if>
      <if test="invalid != null">
        #{invalid,jdbcType=INTEGER},
      </if>
      <if test="operator != null">
        #{operator,jdbcType=VARCHAR},
      </if>
      <if test="buOwner != null">
        #{buOwner,jdbcType=VARCHAR},
      </if>
      <if test="companyId != null">
        #{companyId,jdbcType=VARCHAR},
      </if>
    </trim>
  </insert>
  <select id="countByExample" parameterType="com.lenovo.m2.hsbuy.domain.inventory.PlatformStockInfoExample" resultType="java.lang.Integer">
    <!--
      WARNING - @mbggenerated
      This element is automatically generated by MyBatis Generator, do not modify.
    -->
    select count(*) from platform_stock_info
    <if test="_parameter != null">
      <include refid="Example_Where_Clause" />
    </if>
  </select>
  <update id="updateByExampleSelective" parameterType="map">
    <!--
      WARNING - @mbggenerated
      This element is automatically generated by MyBatis Generator, do not modify.
    -->
    update platform_stock_info
    <set>
      <if test="record.id != null">
        id = #{record.id,jdbcType=BIGINT},
      </if>
      <if test="record.goodsCode != null">
        goods_code = #{record.goodsCode,jdbcType=VARCHAR},
      </if>
      <if test="record.goodsName != null">
        goods_name = #{record.goodsName,jdbcType=VARCHAR},
      </if>
      <if test="record.stockNumber != null">
        stock_number = #{record.stockNumber,jdbcType=INTEGER},
      </if>
      <if test="record.assignedNumber != null">
        assigned_number = #{record.assignedNumber,jdbcType=INTEGER},
      </if>
      <if test="record.createTime != null">
        create_time = #{record.createTime,jdbcType=TIMESTAMP},
      </if>
      <if test="record.updateTime != null">
        update_time = #{record.updateTime,jdbcType=TIMESTAMP},
      </if>
      <if test="record.invalid != null">
        invalid = #{record.invalid,jdbcType=INTEGER},
      </if>
      <if test="record.operator != null">
        operator = #{record.operator,jdbcType=VARCHAR},
      </if>
      <if test="record.buOwner != null">
        bu_owner = #{record.buOwner,jdbcType=VARCHAR},
      </if>
      <if test="record.companyId != null">
        company_id = #{record.companyId,jdbcType=VARCHAR},
      </if>
    </set>
    <if test="_parameter != null">
      <include refid="Update_By_Example_Where_Clause" />
    </if>
  </update>
  <update id="updateByExample" parameterType="map">
    <!--
      WARNING - @mbggenerated
      This element is automatically generated by MyBatis Generator, do not modify.
    -->
    update platform_stock_info
    set id = #{record.id,jdbcType=BIGINT},
      goods_code = #{record.goodsCode,jdbcType=VARCHAR},
      goods_name = #{record.goodsName,jdbcType=VARCHAR},
      stock_number = #{record.stockNumber,jdbcType=INTEGER},
      assigned_number = #{record.assignedNumber,jdbcType=INTEGER},
      create_time = #{record.createTime,jdbcType=TIMESTAMP},
      update_time = #{record.updateTime,jdbcType=TIMESTAMP},
      invalid = #{record.invalid,jdbcType=INTEGER},
      operator = #{record.operator,jdbcType=VARCHAR},
      bu_owner = #{record.buOwner,jdbcType=VARCHAR},
      company_id = #{record.companyId,jdbcType=VARCHAR}
    <if test="_parameter != null">
      <include refid="Update_By_Example_Where_Clause" />
    </if>
  </update>
  <update id="updateByPrimaryKeySelective" parameterType="com.lenovo.m2.hsbuy.domain.inventory.PlatformStockInfo">
    <!--
      WARNING - @mbggenerated
      This element is automatically generated by MyBatis Generator, do not modify.
    -->
    update platform_stock_info
    <set>
      <if test="goodsCode != null">
        goods_code = #{goodsCode,jdbcType=VARCHAR},
      </if>
      <if test="goodsName != null">
        goods_name = #{goodsName,jdbcType=VARCHAR},
      </if>
      <if test="stockNumber != null">
        stock_number = #{stockNumber,jdbcType=INTEGER},
      </if>
      <if test="assignedNumber != null">
        assigned_number = #{assignedNumber,jdbcType=INTEGER},
      </if>
      <if test="createTime != null">
        create_time = #{createTime,jdbcType=TIMESTAMP},
      </if>
      <if test="updateTime != null">
        update_time = #{updateTime,jdbcType=TIMESTAMP},
      </if>
      <if test="invalid != null">
        invalid = #{invalid,jdbcType=INTEGER},
      </if>
      <if test="operator != null">
        operator = #{operator,jdbcType=VARCHAR},
      </if>
      <if test="buOwner != null">
        bu_owner = #{buOwner,jdbcType=VARCHAR},
      </if>
      <if test="companyId != null">
        company_id = #{companyId,jdbcType=VARCHAR},
      </if>
    </set>
    where id = #{id,jdbcType=BIGINT}
  </update>
  <update id="updateByPrimaryKey" parameterType="com.lenovo.m2.hsbuy.domain.inventory.PlatformStockInfo">
    <!--
      WARNING - @mbggenerated
      This element is automatically generated by MyBatis Generator, do not modify.
    -->
    update platform_stock_info
    set goods_code = #{goodsCode,jdbcType=VARCHAR},
      goods_name = #{goodsName,jdbcType=VARCHAR},
      stock_number = #{stockNumber,jdbcType=INTEGER},
      assigned_number = #{assignedNumber,jdbcType=INTEGER},
      create_time = #{createTime,jdbcType=TIMESTAMP},
      update_time = #{updateTime,jdbcType=TIMESTAMP},
      invalid = #{invalid,jdbcType=INTEGER},
      operator = #{operator,jdbcType=VARCHAR},
      bu_owner = #{buOwner,jdbcType=VARCHAR},
      company_id = #{companyId,jdbcType=VARCHAR}
    where id = #{id,jdbcType=BIGINT}
  </update>
  <sql id="Where_Column_List">
    <where>
      <if test="param.id!=null and param.id!=''">
        and id = #{param.id}
      </if>
      <if test="param.goodsCode!=null and param.goodsCode!=''">
        and goods_code = #{param.goodsCode}
      </if>
      <if test="param.stockNumber!=null and param.stockNumber!=''">
        and stock_number = #{param.stockNumber}
      </if>
      <if test="param.goodsName!=null and param.goodsName!=''">
        and goods_name = #{param.goodsName}
      </if>
      <if test="param.assignedNumber!=null and param.assignedNumber!=''">
        and assigned_number = #{param.assignedNumber}
      </if>
      <if test="param.invalid!=null and param.invalid!=''">
        and invalid = #{param.invalid}
      </if>
    </where>
  </sql>

  <select id="selectByGoodsCode" parameterType="java.lang.String" resultMap="BaseResultMap">
    select
    <include refid="Base_Column_List" />
    from platform_stock_info
    WHERE goods_code = #{goodsCode}
  </select>

  <select flushCache="false" id="getPlatformStockInfoPage" parameterType="map" resultMap="BaseResultMap" useCache="true">
    select * from platform_stock_info
    <where>
      <if test="param2.id!=null and param2.id!=''">
        and id = #{param2.id}
      </if>
      <if test="param2.goodsCode!=null and param2.goodsCode!=''">
        and goods_code = #{param2.goodsCode}
      </if>
      <if test="param2.goodsName!=null and param2.goodsName!=''">
        and goods_name = #{param2.goodsName}
      </if>
      <if test="param2.stockNumber!=null and param2.stockNumber!=''">
        and stock_number = #{param2.stockNumber}
      </if>
      <if test="param2.assignedNumber!=null and param2.assignedNumber!=''">
        and assigned_number = #{param2.assignedNumber}
      </if>
      <if test="param2.invalid!=null and param2.invalid!='100'">
        and invalid = #{param2.invalid}
      </if>
      <if test="param2.operator!=null and param2.operator!=''">
        and operator = #{param2.operator}
      </if>
      <if test="param2.BuOwnerInfos!=null">
        and bu_owner in
        <foreach close=")" collection="param2.BuOwnerInfos" index="index" item="bu" open="(" separator=",">
          #{bu}
        </foreach>
      </if>
      <if test="param2.CompanyIds!=null">
        and company_id in
        <foreach close=")" collection="param2.CompanyIds" index="index" item="companyId" open="(" separator=",">
          #{companyId}
        </foreach>
      </if>
      <if test="param2.createTime_start!=null and param2.createTime_start!=''">
        and DATE_FORMAT(create_time,'%Y-%m-%d') &gt;= #{param2.createTime_start}
      </if>
      <if test="param2.createTime_end!=null and param2.createTime_end!=''">
        and DATE_FORMAT(create_time,'%Y-%m-%d') &lt;= #{param2.createTime_end}
      </if>
      <if test="param2.updateTime_start!=null and param2.updateTime_start!=''">
        and DATE_FORMAT(update_time,'%Y-%m-%d') &gt;= #{param2.updateTime_start}
      </if>
      <if test="param2.updateTime_end!=null and param2.updateTime_end!=''">
        and DATE_FORMAT(update_time,'%Y-%m-%d') &lt;= #{param2.updateTime_end}
      </if>
    </where>
    ORDER BY create_time DESC
  </select>
  <update id="updatePlatformStockInvalid">
    UPDATE platform_stock_info SET invalid = 1,operator=#{operator},update_time=now() WHERE id = #{id}
  </update>

  <select flushCache="false" id="getPlatformStockInfo" parameterType="map" resultMap="BaseResultMap" useCache="true">
    select * from platform_stock_info
    <where>
      <if test="goodsCode!=null and goodsCode!=''">
        and goods_code = #{goodsCode}
      </if>
      <if test="BuOwnerInfos!=null">
        and bu_owner in
        <foreach close=")" collection="BuOwnerInfos" index="index" item="bu" open="(" separator=",">
          #{bu}
        </foreach>
      </if>
      <if test="CompanyIds!=null">
        and company_id in
        <foreach close=")" collection="CompanyIds" index="index" item="companyId" open="(" separator=",">
          #{companyId}
        </foreach>
      </if>
      <if test="goodsName!=null and goodsName!=''">
        and goods_name = #{goodsName}
      </if>
      <if test="invalid!=null and invalid!='100'">
        and invalid = #{invalid}
      </if>
      <if test="createTime_start!=null and createTime_start!=''">
        and DATE_FORMAT(create_time,'%Y-%m-%d') &gt;= #{createTime_start}
      </if>
      <if test="createTime_end!=null and createTime_end!=''">
        and DATE_FORMAT(create_time,'%Y-%m-%d') &lt;= #{createTime_end}
      </if>
      <if test="updateTime_start!=null and updateTime_start!=''">
        and DATE_FORMAT(update_time,'%Y-%m-%d') &gt;= #{updateTime_start}
      </if>
      <if test="updateTime_end!=null and updateTime_end!=''">
        and DATE_FORMAT(update_time,'%Y-%m-%d') &lt;= #{updateTime_end}
      </if>
    </where>
    ORDER BY create_time DESC
  </select>

  <update id="updatePlatformStockInfo">
    update platform_stock_info
    <set>
      <if test="platStock.goodsCode != null">
        goods_code = #{platStock.goodsCode,jdbcType=VARCHAR},
      </if>
      <if test="platStock.goodsName != null">
        goods_name = #{platStock.goodsName,jdbcType=VARCHAR},
      </if>
      <if test="platStock.stockNumber != null">
        stock_number = #{platStock.stockNumber,jdbcType=INTEGER},
      </if>
      <if test="platStock.assignedNumber != null">
        assigned_number = #{platStock.assignedNumber,jdbcType=INTEGER},
      </if>
      <if test="platStock.createTime != null">
        create_time = #{platStock.createTime,jdbcType=TIMESTAMP},
      </if>
      <if test="platStock.updateTime != null">
        update_time = #{platStock.updateTime,jdbcType=TIMESTAMP},
      </if>
      <if test="platStock.invalid != null">
        invalid = #{platStock.invalid,jdbcType=INTEGER},
      </if>
      <if test="platStock.operator != null">
        operator = #{platStock.operator,jdbcType=VARCHAR},
      </if>
      <if test="platStock.buOwner != null">
        bu_owner = #{platStock.buOwner,jdbcType=VARCHAR},
      </if>
      <if test="platStock.companyId != null">
        company_id = #{platStock.companyId,jdbcType=VARCHAR},
      </if>
    </set>
    where id = #{platStock.id,jdbcType=BIGINT} AND assigned_number = #{assignNum} AND stock_number = #{stockNum}
  </update>

  <update id="reducePlatformStock">
    update platform_stock_info
    SET stock_number = stock_number-#{operStockNum},assigned_number = assigned_number-#{operAssignNum},
    update_time = now(),operator=#{operator}
    WHERE id = #{id} AND stock_number>=#{operStockNum} AND assigned_number>=#{operAssignNum}
  </update>
</mapper>