<?xml version="1.0" encoding="UTF-8" ?>
<!DOCTYPE mapper
        PUBLIC "-//mybatis.org//DTD Mapper 3.0//EN"
        "http://mybatis.org/dtd/mybatis-3-mapper.dtd">

<mapper namespace="com.lenovo.m2.hsbuy.dao.inventory.StockLogDao">

    <resultMap id="StockInfoLog" type="com.lenovo.m2.hsbuy.domain.inventory.StockInfoLog">
        <id column="stock_log_id" property="stockLogId"/>
        <result column="order_source" property="orderSource" />
        <result column="uid" property="uid" />
        <result column="direction" property="direction" />
        <result column="goods_code" property="goodsCode" />
        <result column="stock_type" property="stockType" />
        <result column="operate_type" property="operateType" />
        <result column="before_number" property="beforeNumber"/>
        <result column="operate_number" property="operateNumber"/>
        <result column="after_number" property="afterNumber"/>
        <result column="order_info_id" property="orderId"/>
        <result column="sales_type" property="salesType"/>
        <result column="is_gift" property="isGift"/>
        <result column="is_entity" property="isEntity"/>
        <result column="platform_code" property="platformCode" />
        <result column="faid" property="faid"/>
        <result column="create_time" property="createTime"/>
        <result column="operator" property="operator" />
        <result column="stock_info_id" property="stockInfoId" />
    </resultMap>


   <insert id="addStockInfoLog" parameterType="StockLog">
        INSERT INTO stock_info_log (order_source,uid,direction,goods_code,stock_type,operate_type,before_number,operate_number,after_number,order_info_id,
        sales_type,is_gift,is_entity,platform_code,faid,stock_info_id,operator,create_time)
         VALUES (#{orderSource},#{uid},#{direction},#{goodsCode},#{stockType},#{operateType},#{beforeNumber},#{operateNumber},#{afterNumber},#{orderId},
         #{salesType},#{isGift},#{isEntity},#{platformCode},#{faid},#{stockInfoId},#{operator},now())
   </insert>

    <select id="getStockInfoLogPage" parameterType="map" resultMap="StockInfoLog" flushCache="false" useCache="true">
        select * from stock_info_log
        <where>
            <if test="param2.stockType!=null and param2.stockType!='100'">
                and stock_type = #{param2.stockType}
            </if>
            <if test="param2.operateType!=null and param2.operateType!='100'">
                and operate_type = #{param2.operateType}
            </if>
            <if test="param2.direction!=null and param2.direction!=''">
                and direction = #{param2.direction}
            </if>
            <if test="param2.goodsCode!=null and param2.goodsCode!=''">
                and goods_code = #{param2.goodsCode}
            </if>
        </where>
        ORDER BY stock_log_id DESC
    </select>

    <select id="getStockLogList" parameterType="map" resultMap="StockInfoLog">
        SELECT * from stock_info_log
        <where>
            <if test="goodsCode != null and goodsCode != ''">
                and goods_code = #{goodsCode}
            </if>
            <if test="stockType!=null and stockType!='100'">
                and stock_type = #{stockType}
            </if>
            <if test="operateType!=null and operateType!='100'">
                and operate_type = #{operateType}
            </if>
            <if test="operator!=null and operator!=''">
                and operator = #{operator}
            </if>
            <if test="uid != null and uid != ''">
                and uid = #{uid}
            </if>
        </where>
    </select>

</mapper>