<?xml version="1.0" encoding="UTF-8" ?>
<!DOCTYPE mapper
        PUBLIC "-//mybatis.org//DTD Mapper 3.0//EN"
        "http://mybatis.org/dtd/mybatis-3-mapper.dtd">

<mapper namespace="com.lenovo.m2.hsbuy.dao.inventory.StockDao">

        <resultMap id="StockInfo" type="com.lenovo.m2.hsbuy.domain.inventory.StockInfo">
        <id column="stock_info_id" property="stockInfoId"/>
        <result column="goods_name" property="goodsName"/>
        <result column="goods_code" property="goodsCode"/>
        <result column="product_code" property="productCode"/>
        <result column="sales_number" property="salesNumber"/>
        <result column="wait_pay_number" property="waitPayNumber"/>
        <result column="paid_number" property="paidNumber"/>
        <result column="stock_number" property="stockNumber"/>
        <result column="cast_number" property="castNumber"/>
        <result column="sales_type" property="salesType"/>
        <result column="is_gift" property="isGift"/>
        <result column="is_valid" property="isValid"/>
        <result column="is_entity" property="isEntity"/>
        <result column="sales_company_name" property="salesCompanyName"/>
        <result column="faid" property="faid"/>
        <result column="create_time" property="createTime"/>
        <result column="operator" property="operator"/>
        <result column="update_time" property="updateTime"/>
        <result column="invalid_time" property="invalidTime"/>
        <result column="online_update_time" property="onlineUpdateTime"/>
        <result column="online_operator" property="onlineOperator"/>
        <result column="invalid_type" property="invalidType"/>
        <result column="invalid_operator" property="invalidOperator"/>
        <result column="is_putaway" property="isPutaway"/>
        <result column="product_group_no" property="productGroupNo"/>
        <result column="product_group" property="productGroup"/>
        <result column="versions" property="versions"/>
        <result column="activity_type" property="activityType"/>
        <result column="buOwner" property="buOwner"/>
        <result column="business_unit" property="businessUnit"/>
        <result column="notice_flag" property="noticeFlag"/>
        <result column="shopid" property="shopid"/>
        <result column="store_id" property="storeId"/>
        <result column="store_name" property="storeName"/>
        <result column="is_bind" property="isBind"/>
        <result column="proatt" property="proatt"/>
    </resultMap>



    <sql id="Base_Column_List" >

    </sql>


    <resultMap id="GetStockInfoResult" type="com.lenovo.m2.hsbuy.domain.inventory.GetStockInfoResult">
        <result column="product_code" property="productCode"/>
        <result column="sales_number" property="salesNumber"/>
        <result column="sales_type" property="saleType"/>
        <result column="activity_type" property="activityType"/>
        <result column="faid" property="faid"/>
        <result column="goods_code" property="goodsCode"/>
        <result column="product_group_no" property="productGroupNo"/>
    </resultMap>



    <select id="getStockInfo" parameterType="map" resultMap="GetStockInfoResult">
        select product_code,sales_number,sales_type,activity_type,faid,goods_code,product_group_no from stock_info
        where product_code=#{productCode} AND activity_type=#{activityType}
        <if test="shopId != null">
            and shopid =#{shopId}
        </if>
        limit 1
    </select>

    <select id="getStockInfoByProductCode" parameterType="map" resultMap="StockInfo">
        select * from stock_info
        where product_code=#{productCode} AND activity_type=#{activityType}
        <if test="shopId != null">
            and shopid =#{shopId}
        </if>
        <if test="storeId != null and storeId!='-999'">
            and store_id =#{storeId}
        </if>
    </select>


    <insert id="addStockInfo" parameterType="Stock">
        <selectKey resultType="java.lang.Long" keyProperty="stockInfoId" order="AFTER">
            SELECT @@IDENTITY
        </selectKey>
        INSERT INTO stock_info
        (goods_Name,goods_code,product_code,sales_number,wait_pay_number,paid_number,stock_number,cast_number,sales_type,is_gift,is_entity,
        is_valid,sales_company_name,faid,create_time,operator,is_putaway,product_group_no,product_group,activity_type,buOwner,business_unit,shopid,store_id,is_bind,proatt)
        VALUES (#{goodsName}, #{goodsCode},#{productCode},
        #{salesNumber},0,0,#{stockNumber},0,#{salesType},#{isGift},#{isEntity},1,
        #{salesCompanyName},#{faid},now(),#{operator},#{isPutaway},#{productGroupNo},#{productGroup},#{activityType},#{buOwner},#{businessUnit},#{shopid},#{storeId},#{isBind},#{proatt})
    </insert>



    <insert id="selectIntoInvalidStockInfo" parameterType="Stock">
        insert into stock_info_invalid select * from stock_info where stock_info_id=#{stockInfoId}
    </insert>

    <delete id="deleteStockInfo" parameterType="Stock">
        delete from stock_info where stock_info_id=#{stockInfoId}
    </delete>

    <select id="getStockInfoPage" parameterType="map" resultMap="StockInfo" flushCache="false" useCache="true">
        select * from stock_info
        <where>
            <if test="param2.salesType!=null and param2.salesType!='100'">
                and sales_type = #{param2.salesType}
            </if>
            <if test="param2.businessUnit!=null and param2.businessUnit!=''">
                and business_unit = #{param2.businessUnit}
            </if>
            <if test="param2.salesCompanyName!=null and param2.salesCompanyName!=''">
                and sales_company_name = #{param2.salesCompanyName}
            </if>
            <if test="param2.goodsCode!=null and param2.goodsCode!=''">
                and goods_code = #{param2.goodsCode}
            </if>
            <if test="param2.productCode!=null and param2.productCode!=''">
                and product_code = #{param2.productCode}
            </if>
            <if test="param2.isGift!=null and param2.isGift!='100'">
                and is_gift = #{param2.isGift}
            </if>
            <if test="param2.isPutaway!=null and param2.isPutaway!='100'">
                and is_putaway = #{param2.isPutaway}
            </if>
            <if test="param2.isEntity!=null and param2.isEntity!='100'">
                and is_entity = #{param2.isEntity}
            </if>
            <if test="param2.faid!=null and param2.faid!=''">
                and faid = #{param2.faid}
            </if>

            <if test="param2.FAInfos!=null">
                and faid in
                <foreach item="fa" index="index" collection="param2.FAInfos" open="(" separator="," close=")">
                    #{fa}
                </foreach>
            </if>
            <!--<if test="param2.storeIds!=null">-->
                <!--and store_id in-->
                <!--<foreach item="store" index="index" collection="param2.storeIds" open="(" separator="," close=")">-->
                    <!--#{store}-->
                <!--</foreach>-->
            <!--</if>-->
            <if test="param2.BuOwnerInfos!=null">
                and buOwner in
                <foreach item="bu" index="index" collection="param2.BuOwnerInfos" open="(" separator="," close=")">
                    #{bu}
                </foreach>
            </if>
          <if test="param2.shopids != null">
            and shopid in
            <foreach item="shopid" index="index" collection="param2.shopids" open="(" separator="," close=")">
              #{shopid}
            </foreach>
          </if>

            <if test="param2.createTime_start!=null and param2.createTime_start!=''">
                and DATE_FORMAT(create_time,'%Y-%m-%d') >= #{param2.createTime_start}
            </if>
            <if test="param2.createTime_end!=null and param2.createTime_end!=''">
                and DATE_FORMAT(create_time,'%Y-%m-%d') &lt;= #{param2.createTime_end}
            </if>
            <if test="param2.updateTime_start!=null and param2.updateTime_start!=''">
                and DATE_FORMAT(update_time,'%Y-%m-%d') >= #{param2.updateTime_start}
            </if>
            <if test="param2.updateTime_end!=null and param2.updateTime_end!=''">
                and DATE_FORMAT(update_time,'%Y-%m-%d') &lt;= #{param2.updateTime_end}
            </if>
            <if test="param2.onlineUpdateTime_start!=null and param2.onlineUpdateTime_start!=''">
                and DATE_FORMAT(online_update_time,'%Y-%m-%d') >= #{param2.onlineUpdateTime_start}
            </if>
            <if test="param2.onlineUpdateTime_end!=null and param2.onlineUpdateTime_end!=''">
                and DATE_FORMAT(online_update_time,'%Y-%m-%d') &lt;= #{param2.onlineUpdateTime_end}
            </if>
              and activity_type =0 and store_id = '-999'
        </where>
        ORDER BY create_time DESC
    </select>

    <select id="getActiveStockInfoPage" parameterType="map" resultMap="StockInfo" flushCache="false" useCache="true">
        select * from stock_info
        <where>
            <if test="param2.salesType!=null and param2.salesType!='100'">
                and sales_type = #{param2.salesType}
            </if>
            <if test="param2.businessUnit!=null and param2.businessUnit!=''">
                and business_unit = #{param2.businessUnit}
            </if>
            <if test="param2.salesCompanyName!=null and param2.salesCompanyName!=''">
                and sales_company_name = #{param2.salesCompanyName}
            </if>
            <if test="param2.goodsCode!=null and param2.goodsCode!=''">
                and goods_code = #{param2.goodsCode}
            </if>
            <if test="param2.productCode!=null and param2.productCode!=''">
                and product_code = #{param2.productCode}
            </if>
            <if test="param2.isGift!=null and param2.isGift!='100'">
                and is_gift = #{param2.isGift}
            </if>
            <if test="param2.isPutaway!=null and param2.isPutaway!='100'">
                and is_putaway = #{param2.isPutaway}
            </if>
            <if test="param2.activityType!=null and param2.activityType!='100'">
                and activity_type = #{param2.activityType}
            </if>
            <if test="param2.activityType==null or param2.activityType=='100'">
                and activity_type > 0
            </if>
            <if test="param2.isEntity!=null and param2.isEntity!='100'">
                and is_entity = #{param2.isEntity}
            </if>
            <if test="param2.faid!=null and param2.faid!=''">
                and faid = #{param2.faid}
            </if>

            <if test="param2.FAInfos!=null">
                and faid in
                <foreach item="fa" index="index" collection="param2.FAInfos" open="(" separator="," close=")">
                    #{fa}
                </foreach>
            </if>
            <if test="param2.storeIds!=null">
                and store_id in
                <foreach item="store" index="index" collection="param2.storeIds" open="(" separator="," close=")">
                    #{store}
                </foreach>
            </if>
          <if test="param2.shopids != null">
            and shopid in
            <foreach item="shopid" index="index" collection="param2.shopids" open="(" separator="," close=")">
              #{shopid}
            </foreach>
          </if>

            <if test="param2.createTime_start!=null and param2.createTime_start!=''">
                and DATE_FORMAT(create_time,'%Y-%m-%d') >= #{param2.createTime_start}
            </if>
            <if test="param2.createTime_end!=null and param2.createTime_end!=''">
                and DATE_FORMAT(create_time,'%Y-%m-%d') &lt;= #{param2.createTime_end}
            </if>
            <if test="param2.updateTime_start!=null and param2.updateTime_start!=''">
                and DATE_FORMAT(update_time,'%Y-%m-%d') >= #{param2.updateTime_start}
            </if>
            <if test="param2.updateTime_end!=null and param2.updateTime_end!=''">
                and DATE_FORMAT(update_time,'%Y-%m-%d') &lt;= #{param2.updateTime_end}
            </if>
            <if test="param2.onlineUpdateTime_start!=null and param2.onlineUpdateTime_start!=''">
                and DATE_FORMAT(online_update_time,'%Y-%m-%d') >= #{param2.onlineUpdateTime_start}
            </if>
            <if test="param2.onlineUpdateTime_end!=null and param2.onlineUpdateTime_end!=''">
                and DATE_FORMAT(online_update_time,'%Y-%m-%d') &lt;= #{param2.onlineUpdateTime_end}
            </if>
        </where>
        ORDER BY create_time DESC
    </select>

    <select id="getDetailStockInfoPage" parameterType="map" resultMap="StockInfo" flushCache="false" useCache="true">
        select * from stock_info
        <where>
            <if test="param2.productGroup!=null and param2.productGroup!=''">
                and product_group = #{param2.productGroup}
            </if>

            <if test="param2.salesType!=null and param2.salesType!='100'">
                and sales_type = #{param2.salesType}
            </if>

            <if test="param2.goodsCode!=null and param2.goodsCode!=''">
                and goods_code = #{param2.goodsCode}
            </if>
            <if test="param2.isGift!=null and param2.isGift!='100'">
                and is_gift = #{param2.isGift}
            </if>
            <if test="param2.isEntity!=null and param2.isEntity!='100'">
                and is_entity = #{param2.isEntity}
            </if>
            <if test="param2.salesCompanyName!=null and param2.salesCompanyName!=''">
                and sales_company_name = #{param2.salesCompanyName}
            </if>
            <if test="param2.createTime_start!=null and param2.createTime_start!=''">
                and DATE_FORMAT(create_time,'%Y-%m-%d') >= #{param2.createTime_start}
            </if>
            <if test="param2.createTime_end!=null and param2.createTime_end!=''">
                and DATE_FORMAT(create_time,'%Y-%m-%d') &lt;= #{param2.createTime_end}
            </if>
            <if test="param2.updateTime_start!=null and param2.updateTime_start!=''">
                and DATE_FORMAT(update_time,'%Y-%m-%d') >= #{param2.updateTime_start}
            </if>
            <if test="param2.updateTime_end!=null and param2.updateTime_end!=''">
                and DATE_FORMAT(update_time,'%Y-%m-%d') &lt;= #{param2.updateTime_end}
            </if>
            <if test="param2.onlineUpdateTime_start!=null and param2.onlineUpdateTime_start!=''">
                and DATE_FORMAT(online_update_time,'%Y-%m-%d') >= #{param2.onlineUpdateTime_start}
            </if>
            <if test="param2.onlineUpdateTime_end!=null and param2.onlineUpdateTime_end!=''">
                and DATE_FORMAT(online_update_time,'%Y-%m-%d') &lt;= #{param2.onlineUpdateTime_end}
            </if>
            <if test="param2.activityType!=null and param2.activityType!=''">
                and activity_type = #{param2.activityType}
            </if>
        </where>
        ORDER BY create_time DESC
    </select>

    <select id="checkStockExist"  resultMap="StockInfo">
        select * from stock_info where product_code=#{productCode} and activity_type=#{activityType}
        <if test="shopId != null">
            and shopid =#{shopId}
        </if>
        <if test="storeId != null and storeId!='-999'">
            and store_id =#{storeId}
        </if>
    </select>
    <select id="getStockInfoByProCodeAndActType"  resultMap="StockInfo">
        select * from stock_info where product_code=#{productCode} and activity_type=#{activityType}
        <if test="shopId != null">
            and shopid =#{shopId}
        </if>
    </select>
    <select id="getStockListByProductCode"  resultMap="StockInfo">
        select * from stock_info where product_code=#{productCode}
        <if test="shopId != null">
            and shopid =#{shopId}
        </if>
    </select>

    <update id="waitPay">
        update stock_info
        set sales_number=sales_number-#{goodsNumber}, wait_pay_number=wait_pay_number+#{goodsNumber}
        where product_code=#{productCode} and activity_type=#{activityType}
        <if test="shopId != null">
            and shopid =#{shopId}
        </if>
        and sales_number>=#{goodsNumber}
    </update>
    <update id="waitPayByRegion">
        update stock_info
        set sales_number=sales_number-#{goodsNumber}, wait_pay_number=wait_pay_number+#{goodsNumber}
        where product_code=#{productCode} and activity_type=#{activityType}
        <if test="shopId != null">
            and shopid =#{shopId}
        </if>
        <if test="storeId != null and storeId!='-999'">
            and store_id = #{storeId}
        </if>
        and sales_number>=#{goodsNumber}
    </update>
    <update id="freeToPaidStock">
        update stock_info
        set sales_number=sales_number-#{goodsNumber}, paid_number=paid_number+#{goodsNumber}
        where product_code=#{productCode} and activity_type=#{activityType}
        <if test="shopId != null">
            and shopid =#{shopId}
        </if>
        <if test="storeId != null and storeId!='-999'">
            and store_id = #{storeId}
        </if>
        and sales_number>=#{goodsNumber}
    </update>
    <update id="waitPayTelGift">
        update stock_info
        set sales_number=sales_number-#{goodsNumber}, wait_pay_number=wait_pay_number+#{goodsNumber}
        where product_code = #{productCode} AND activity_type = #{activityType}
        <if test="shopId != null">
            and shopid =#{shopId}
        </if>
        and sales_number>=#{goodsNumber}
    </update>

    <update id="paidPay" parameterType="OrderAndStock">
        update stock_info
        set paid_number=paid_number+#{goodsNumber}, wait_pay_number=wait_pay_number-#{goodsNumber}
        where stock_info_id=#{stockInfo.stockInfoId}
        <if test="shopId != null">
            and shopid =#{shopId}
        </if>
    </update>

    <update id="freePay" parameterType="OrderAndStock">
        update stock_info
        set sales_number=sales_number+#{goodsNumber}, wait_pay_number=wait_pay_number-#{goodsNumber}
        where stock_info_id=#{stockInfo.stockInfoId}
        <if test="shopId != null">
            and shopid =#{shopId}
        </if>
    </update>

    <update id="revocationPay" parameterType="OrderAndStock">
        update stock_info
        set sales_number=sales_number+#{goodsNumber}, stock_number=stock_number+#{goodsNumber},
        cast_number=cast_number-#{goodsNumber}
        where stock_info_id=#{stockInfo.stockInfoId}
        <if test="shopId != null">
            and shopid =#{shopId}
        </if>
    </update>

    <update id="castOrder" parameterType="OrderAndStock">
        update stock_info
        set cast_number=cast_number+#{goodsNumber}, stock_number=stock_number-#{goodsNumber},
        paid_number=paid_number-#{goodsNumber}
        where stock_info_id=#{stockInfo.stockInfoId}
        <if test="shopId != null">
            and shopid =#{shopId}
        </if>
    </update>

    <update id="putaway" parameterType="Stock">
        update stock_info set is_putaway=1,update_time = now()
        where stock_info_id=#{stockInfoId}
    </update>

    <update id="unPutAway" parameterType="Stock">
        update stock_info set is_putaway=0,update_time = now()
        where stock_info_id=#{stockInfoId}
    </update>

    <update id="invalid" parameterType="Stock">
        update stock_info set is_putaway=2,invalid_type=#{invalidType}, invalid_operator=#{invalidOperator},
        invalid_time=now()
        where product_code = #{productCode}
    </update>

    <update id="invalidIsNotDirect" parameterType="Stock">
        update stock_info set is_putaway=2, invalid_type=#{invalidType}, invalid_operator=#{invalidOperator},
        invalid_time=now()
        where product_code = #{productCode}
    </update>

    <select id="getStockInfoById" parameterType="long" resultMap="StockInfo">
        select * from stock_info where stock_info_id=#{stockInfoId}
    </select>


    <select id="getAtp" parameterType="Stock" resultMap="StockInfo">
        select * from stock_info
        where product_code = #{productCode} and sales_company_name = #{salesCompanyName} AND activity_type=#{activityType}
    </select>


    <select id="getProductCode" parameterType="Stock" resultMap="StockInfo">
        select * from stock_info
        where sales_company_name = #{salesCompanyName} and product_code = #{productCode}
        limit 1
    </select>

    <update id="updateProductCode" parameterType="Stock">
        update stock_info
        set sales_number = #{salesNumber},stock_number = #{salesNumber} + wait_pay_number+paid_number,operator =
        #{operator}
        where stock_info_id=#{stockInfoId}
    </update>

    <select id="getMaterielExist" parameterType="Stock" resultType="java.lang.Integer">
       select count(*) from stock_info where product_code = #{productCode} and is_gift =#{isGift} and is_entity =#{isEntity}
    </select>


    <select id="getStockInfoList" parameterType="map" resultMap="StockInfo" flushCache="false" useCache="true">
        select * from stock_info
        <where>
            <if test="productGroup!=null and productGroup!=''">
                and product_group = #{productGroup}
            </if>

            <if test="salesType!=null and salesType!='100'">
                and sales_type = #{salesType}
            </if>

            <if test="goodsCode!=null and goodsCode!=''">
                and goods_code = #{goodsCode}
            </if>
            <if test="productCode!=null and productCode!=''">
                and product_code = #{productCode}
            </if>
            <if test="isGift!=null and isGift!='100'">
                and is_gift = #{isGift}
            </if>
            <if test="isPutaway!=null and isPutaway!='100'">
                and is_putaway = #{isPutaway}
            </if>
            <if test="isEntity!=null and isEntity!='100'">
                and is_entity = #{isEntity}
            </if>
            <if test="salesCompanyName!=null and salesCompanyName!=''">
                and sales_company_name = #{salesCompanyName}
            </if>

            <if test="createTime_start!=null and createTime_start!=''">
                and DATE_FORMAT(create_time,'%Y-%m-%d') >= #{createTime_start}
            </if>
            <if test="createTime_end!=null and createTime_end!=''">
                and DATE_FORMAT(create_time,'%Y-%m-%d') &lt;= #{createTime_end}
            </if>
            <if test="updateTime_start!=null and updateTime_start!=''">
                and DATE_FORMAT(update_time,'%Y-%m-%d') >= #{updateTime_start}
            </if>
            <if test="updateTime_end!=null and updateTime_end!=''">
                and DATE_FORMAT(update_time,'%Y-%m-%d') &lt;= #{updateTime_end}
            </if>
            <if test="onlineUpdateTime_start!=null and onlineUpdateTime_start!=''">
                and DATE_FORMAT(online_update_time,'%Y-%m-%d') >= #{onlineUpdateTime_start}
            </if>
            <if test="onlineUpdateTime_end!=null and onlineUpdateTime_end!=''">
                and DATE_FORMAT(online_update_time,'%Y-%m-%d') &lt;= #{onlineUpdateTime_end}
            </if>
            <if test="faid!=null and faid!=''">
                and faid = #{faid}
            </if>
            <if test="FAInfos!=null">
                and faid in
                <foreach item="fa" index="index" collection="FAInfos" open="(" separator="," close=")">
                    #{fa}
                </foreach>
            </if>
          <if test="shopids != null">
            and shopid in
            <foreach item="shopid" index="index" collection="shopids" open="(" separator="," close=")">
              #{shopid}
            </foreach>
          </if>
            <!--<if test="storeIds != null">-->
                <!--and store_id in-->
                <!--<foreach item="store" index="index" collection="storeIds" open="(" separator="," close=")">-->
                    <!--#{store}-->
                <!--</foreach>-->
            <!--</if>-->
            <if test="activityType!=null and activityType!=''">
                and activity_type = #{activityType}
            </if>
        </where>
        and store_id = '-999'
        ORDER BY create_time DESC
    </select>

    <delete id="deleteByBatch" parameterType="java.util.List">
        <![CDATA[
           delete from stock_info where stock_info_id in
        ]]>
        <foreach collection="list" item="model" open="(" separator="," close=")">#{model.stockInfoId}</foreach>
    </delete>

    <insert id="addActivityStock"  parameterType="Stock">
        INSERT INTO stock_info(goods_Name,goods_code,product_code,sales_number,wait_pay_number,paid_number,stock_number,cast_number,sales_type,is_gift,is_entity,is_valid,
        sales_company_name,faid,create_time,operator,is_putaway,product_group_no,product_group,activity_type,buOwner,business_unit,shopid,store_id,is_bind)
        VALUES (#{stockInfo.goodsName},#{stockInfo.goodsCode},#{stockInfo.productCode},#{operNum},0 ,0 ,#{operNum},0,#{stockInfo.salesType},#{stockInfo.isGift},#{stockInfo.isEntity},1,
        #{stockInfo.salesCompanyName},#{stockInfo.faid},now(),#{stockInfo.operator},#{stockInfo.isPutaway},#{stockInfo.productGroupNo},#{stockInfo.productGroup},
        #{activityType},#{stockInfo.buOwner},#{stockInfo.businessUnit},#{stockInfo.shopid},#{stockInfo.storeId},#{stockInfo.isBind})
    </insert>
    <update id="updateStockInfo" parameterType="Stock">
        update stock_info
        set sales_number = sales_number + #{operNum},stock_number = stock_number + #{operNum},operator =#{stockInfo.operator},update_time=now()
        where stock_info_id=#{stockInfo.stockInfoId} AND sales_number=#{salesNum}
    </update>

    <update id="updateNoticeFlag">
        update stock_info set notice_flag=#{noticeFlag} WHERE stock_info_id=#{stockInfoId}
    </update>

    <select id="getStockSalesNumber1" resultType="int">
        SELECT sales_number FROM stock_info WHERE product_code=#{productCode} AND activity_type=#{activityType}
    </select>

    <update id="revokeSaleNumToOnlineStock">
        UPDATE stock_info SET sales_number=sales_number+#{salesNumber} WHERE product_code=#{productCode} AND activity_type=0
        <if test="shopId != null">
            and shopid =#{shopId}
        </if>
        <if test="storeId != null and storeId!='-999'">
            and store_id =#{storeId}
        </if>
    </update>
    <update id="releaseActivitySalesNum">
        UPDATE stock_info SET sales_number=sales_number-#{salesNumber} WHERE product_code=#{productCode} AND activity_type=#{activityType}
        AND sales_number = #{salesNumber}
        <if test="shopId != null">
            and shopid =#{shopId}
        </if>
        <if test="storeId != null and storeId!='-999'">
            and store_id =#{storeId}
        </if>
    </update>

    <update id="updateStockInfoByPK" parameterType="com.lenovo.m2.hsbuy.domain.inventory.StockInfo" >
        update stock_info
        <set >
            <if test="goodsCode != null" >
                goods_code = #{goodsCode,jdbcType=VARCHAR},
            </if>
            <if test="goodsName != null" >
                goods_name = #{goodsName,jdbcType=VARCHAR},
            </if>
            <if test="businessUnit != null" >
                business_unit = #{businessUnit,jdbcType=VARCHAR},
            </if>
            <if test="salesType != null" >
                sales_type = #{salesType,jdbcType=INTEGER},
            </if>
            <if test="salesCompanyName != null" >
                sales_company_name = #{salesCompanyName,jdbcType=VARCHAR},
            </if>
            <if test="faid != null" >
                faid = #{faid,jdbcType=VARCHAR},
            </if>
            <if test="isPutaway != null" >
                is_putaway = #{isPutaway,jdbcType=INTEGER},
            </if>
            <if test="productGroupNo != null" >
                product_group_no = #{productGroupNo,jdbcType=VARCHAR},
            </if>
            <if test="productGroup != null" >
                product_group = #{productGroup,jdbcType=VARCHAR},
            </if>
            <if test="isBind != null" >
                is_bind = #{isBind},
            </if>
            <if test="proatt != null" >
                proatt = #{proatt,jdbcType=INTEGER},
            </if>
        </set>
        where stock_info_id = #{stockInfoId,jdbcType=BIGINT}
    </update>

    <update id="invalidStockInfo">
        update stock_info set is_valid = 0,operator=#{operator},update_time=now()
        where stock_info_id = #{stockInfoId} and sales_number = 0 and wait_pay_number = 0 and paid_number = 0
    </update>

    <update id="reduceSalesNumber" parameterType="Stock">
        update stock_info
        set sales_number = sales_number - #{operNum},stock_number = stock_number - #{operNum},operator =#{stockInfo.operator},update_time=now()
        where stock_info_id=#{stockInfo.stockInfoId} AND sales_number >= #{operNum}
    </update>
    <select id="checkStockInfoByWarehouseIdAndFa" parameterType="map" resultMap="StockInfo">
        SELECT * FROM stock_info WHERE store_id = #{warehouseId}
        <if test="faIds!=null">
            and faid in
            <foreach item="fa" index="index" collection="faIds" open="(" separator="," close=")">
                    #{fa}
            </foreach>
        </if>
      limit 1
    </select>
    <insert id="insertStockInfoBatch" parameterType="java.util.List">
        INSERT IGNORE INTO stock_info
        (goods_Name,goods_code,product_code,sales_number,wait_pay_number,paid_number,stock_number,cast_number,sales_type,is_gift,
        is_entity,is_valid,sales_company_name,faid,create_time,operator,is_putaway,product_group_no,product_group,activity_type,
        buOwner,business_unit,shopid,store_id,is_bind,proatt)
        values
        <foreach collection="list" index="index" item="item" separator=",">
           (#{item.goodsName}, #{item.goodsCode},#{item.productCode},
            #{item.salesNumber},0,0,#{item.stockNumber},0,#{item.salesType},#{item.isGift},#{item.isEntity},1,
            #{item.salesCompanyName},#{item.faid},now(),#{item.operator},#{item.isPutaway},#{item.productGroupNo},#{item.productGroup},
            #{item.activityType},#{item.buOwner},#{item.businessUnit},#{item.shopid},#{item.storeId},#{item.isBind},#{item.proatt})
        </foreach>
    </insert>
</mapper>