<?xml version="1.0" encoding="UTF-8"?>
<!DOCTYPE mapper PUBLIC "-//mybatis.org//DTD Mapper 3.0//EN"
        "http://mybatis.org/dtd/mybatis-3-mapper.dtd">
<mapper namespace="com.lenovo.m2.hsbuy.dao.pay.soa.BankCardLimitMapper">

    <resultMap id="BaseResultMap" type="com.lenovo.m2.hsbuy.domain.pay.soa.outpay.BankCardLimit">
        <id column="id" jdbcType="INTEGER" property="id"/>
        <result column="payplat_id" jdbcType="INTEGER" property="payplatId"/>
        <result column="bank_no" jdbcType="INTEGER" property="bankCode"/>
        <result column="bank_abbr" jdbcType="VARCHAR" property="bankAbbr"/>
        <result column="account_type" jdbcType="INTEGER" property="bankType"/>
        <result column="card_type" jdbcType="INTEGER" property="cardType"/>
        <result column="rate_type" jdbcType="INTEGER" property="rateType"/>
        <result column="rate" jdbcType="DECIMAL" property="rate"/>
        <result column="single_min_rate" jdbcType="DECIMAL" property="singleMinRate"/>
        <result column="single_min_quota" jdbcType="DECIMAL" property="singleMinQuota"/>
        <result column="single_max_quota" jdbcType="DECIMAL" property="singleMaxQuota"/>
        <result column="daily_max_quota" jdbcType="DECIMAL" property="dailyMaxQuota"/>
        <result column="create_time" jdbcType="TIMESTAMP" property="createTime"/>
        <result column="update_time" jdbcType="TIMESTAMP" property="updateTime"/>
        <result column="status" jdbcType="INTEGER" property="status"/>
    </resultMap>

    <sql id="Base_Column_List">
          id,payplat_id,bank_no,bank_abbr,account_type,card_type,rate_type,rate,single_min_rate,single_min_quota,single_max_quota,daily_max_quota,create_time,update_time,status
    </sql>

    <select id="getBankCardLimitByParams" parameterType="com.lenovo.m2.hsbuy.domain.pay.soa.outpay.BankCardLimit" resultMap="BaseResultMap">
        select
        <include refid="Base_Column_List"/>
        from bank_card_limit detail
        <where>
            <if test="id != null">
                detail.id = #{id}
            </if>
            <if test="payplatId != null">
                AND detail.payplat_id = #{payplatId}
            </if>
            <if test="bankCode != null">
                AND detail.bank_no = #{bankCode}
            </if>
            <if test="bankAbbr != null">
                AND detail.bank_abbr = #{bankAbbr}
            </if>
            <if test="bankType != null">
                AND detail.account_type = #{bankType}
            </if>
            <if test="cardType != null">
                AND detail.card_type = #{cardType}
            </if>
            <if test="rateType != null">
                AND detail.rate_type = #{rateType}
            </if>
            <if test="rate != null">
                AND detail.rate = #{rate}
            </if>
            <if test="singleMinRate != null">
                AND detail.single_min_rate = #{singleMinRate}
            </if>
            <if test="singleMinQuota != null">
                AND detail.single_min_quota = #{singleMinQuota}
            </if>
            <if test="singleMaxQuota != null">
                AND detail.single_max_quota = #{singleMaxQuota}
            </if>
            <if test="dailyMaxQuota != null">
                AND detail.daily_max_quota = #{dailyMaxQuota}
            </if>
            <if test="createTime != null">
                AND detail.create_time = #{createTime}
            </if>
            <if test="updateTime != null">
                AND detail.update_time = #{updateTime}
            </if>
            <if test="status != null">
                AND detail.status = #{status}
            </if>
        </where>
    </select>

    <select id="getAllBankCardLimits" resultMap="BaseResultMap">
        select
        <include refid="Base_Column_List"/>
        from bank_card_limit
    </select>

</mapper>