<?xml version="1.0" encoding="UTF-8" ?>
<!DOCTYPE mapper PUBLIC "-//mybatis.org//DTD Mapper 3.0//EN" "http://mybatis.org/dtd/mybatis-3-mapper.dtd" >
<mapper namespace="com.lenovo.m2.hsbuy.dao.pay.soa.ChannelOrderMapper" >
    <resultMap id="BaseResultMap" type="com.lenovo.m2.hsbuy.domain.pay.soa.wxpay.ChannelOrderInfo" >
        <!--
          WARNING - @mbggenerated
          This element is automatically generated by MyBatis Generator, do not modify.
        -->
        <id column="id" property="id" jdbcType="INTEGER" />
        <result column="order_code" property="orderCode" jdbcType="VARCHAR" />
        <result column="order_main_code" property="orderMainCode" jdbcType="VARCHAR" />
        <result column="main_flag" property="mainFlag" jdbcType="INTEGER" />
        <result column="order_plat" property="orderPlat" jdbcType="VARCHAR" />
        <result column="pay_money" property="payMoney" jdbcType="DECIMAL" />
        <result column="vir_amount" property="virAmount" jdbcType="DECIMAL" />
        <result column="order_money" property="orderMoney" jdbcType="DECIMAL" />
        <result column="order_faid" property="orderFaid" jdbcType="VARCHAR" />
        <result column="order_faname" property="orderFaname" jdbcType="VARCHAR" />
        <result column="payment" property="payment" jdbcType="INTEGER" />
        <result column="transation_id" property="transationId" jdbcType="VARCHAR" />
        <result column="order_status" property="orderStatus" jdbcType="INTEGER" />
        <result column="pay_status" property="payStatus" jdbcType="INTEGER" />
        <result column="order_date" property="orderDate" jdbcType="VARCHAR" />
        <result column="org_order_code" property="orgOrderCode" jdbcType="VARCHAR" />
        <result column="pay_time" property="payTime" jdbcType="VARCHAR" />
        <result column="member_code" property="memberCode" jdbcType="VARCHAR" />
        <result column="lenovo_id" property="lenovoId" jdbcType="VARCHAR" />
        <result column="source" property="source" jdbcType="VARCHAR" />
        <result column="ledou_num" property="ledouNum" jdbcType="INTEGER" />
        <result column="isabnormal" property="isabnormal" jdbcType="VARCHAR" />
        <result column="credit_total" property="creditTotal" jdbcType="VARCHAR" />
        <result column="order_type" property="orderType" jdbcType="VARCHAR" />
        <result column="push_time" property="pushTime" jdbcType="VARCHAR" />
        <result column="payment_way" property="paymentWay" jdbcType="INTEGER" />
        <result column="refund_money" property="refundMoney" jdbcType="DECIMAL" />
        <result column="shop_id" property="shopId" jdbcType="VARCHAR" />
        <result column="terminal" property="terminal" jdbcType="VARCHAR" />
        <result column="store_id" property="storeId" jdbcType="VARCHAR" />
        <result column="fq_num" property="fqNum" jdbcType="INTEGER" />
        <result column="payment_type_id" property="paymentTypeId" jdbcType="INTEGER" />
        <result column="smb_order_code" property="smbOrderCode" jdbcType="VARCHAR" />
        <result column="order_fatype" property="orderFaType" jdbcType="VARCHAR" />
    </resultMap>
    <sql id="Base_Column_List" >
        id, order_code, order_main_code, main_flag, order_plat, pay_money, vir_amount, order_money,
        order_faid, order_faname, payment, transation_id, order_status, pay_status, order_date,
        org_order_code, pay_time, member_code, lenovo_id, source, ledou_num, isabnormal,
        credit_total, order_type,push_time,payment_way,refund_money,shop_id,terminal,store_id,fq_num,payment_type_id,smb_order_code,order_fatype
    </sql>
    <select id="selectChannelOrderByExample" resultMap="BaseResultMap" parameterType="map" >
        select
        <include refid="Base_Column_List" />
        from channel_order where 1=1
        <if test="orderDateS != null ">
            and pay_time &gt;= #{orderDateS}
        </if>
        <if test="orderDateE != null ">
            and pay_time  &lt; #{orderDateE}
        </if>
        <if test="mainFlag != null ">
            and main_flag = #{mainFlag}
        </if>
        <if test="payStatus != null ">
            and pay_status = #{payStatus}
        </if>
        <if test="paymentWay != null ">
            and payment_way = #{paymentWay}
        </if>
        <if test="orderCodes!=null ">
            AND order_code in
            <foreach collection="orderCodes" item="item"
                     index="index" open="(" close=")" separator=",">
                #{item}
            </foreach>
        </if>
    </select>

    <insert id="insertChannelOrderSelective" useGeneratedKeys="true" keyProperty="id" parameterType="com.lenovo.m2.hsbuy.domain.pay.soa.wxpay.ChannelOrderInfo" >
        insert into channel_order
        <trim prefix="(" suffix=")" suffixOverrides="," >

            <if test="orderCode != null" >
                order_code,
            </if>
            <if test="orderMainCode != null" >
                order_main_code,
            </if>
            <if test="mainFlag != null" >
                main_flag,
            </if>
            <if test="orderPlat != null" >
                order_plat,
            </if>
            <if test="payMoney != null" >
                pay_money,
            </if>
            <if test="virAmount != null" >
                vir_amount,
            </if>
            <if test="orderMoney != null" >
                order_money,
            </if>
            <if test="orderFaid != null" >
                order_faid,
            </if>
            <if test="orderFaname != null" >
                order_faname,
            </if>
            <if test="payment != null" >
                payment,
            </if>
            <if test="transationId != null" >
                transation_id,
            </if>
            <if test="orderStatus != null" >
                order_status,
            </if>
            <if test="payStatus != null" >
                pay_status,
            </if>
            <if test="orderDate != null" >
                order_date,
            </if>
            <if test="orgOrderCode != null" >
                org_order_code,
            </if>
            <if test="payTime != null" >
                pay_time,
            </if>
            <if test="memberCode != null" >
                member_code,
            </if>
            <if test="lenovoId != null" >
                lenovo_id,
            </if>
            <if test="source != null" >
                source,
            </if>
            <if test="ledouNum != null" >
                ledou_num,
            </if>
            <if test="isabnormal != null" >
                isabnormal,
            </if>
            <if test="creditTotal != null" >
                credit_total,
            </if>
            <if test="orderType != null" >
                order_type,
            </if>
            <if test="pushTime != null" >
                push_time,
            </if>
            <if test="paymentWay != null" >
                payment_way,
            </if>
            <if test="refundMoney != null" >
                refund_money,
            </if>
            <if test="terminal != null" >
                terminal,
            </if>
            <if test="shopId != null" >
                shop_id,
            </if>
            <if test="storeId != null" >
                store_id,
            </if>
            <if test="paymentTypeId != null" >
                payment_type_id,
            </if>
            <if test="smbOrderCode != null" >
                smb_order_code,
            </if>
            <if test="orderFaType != null" >
                order_fatype
            </if>
        </trim>
        <trim prefix="values (" suffix=")" suffixOverrides="," >
            <if test="orderCode != null" >
                #{orderCode,jdbcType=VARCHAR},
            </if>
            <if test="orderMainCode != null" >
                #{orderMainCode,jdbcType=VARCHAR},
            </if>
            <if test="mainFlag != null" >
                #{mainFlag,jdbcType=INTEGER},
            </if>
            <if test="orderPlat != null" >
                #{orderPlat,jdbcType=VARCHAR},
            </if>
            <if test="payMoney != null" >
                #{payMoney,jdbcType=DECIMAL},
            </if>
            <if test="virAmount != null" >
                #{virAmount,jdbcType=DECIMAL},
            </if>
            <if test="orderMoney != null" >
                #{orderMoney,jdbcType=DECIMAL},
            </if>
            <if test="orderFaid != null" >
                #{orderFaid,jdbcType=VARCHAR},
            </if>
            <if test="orderFaname != null" >
                #{orderFaname,jdbcType=VARCHAR},
            </if>
            <if test="payment != null" >
                #{payment,jdbcType=INTEGER},
            </if>
            <if test="transationId != null" >
                #{transationId,jdbcType=VARCHAR},
            </if>
            <if test="orderStatus != null" >
                #{orderStatus,jdbcType=INTEGER},
            </if>
            <if test="payStatus != null" >
                #{payStatus,jdbcType=INTEGER},
            </if>
            <if test="orderDate != null" >
                #{orderDate,jdbcType=VARCHAR},
            </if>
            <if test="orgOrderCode != null" >
                #{orgOrderCode,jdbcType=VARCHAR},
            </if>
            <if test="payTime != null" >
                #{payTime,jdbcType=VARCHAR},
            </if>
            <if test="memberCode != null" >
                #{memberCode,jdbcType=VARCHAR},
            </if>
            <if test="lenovoId != null" >
                #{lenovoId,jdbcType=VARCHAR},
            </if>
            <if test="source != null" >
                #{source,jdbcType=VARCHAR},
            </if>
            <if test="ledouNum != null" >
                #{ledouNum,jdbcType=INTEGER},
            </if>
            <if test="isabnormal != null" >
                #{isabnormal,jdbcType=VARCHAR},
            </if>
            <if test="creditTotal != null" >
                #{creditTotal,jdbcType=VARCHAR},
            </if>
            <if test="orderType != null" >
                #{orderType,jdbcType=VARCHAR},
            </if>
            <if test="pushTime != null" >
                #{pushTime,jdbcType=VARCHAR},
            </if>
            <if test="paymentWay != null" >
                #{paymentWay,jdbcType=INTEGER},
            </if>
            <if test="refundMoney != null" >
                #{refundMoney,jdbcType=DECIMAL},
            </if>
            <if test="terminal != null" >
                #{terminal,jdbcType=VARCHAR},
            </if>
            <if test="shopId != null" >
                #{shopId,jdbcType=VARCHAR},
            </if>
            <if test="storeId != null" >
                #{storeId,jdbcType=VARCHAR},
            </if>
            <if test="paymentTypeId != null" >
                #{paymentTypeId,jdbcType=INTEGER},
            </if>
            <if test="smbOrderCode != null" >
                #{smbOrderCode,jdbcType=VARCHAR},
            </if>
            <if test="orderFaType != null" >
                #{orderFaType,jdbcType=VARCHAR},
            </if>
        </trim>
    </insert>
    <select id="selectChannelOrderMainCodeList" resultMap="BaseResultMap" parameterType="map" >
        select
        <include refid="Base_Column_List" />
        from channel_order corder
        <where>
            <if test="lenovoId!=null and lenovoId!=''">
                corder.lenovo_id=#{lenovoId}
            </if>
            <if test="orderMainCodeList!=null and orderMainCodeList.size!=0">
                AND corder.order_main_code in
                <foreach collection="orderMainCodeList" item="order_main_code"
                         index="index" open="(" close=")" separator=",">
                    #{order_main_code}
                </foreach>
            </if>
            AND corder.main_flag=1
            AND corder.shop_id=#{shopId}
        </where>
    </select>


    <select id="selectChannelOrderMainCodeDetail" resultMap="BaseResultMap">
        SELECT <include refid="Base_Column_List" /> from channel_order co where co.order_main_code=#{orderMainCode} and co.lenovo_id=#{lenovoId} and co.shop_id=#{shopId} and co.main_flag=1
    </select>

    <update id="updateChannelOrderMainCodeDetail">
        UPDATE
        channel_order
        SET
        <if test="fqNum != null and fqNum !='' ">
            fq_num=#{fqNum},
        </if>
        transation_id=#{transationId},
        payment=#{payment},
        pay_status=#{payStatus},
        pay_time=#{payTime}
        WHERE
        order_code=#{orderCode}
        and
        lenovo_id=#{lenovoId}
        and
        main_flag=1
        and
        pay_status=0
        <if test="shopId != null ">
        and
        shop_id=#{shopId}
        </if>
    </update>

    <select id="queryChannelOrderCodeList" resultMap="BaseResultMap">
        SELECT <include refid="Base_Column_List" /> from channel_order co where co.order_main_code=#{orderMainCode} and co.lenovo_id=#{lenovoId} and co.main_flag=#{mainFlag} and co.shop_id=#{shopId}
    </select>

    <select id="queryChannelOrderCodeDetail" resultMap="BaseResultMap">
        SELECT <include refid="Base_Column_List" />
        from channel_order co

        where co.order_code=#{orderCode}

        <if test="lenovoId != null ">
        and co.lenovo_id=#{lenovoId}
        </if>

        and co.main_flag=#{mainFlag}
        <if test="shopId != null ">
        and co.shop_id=#{shopId}
        </if>
    </select>

    <select id="querySmbChannelOrderDetail" resultMap="BaseResultMap">
        SELECT <include refid="Base_Column_List" />
        from channel_order co
        where co.smb_order_code=#{smbOrderCode}

        <if test="mainFlag != null ">
            and co.main_flag=#{mainFlag}
        </if>

        <if test="shopId != null ">
            and co.shop_id=#{shopId}
        </if>
    </select>

    <update id="updateChannelOrderOrderStatus">
        UPDATE
        channel_order
        SET
        order_status=#{orderStatus}
        WHERE
        order_code=#{orderCode}
        and
        main_flag = #{mainFlag}
        <if test="shopId != null ">
        and
        shop_id = #{shopId}
        </if>
    </update>

    <update id="updateChannelOrderRefundMoney">
        <![CDATA[
        UPDATE
        channel_order
        SET
        refund_money= refund_money + #{refundMoney}
        WHERE
        order_code=#{orderCode}
        and
        main_flag=0
        and
        refund_money + #{refundMoney}   <= pay_money]]>
    </update>

    <update id="rollBackChannelOrderRefundMoney">
        <![CDATA[
        UPDATE
        channel_order
        SET
        refund_money= refund_money - #{refundMoney}
        WHERE
        order_code=#{orderCode}
        and
        main_flag=0
        and
        refund_money >= #{refundMoney}]]>
    </update>

    <select id="queryOrderCodeList" resultMap="BaseResultMap" parameterType="map" >
        select
        <include refid="Base_Column_List" />
        from channel_order corder
        <where>
            <if test="lenovoId!=null and lenovoId!=''">
                corder.lenovo_id=#{lenovoId}
            </if>
            <if test="orderCodeList!=null and orderCodeList.size!=0">
                AND corder.order_code in
                <foreach collection="orderCodeList" item="order_code"
                         index="index" open="(" close=")" separator=",">
                    #{order_code}
                </foreach>
            </if>
            AND corder.main_flag=#{mainFlag}
            AND corder.shop_id=#{shopId}
        </where>
    </select>

    <select id="queryOrderList" resultMap="BaseResultMap" parameterType="java.util.Map" >
        select
        <include refid="Base_Column_List" />
        from channel_order corder
        where
        corder.pay_status=0
        AND corder.main_flag=1
        AND corder.order_status=0
        <if test="param2.shopId != null">
            AND corder.shop_id=#{param2.shopId}
        </if>
        <if test="param2.orderfatype != null">
            AND corder.order_fatype=#{param2.orderfatype}
        </if>
        <if test="param2.online != null">
            AND corder.payment_type_id!=2
        </if>
        <if test="param2.offline != null">
            AND corder.payment_type_id=2
        </if>
        <if test="param2.orderTypes != null">
            AND corder.order_type in
            <foreach collection="param2.orderTypes" item="item"
                     index="index" open="(" close=")" separator=",">
                #{item}
            </foreach>
        </if>
        <if test="param2.exclusionOrderTypes != null">
            AND corder.order_type not in
            <foreach collection="param2.exclusionOrderTypes" item="item"
                     index="index" open="(" close=")" separator=",">
                #{item}
            </foreach>
        </if>
        <if test="param2.exclusionOrderfatype != null">
            AND corder.order_fatype not in
            <foreach collection="param2.exclusionOrderfatype" item="item"
                     index="index" open="(" close=")" separator=",">
                #{item}
            </foreach>
        </if>
        <if test="param2.minuteDiff != null">
            AND TIMESTAMPDIFF(MINUTE,order_date,NOW()) >= #{param2.minuteDiff}
        </if>
        order by id desc
    </select>

    <update id="cancelOrderList">
        UPDATE
        channel_order
        SET order_status=1
        WHERE
        pay_status=0
        AND main_flag=1
        AND order_status=0
        AND order_code in
        <if test="orderCodes!=null and orderCodes.size!=0">
            <foreach collection="orderCodes" item="item"
                     index="index" open="(" close=")" separator=",">
                #{item}
            </foreach>
        </if>
    </update>

    <!--查询即将超时订单 -->
    <select id="queryTimeoutOrderList" resultMap="BaseResultMap" parameterType="java.util.Map" >
        select
        <include refid="Base_Column_List" />
        from channel_order corder
        where
        corder.pay_status=0
        AND corder.main_flag=1
        AND corder.order_status=0
        AND corder.order_type=0
        AND order_fatype IS NOT NULL
        <if test="paramMap.shopId != null">
            AND corder.shop_id=#{paramMap.shopId}
        </if>
        <if test="paramMap.exclusionOrderTypes != null">
            AND corder.order_type not in
            <foreach collection="paramMap.exclusionOrderTypes" item="item"
                     index="index" open="(" close=")" separator=",">
                #{item}
            </foreach>
        </if>
        <if test="paramMap.exclusionOrderfatype != null">
            AND corder.order_fatype not in
            <foreach collection="paramMap.exclusionOrderfatype" item="item"
                     index="index" open="(" close=")" separator=",">
                #{item}
            </foreach>
        </if>
        <if test="paramMap.timeoutHours != null">
            <!--订单时间 大于等于 当前时间减21小时 -->
            AND order_date &gt;=TIMESTAMPADD(HOUR,#{paramMap.minuteDiff}+#{paramMap.timeoutHours},#{paramMap.now})
            <!--订单时间 小于 当前时间减21小时+30秒 -->
            AND order_date &lt; TIMESTAMPADD(SECOND,#{paramMap.intervalTime},TIMESTAMPADD(HOUR,#{paramMap.minuteDiff}+#{paramMap.timeoutHours},#{paramMap.now}))
        </if>
        order by id desc
    </select>

    <!--查询即将超时订单 空白时段-->
    <select id="queryTimeoutGapOrderList" resultMap="BaseResultMap" parameterType="java.util.Map" >
        select
        <include refid="Base_Column_List" />
        from channel_order corder
        where
        corder.pay_status=0
        AND corder.main_flag=1
        AND corder.order_status=0
        AND corder.order_type=0
        AND order_fatype IS NOT NULL
        <if test="paramMap.shopId != null">
            AND corder.shop_id=#{paramMap.shopId}
        </if>
        <if test="paramMap.exclusionOrderTypes != null">
            AND corder.order_type not in
            <foreach collection="paramMap.exclusionOrderTypes" item="item"
                     index="index" open="(" close=")" separator=",">
                #{item}
            </foreach>
        </if>
        <if test="paramMap.exclusionOrderfatype != null">
            AND corder.order_fatype not in
            <foreach collection="paramMap.exclusionOrderfatype" item="item"
                     index="index" open="(" close=")" separator=",">
                #{item}
            </foreach>
        </if>
        <if test="paramMap.timeoutHours != null">
            <!--订单时间 大于等于 正常时段结束时间 -->
            AND order_date &gt;= TIMESTAMPADD(HOUR,-(24-(#{paramMap.endTime}-#{paramMap.startTime})),#{paramMap.now})
            <!--订单时间 小于 正常开始时段-(有效期-提前小时数)-->
            AND order_date &lt; TIMESTAMPADD(HOUR,#{paramMap.minuteDiff}+#{paramMap.timeoutHours},#{paramMap.now})
        </if>
        order by id desc
    </select>


    <!--查询即将超时特殊时段订单 -->
    <select id="queryTimeoutSpecialOrderList" resultMap="BaseResultMap" parameterType="java.util.Map" >
        select
        <include refid="Base_Column_List" />
        from channel_order corder
        where
        corder.pay_status=0
        AND corder.main_flag=1
        AND corder.order_status=0
        AND corder.order_type=0
        AND order_fatype IS NOT NULL
        <if test="paramMap.shopId != null">
            AND corder.shop_id=#{paramMap.shopId}
        </if>
        <if test="paramMap.exclusionOrderTypes != null">
            AND corder.order_type not in
            <foreach collection="paramMap.exclusionOrderTypes" item="item"
                     index="index" open="(" close=")" separator=",">
                #{item}
            </foreach>
        </if>
        <if test="paramMap.exclusionOrderfatype != null">
            AND corder.order_fatype not in
            <foreach collection="paramMap.exclusionOrderfatype" item="item"
                     index="index" open="(" close=")" separator=",">
                #{item}
            </foreach>
        </if>
        <!--判断订单时间是否在特殊时间段内  订单时间大于当前的01:00 并小于当前的12:00-->
        <if test="paramMap.endDate != null">
            AND order_date &gt;=  #{paramMap.startDate} AND order_date &lt; #{paramMap.endDate}
        </if>
        order by id desc
    </select>
</mapper>