<?xml version="1.0" encoding="UTF-8"?>
<!DOCTYPE mapper PUBLIC "-//mybatis.org//DTD Mapper 3.0//EN"
        "http://mybatis.org/dtd/mybatis-3-mapper.dtd">

<mapper namespace="com.lenovo.m2.hsbuy.dao.pay.soa.base.MerchantMapper">
    <select id="get" parameterType="long" resultType="com.lenovo.m2.hsbuy.domain.pay.soa.baseInfo.MerchantInfo">
        SELECT * FROM merchant WHERE id=#{id}
    </select>

    <select id="getAll"  resultType="com.lenovo.m2.hsbuy.domain.pay.soa.baseInfo.MerchantInfo">
        SELECT * FROM merchant
    </select>

    <insert id="insert" parameterType="com.lenovo.m2.hsbuy.domain.pay.soa.baseInfo.MerchantInfo" flushCache="true">
        INSERT INTO merchant (id,merchantName) VALUES (#{id},#{merchantName} )
    </insert>

    <update id="update" parameterType="com.lenovo.m2.hsbuy.domain.pay.soa.baseInfo.MerchantInfo">
        UPDATE merchant SET password=#{password} WHERE id=#{id}
    </update>

    <delete id="remove" parameterType="int">
        DELETE FROM merchant WHERE id=#{userId}
    </delete>
</mapper>