<?xml version="1.0" encoding="UTF-8"?>
<!DOCTYPE mapper PUBLIC "-//mybatis.org//DTD Mapper 3.0//EN"
        "http://mybatis.org/dtd/mybatis-3-mapper.dtd">

<mapper namespace="com.lenovo.m2.hsbuy.dao.pay.soa.base.MerchantPlatMapper">
    <resultMap id="fakeRule" type="com.lenovo.m2.hsbuy.domain.pay.soa.baseInfo.FakeRule">
        <result property="fakeFaID" column="merchantId"/>
        <result property="fakeFaName" column="oauthUrl"/>
        <result property="fakePayType" column="payType"/>
    </resultMap>
    <select id="get" parameterType="long" resultType="com.lenovo.m2.hsbuy.domain.pay.soa.baseInfo.MerchantPayPlat">
        SELECT * FROM merchantpayplat WHERE id=#{id}
    </select>

    <select id="getAll" resultType="com.lenovo.m2.hsbuy.domain.pay.soa.baseInfo.MerchantPayPlat">
        SELECT * FROM merchantpayplat
    </select>

    <insert id="insert" parameterType="com.lenovo.m2.hsbuy.domain.pay.soa.baseInfo.MerchantPayPlat" flushCache="true">
        insert into merchantpayplat (merchantId, payPlatformId, appId, mechId, channel_payment,payKey, appsecret, outNotifyUrl, outCallBackUrl, signKey, inNotifyUrl, intCallBackUrl,payType,version,merchantOrderUrl,outOauthCallBackUrl,merchantType,shop_id,accountType)
        values(#{merchantId},#{payPlatformId},#{appId},#{mechId},#{payKey},#{channel_payment},#{appsecret},#{outNotifyUrl},#{outCallBackUrl},#{signKey},#{inNotifyUrl},#{intCallBackUrl},#{payType},#{version},#{merchantOrderUrl},#{outOauthCallBackUrl},#{merchantType},#{shop_id},#{accountType});
    </insert>

    <update id="update" parameterType="com.lenovo.m2.hsbuy.domain.pay.soa.baseInfo.MerchantPayPlat">
        UPDATE merchantpayplat SET password=#{password} WHERE id=#{id}
    </update>

    <delete id="remove" parameterType="int">
        DELETE FROM merchantpayplat WHERE id=#{userId}
    </delete>

    <select id="getMerchantPayPlatByMerchantId" resultType="com.lenovo.m2.hsbuy.domain.pay.soa.baseInfo.MerchantPayPlat">
        SELECT id,merchantId, payPlatformId, appId, mechId, channel_payment,payKey, appsecret, outNotifyUrl, outCallBackUrl, signKey, inNotifyUrl, intCallBackUrl,payType,version,merchantOrderUrl,outOauthCallBackUrl,merchantType,shop_id,accountType FROM merchantpayplat WHERE merchantId=#{merchantId} and payType=#{payType}
    </select>
    <select id="getMerchantPayPlatByAccountType" resultType="com.lenovo.m2.hsbuy.domain.pay.soa.baseInfo.MerchantPayPlat">
        SELECT id,merchantId, payPlatformId, appId, mechId, channel_payment,payKey, appsecret,
        outNotifyUrl,outCallBackUrl, signKey,
        inNotifyUrl,intCallBackUrl,payType,version,merchantOrderUrl,outOauthCallBackUrl,merchantType,shop_id,accountType
        FROM merchantpayplat
        WHERE
        merchantId=#{merchantId} and payType=#{payType}
        <if test="accountType != null">
            and accountType=#{accountType}
        </if>
    </select>

    <select id="getMerchantPayPlatForWeChat" resultType="com.lenovo.m2.hsbuy.domain.pay.soa.baseInfo.MerchantPayPlat">
        SELECT id,merchantId, payPlatformId, appId, mechId, channel_payment,payKey, appsecret, outNotifyUrl, outCallBackUrl, signKey, inNotifyUrl, intCallBackUrl,payType,version,merchantOrderUrl,outOauthCallBackUrl,merchantType,shop_id,accountType
        FROM merchantpayplat
        WHERE
          merchantId=#{merchantId}
          and payType=#{payType}
          and shop_id=#{shopId}
    </select>

    <select id="getMerchantPayPlatByMechId" resultType="com.lenovo.m2.hsbuy.domain.pay.soa.baseInfo.MerchantPayPlat">
        SELECT id,merchantId, payPlatformId, appId, mechId, channel_payment,payKey, appsecret, outNotifyUrl, outCallBackUrl, signKey, inNotifyUrl, intCallBackUrl,payType,version,merchantOrderUrl,outOauthCallBackUrl,merchantType,shop_id,accountType FROM merchantpayplat WHERE mechId=#{mechId} and payType=#{payType}
    </select>

    <select id="getMerchantInfoById" resultType="java.util.HashMap">
        SELECT id,merchantId, payPlatformId, appId, mechId, channel_payment,payKey, appsecret, outNotifyUrl, outCallBackUrl, signKey, inNotifyUrl, intCallBackUrl,payType,version,merchantOrderUrl,outOauthCallBackUrl,merchantType,shop_id,accountType FROM merchantpayplat WHERE id=#{merchantId}
    </select>

    <select id="getMerchantPayPlatByMerchId" resultType="com.lenovo.m2.hsbuy.domain.pay.soa.baseInfo.MerchantPayPlat">
        SELECT id,merchantId, payPlatformId, appId, mechId, channel_payment,payKey, appsecret, outNotifyUrl, outCallBackUrl, signKey, inNotifyUrl, intCallBackUrl,payType,version,merchantOrderUrl,outOauthCallBackUrl,merchantType,shop_id,accountType FROM merchantpayplat WHERE mechId=#{merchId} limit 1
    </select>

    <select id="getMerchantPayPlatsByMerchantId" resultType="com.lenovo.m2.hsbuy.domain.pay.soa.baseInfo.MerchantPayPlat">
        SELECT id,merchantId, payPlatformId, appId, mechId, channel_payment,payKey, appsecret, outNotifyUrl, outCallBackUrl, signKey, inNotifyUrl, intCallBackUrl,payType,version,merchantOrderUrl,outOauthCallBackUrl,merchantType,shop_id,accountType FROM merchantpayplat WHERE merchantId=#{merchantId}
    </select>

    <select id="getOrderSupportPayTypeList" resultType="com.lenovo.m2.hsbuy.domain.pay.soa.cashier.OrderSupportPayType">
        SELECT merchantId, payType, shop_id,accountType FROM merchantpayplat WHERE merchantId=#{merchantId}
    </select>
    <select id="getOrderSupportPayTypeListByFaIDPayment" resultType="com.lenovo.m2.hsbuy.domain.pay.soa.cashier.OrderSupportPayType">
        SELECT merchantId, payType, shop_id,accountType FROM merchantpayplat
        WHERE merchantId=#{merchantId}
        AND payType in
        <if test="payTypeList!=null and payTypeList.size!=0">
            <foreach collection="payTypeList" item="item"
                     index="index" open="(" close=")" separator=",">
                #{item}
            </foreach>
        </if>
    </select>
    <select id="getMerchantList" resultType="com.lenovo.m2.hsbuy.domain.pay.soa.baseInfo.MerchantPayPlat">
        SELECT id,merchantId, payPlatformId, appId, mechId, channel_payment,payKey, appsecret, outNotifyUrl, outCallBackUrl, signKey, inNotifyUrl, intCallBackUrl,payType,version,merchantOrderUrl,outOauthCallBackUrl,merchantType,shop_id,accountType FROM merchantpayplat
    </select>

    <select id="getPayPlatPage" resultType="com.lenovo.m2.hsbuy.domain.pay.soa.baseInfo.MerchantPayPlat" parameterType="java.util.Map">
        SELECT id,merchantId, payPlatformId, appId, mechId, channel_payment,payKey, appsecret, outNotifyUrl,
        outCallBackUrl, signKey, inNotifyUrl,
        intCallBackUrl,createTime,payType,version,merchantOrderUrl,outOauthCallBackUrl,merchantType,shop_id,accountType
        FROM merchantpayplat
        where 1=1
        <if test="param2.channel_payment != null and param2.channel_payment!=''">
            and channel_payment = #{param2.channel_payment}
        </if>
        <if test="param2.payType != null and param2.payType!=''">
            and payType = #{param2.payType}
        </if>
        <if test="param2.merchantId != null and param2.merchantId!=''">
            and merchantId = #{param2.merchantId}
        </if>
        <if test="param2.startTimeS != null and param2.startTimeS != ''">
            <![CDATA[ AND DATE_FORMAT(createTime, '%Y-%m-%d') >= DATE_FORMAT(#{param2.startTimeS}, '%Y-%m-%d') ]]>
        </if>
        <if test="param2.startTimeE != null and param2.startTimeE != ''">
            <![CDATA[ AND DATE_FORMAT(createTime, '%Y-%m-%d') <= DATE_FORMAT(#{param2.startTimeE}, '%Y-%m-%d') ]]>
        </if>
        order by createTime desc
    </select>
    <insert id="insertSelective" parameterType="com.lenovo.m2.hsbuy.domain.pay.soa.baseInfo.MerchantPayPlat">
        insert into merchantpayplat
        <trim prefix="(" suffix=")" suffixOverrides=",">
            <if test="id != null">
                id,
            </if>
            <if test="merchantId != null">
                merchantId,
            </if>
            <if test="payPlatformId != null">
                payPlatformId,
            </if>
            <if test="appId != null">
                appId,
            </if>
            <if test="mechId != null">
                mechId,
            </if>
            <if test="payKey != null">
                payKey,
            </if>
            <if test="appsecret != null">
                appsecret,
            </if>
            <if test="outNotifyUrl != null">
                outNotifyUrl,
            </if>
            <if test="outCallBackUrl != null">
                outCallBackUrl,
            </if>
            <if test="signKey != null">
                signKey,
            </if>
            <if test="inNotifyUrl != null">
                inNotifyUrl,
            </if>
            <if test="intCallBackUrl != null">
                intCallBackUrl,
            </if>
            <if test="createTime != null">
                createTime,
            </if>
            <if test="lastModifyTime != null">
                updateTime,
            </if>
            <if test="payType != null">
                payType,
            </if>
            <if test="channel_payment != null">
                channel_payment,
            </if>
            <if test="version != null">
                version,
            </if>
            <if test="merchantOrderUrl != null">
                merchantOrderUrl,
            </if>
            <if test="outOauthCallBackUrl != null">
                outOauthCallBackUrl,
            </if>
            <if test="oauthUrl != null">
                oauthUrl,
            </if>
            <if test="merchantType != null">
                merchantType,
            </if>
            <if test="shop_id != null">
                shop_id,
            </if>
            <if test="accountType != null">
                accountType,
            </if>
        </trim>
        <trim prefix="values (" suffix=")" suffixOverrides=",">
            <if test="id != null">
                #{id,jdbcType=INTEGER},
            </if>
            <if test="merchantId != null">
                #{merchantId,jdbcType=VARCHAR},
            </if>
            <if test="payPlatformId != null">
                #{payPlatformId,jdbcType=VARCHAR},
            </if>
            <if test="appId != null">
                #{appId,jdbcType=VARCHAR},
            </if>
            <if test="mechId != null">
                #{mechId,jdbcType=VARCHAR},
            </if>
            <if test="payKey != null">
                #{payKey,jdbcType=VARCHAR},
            </if>
            <if test="appsecret != null">
                #{appsecret,jdbcType=VARCHAR},
            </if>
            <if test="outNotifyUrl != null">
                #{outNotifyUrl,jdbcType=VARCHAR},
            </if>
            <if test="outCallBackUrl != null">
                #{outCallBackUrl,jdbcType=VARCHAR},
            </if>
            <if test="signKey != null">
                #{signKey,jdbcType=VARCHAR},
            </if>
            <if test="inNotifyUrl != null">
                #{inNotifyUrl,jdbcType=VARCHAR},
            </if>
            <if test="intCallBackUrl != null">
                #{intCallBackUrl,jdbcType=VARCHAR},
            </if>
            <if test="createTime != null">
                #{createTime,jdbcType=TIMESTAMP},
            </if>
            <if test="lastModifyTime != null">
                #{lastModifyTime,jdbcType=TIMESTAMP},
            </if>
            <if test="payType != null">
                #{payType,jdbcType=INTEGER},
            </if>
            <if test="channel_payment != null">
                #{channel_payment,jdbcType=VARCHAR},
            </if>
            <if test="version != null">
                #{version,jdbcType=INTEGER},
            </if>
            <if test="merchantOrderUrl != null">
                #{merchantOrderUrl,jdbcType=VARCHAR},
            </if>
            <if test="outOauthCallBackUrl != null">
                #{outOauthCallBackUrl,jdbcType=VARCHAR},
            </if>
            <if test="oauthUrl != null">
                #{oauthUrl,jdbcType=VARCHAR},
            </if>
            <if test="merchantType != null">
                #{merchantType,jdbcType=INTEGER},
            </if>
            <if test="shop_id != null">
                #{shop_id,jdbcType=VARCHAR},
            </if>
            <if test="accountType != null">
                #{accountType,jdbcType=INTEGER},
            </if>
        </trim>
    </insert>
    <update id="updateMerchantPayPlatById" parameterType="com.lenovo.m2.hsbuy.domain.pay.soa.baseInfo.MerchantPayPlat">
        update merchantpayplat
        <set>
            merchantId = #{merchantId,jdbcType=VARCHAR},
            payPlatformId = #{payPlatformId,jdbcType=VARCHAR},
            appId = #{appId,jdbcType=VARCHAR},
            mechId = #{mechId,jdbcType=VARCHAR},
            payKey = #{payKey,jdbcType=VARCHAR},
            appsecret = #{appsecret,jdbcType=VARCHAR},
            signKey = #{signKey,jdbcType=VARCHAR},
            inNotifyUrl = #{inNotifyUrl,jdbcType=VARCHAR},
            intCallBackUrl = #{intCallBackUrl,jdbcType=VARCHAR},
            oauthUrl = #{oauthUrl,jdbcType=VARCHAR},
            outNotifyUrl = #{outNotifyUrl,jdbcType=VARCHAR},
            outCallBackUrl = #{outCallBackUrl,jdbcType=VARCHAR},
            updateTime = #{lastModifyTime,jdbcType=TIMESTAMP},
            payType = #{payType,jdbcType=INTEGER},
            channel_payment = #{channel_payment,jdbcType=VARCHAR},
            <if test="version != null and version != '' ">
                version = #{version,jdbcType=INTEGER},
            </if>
            merchantOrderUrl = #{merchantOrderUrl,jdbcType=VARCHAR},
            outOauthCallBackUrl = #{outOauthCallBackUrl,jdbcType=VARCHAR},
            merchantType = #{merchantType,jdbcType=INTEGER},
            shop_id = #{shop_id,jdbcType=VARCHAR},
            accountType = #{accountType,jdbcType=INTEGER}
        </set>
        where
        id=#{id}
    </update>

    <update id="updateSelective" parameterType="map">
        update merchantpayplat
        <set>
            <if test="record.merchantId != null">
                merchantId = #{record.merchantId,jdbcType=VARCHAR},
            </if>
            <if test="record.payPlatformId != null">
                payPlatformId = #{record.payPlatformId,jdbcType=VARCHAR},
            </if>
            <if test="record.appId != null">
                appId = #{record.appId,jdbcType=VARCHAR},
            </if>
            <if test="record.mechId != null">
                mechId = #{record.mechId,jdbcType=VARCHAR},
            </if>
            <if test="record.payKey != null">
                payKey = #{record.payKey,jdbcType=VARCHAR},
            </if>
            <if test="record.appsecret != null">
                appsecret = #{record.appsecret,jdbcType=VARCHAR},
            </if>
            <if test="record.outNotifyUrl != null">
                outNotifyUrl = #{record.outNotifyUrl,jdbcType=VARCHAR},
            </if>
            <if test="record.outCallBackUrl != null">
                outCallBackUrl = #{record.outCallBackUrl,jdbcType=VARCHAR},
            </if>
            <if test="record.signKey != null">
                signKey = #{record.signKey,jdbcType=VARCHAR},
            </if>
            <if test="record.inNotifyUrl != null">
                inNotifyUrl = #{record.inNotifyUrl,jdbcType=VARCHAR},
            </if>
            <if test="record.intCallBackUrl != null">
                intCallBackUrl = #{record.intCallBackUrl,jdbcType=VARCHAR},
            </if>
            <if test="record.createTime != null">
                createTime = #{record.createTime,jdbcType=TIMESTAMP},
            </if>
            <if test="record.lastModifyTime != null">
                updateTime = #{record.lastModifyTime,jdbcType=TIMESTAMP},
            </if>
            <if test="record.payType != null">
                payType = #{record.payType,jdbcType=INTEGER},
            </if>
            <if test="record.channel_payment != null">
                channel_payment = #{record.channel_payment,jdbcType=VARCHAR},
            </if>
            <if test="record.version != null">
                version = #{record.version,jdbcType=INTEGER},
            </if>
            <if test="record.merchantOrderUrl != null">
                merchantOrderUrl = #{record.merchantOrderUrl,jdbcType=VARCHAR},
            </if>
            <if test="record.outOauthCallBackUrl != null">
                outOauthCallBackUrl = #{record.outOauthCallBackUrl,jdbcType=VARCHAR},
            </if>
            <if test="record.oauthUrl != null">
                oauthUrl = #{record.oauthUrl,jdbcType=VARCHAR},
            </if>
            <if test="record.merchantType != null">
                merchantType = #{record.merchantType,jdbcType=INTEGER},
            </if>
            <if test="record.shop_id != null">
                shop_id = #{record.shop_id,jdbcType=VARCHAR},
            </if>
            <if test="record.accountType != null">
                accountType = #{record.accountType,jdbcType=INTEGER},
            </if>
        </set>
        <if test="param2 != null">
            where 1=1
            <if test="param2.id != null">
                and id = #{param2.id,jdbcType=VARCHAR}
            </if>
        </if>
        <if test="param2 == null ">
            where 1=2
        </if>

    </update>

    <delete id="delsome" parameterType="map">
        delete from merchantpayplat
        where 1=1
        <if test="id!=null and id!=''">
            and id = #{id}
        </if>
        <if test="ids!=null and ids!=''">
            and id in (${ids})
        </if>
    </delete>

    <select id="getMerchantPayPlatByGroupBy" resultMap="fakeRule">
      SELECT merchantId,oauthUrl,GROUP_CONCAT(payType) AS payType FROM merchantpayplat WHERE merchantId IS NOT NULL AND payType != 100 AND payType != 5 GROUP BY merchantId
    </select>


</mapper>