<?xml version="1.0" encoding="UTF-8"?>
<!DOCTYPE mapper PUBLIC "-//mybatis.org//DTD Mapper 3.0//EN"
        "http://mybatis.org/dtd/mybatis-3-mapper.dtd">
<mapper namespace="com.lenovo.m2.hsbuy.dao.pay.soa.PaidCallBackDataMapper">

    <resultMap id="BaseResultMap" type="com.lenovo.m2.hsbuy.domain.pay.soa.outpay.PaidCallBackData">
        <id column="id" jdbcType="INTEGER" property="id"/>
        <result column="shop_id" jdbcType="VARCHAR" property="shopId"/>
        <result column="fa_id" jdbcType="VARCHAR" property="faId"/>
        <result column="out_trade_no" jdbcType="VARCHAR" property="outTradeNo"/>
        <result column="trade_no" jdbcType="VARCHAR" property="tradeNo"/>
        <result column="transaction_no" jdbcType="VARCHAR" property="transactionNo"/>
        <result column="pay_channel_code" jdbcType="VARCHAR" property="payChannelCode"/>
        <result column="amount" jdbcType="DECIMAL" property="amount"/>
        <result column="order_status" jdbcType="INTEGER" property="orderStatus"/>
        <result column="trade_status" jdbcType="INTEGER" property="tradeStatus"/>
        <result column="notify_status" jdbcType="INTEGER" property="notifyStatus"/>
        <result column="notify_count" jdbcType="INTEGER" property="notifyCount"/>
        <result column="remark" jdbcType="VARCHAR" property="remark"/>
        <result column="order_create_time" jdbcType="TIMESTAMP" property="orderCreateTime"/>
        <result column="pay_time" jdbcType="TIMESTAMP" property="payTime"/>
        <result column="notify_time" jdbcType="TIMESTAMP" property="notifyTime"/>
        <result column="extend_param" jdbcType="VARCHAR" property="extendParam"/>
        <result column="status" jdbcType="INTEGER" property="status"/>
        <result column="insert_time" jdbcType="TIMESTAMP" property="createTime"/>
        <result column="update_time" jdbcType="TIMESTAMP" property="updateTime"/>
    </resultMap>

    <sql id="Base_Column_List">
          id,shop_id,fa_id,out_trade_no,trade_no,transaction_no,pay_channel_code,amount,order_status,trade_status,notify_status,notify_count,remark,order_create_time,pay_time,notify_time,extend_param,status,insert_time,update_time
    </sql>

    <select id="getPaidCallBackDataList" parameterType="com.lenovo.m2.hsbuy.domain.pay.soa.outpay.PaidCallBackData" resultMap="BaseResultMap">
        select
        <include refid="Base_Column_List"/>
        from paid_call_back_data
        <where>
            <if test="id != null">
                id = #{id}
            </if>
            <if test="shopId != null and shopId != ''">
                AND shop_id = #{shopId}
            </if>
            <if test="faId != null and faId != ''">
                AND fa_id = #{faId}
            </if>
            <if test="outTradeNo != null and outTradeNo != ''">
                AND out_trade_no = #{outTradeNo}
            </if>
            <if test="tradeNo != null and tradeNo != ''">
                AND trade_no = #{tradeNo}
            </if>
            <if test="transactionNo != null and transactionNo != ''">
                AND transaction_no = #{transactionNo}
            </if>
            <if test="payChannelCode != null and payChannelCode != ''">
                AND pay_channel_code = #{payChannelCode}
            </if>
            <if test="amount != null">
                AND amount = #{amount}
            </if>
            <if test="orderStatus != null">
                AND order_status = #{orderStatus}
            </if>
            <if test="tradeStatus != null">
                AND trade_status = #{tradeStatus}
            </if>
            <if test="notifyStatus != null">
                AND notify_status = #{notifyStatus}
            </if>
            <if test="notifyCount != null">
                AND notify_count = #{notifyCount}
            </if>
            <if test="remark != null">
                AND remark = #{remark}
            </if>
            <if test="orderCreateTime != null">
                AND order_create_time = #{orderCreateTime}
            </if>
            <if test="payTime != null">
                AND pay_time = #{payTime}
            </if>
            <if test="notifyTime != null">
                AND notify_time = #{notifyTime}
            </if>
            <if test="extendParam != null and extendParam != ''">
                AND extend_param = #{extendParam}
            </if>
            <if test="status != null">
                AND status = #{status}
            </if>
            <if test="createTime != null">
                AND insert_time = #{createTime}
            </if>
            <if test="updateTime != null">
                AND update_time = #{updateTime}
            </if>
        </where>
    </select>

    <insert id="addPaidCallBackData" parameterType="com.lenovo.m2.hsbuy.domain.pay.soa.outpay.PaidCallBackData">
         INSERT INTO paid_call_back_data
        <trim prefix="(" suffix=")" suffixOverrides=",">
            <if test="id != null">
                id,
            </if>
            <if test="shopId != null and shopId != ''">
                shop_id,
            </if>
            <if test="faId != null and faId != ''">
                fa_id,
            </if>
            <if test="outTradeNo != null and outTradeNo != ''">
                out_trade_no,
            </if>
            <if test="tradeNo != null and tradeNo != ''">
                trade_no,
            </if>
            <if test="transactionNo != null and transactionNo != ''">
                transaction_no,
            </if>
            <if test="payChannelCode != null and payChannelCode != ''">
                pay_channel_code,
            </if>
            <if test="amount != null">
                amount,
            </if>
            <if test="orderStatus != null">
                order_status,
            </if>
            <if test="tradeStatus != null">
                trade_status,
            </if>
            <if test="notifyStatus != null">
                notify_status,
            </if>
            <if test="notifyCount != null">
                notify_count,
            </if>
            <if test="remark != null">
                remark,
            </if>
            <if test="orderCreateTime != null">
                order_create_time,
            </if>
            <if test="payTime != null">
                pay_time,
            </if>
            <if test="notifyTime != null">
                notify_time,
            </if>
            <if test="extendParam != null and extendParam != ''">
                extend_param,
            </if>
            <if test="status != null">
                status,
            </if>
            <if test="createTime != null">
                insert_time,
            </if>
            <if test="updateTime != null">
                update_time
            </if>
        </trim>
        <trim prefix="values (" suffix=")" suffixOverrides=",">
            <if test="id != null">
                #{id},
            </if>
            <if test="shopId != null and shopId != ''">
                #{shopId},
            </if>
            <if test="faId != null and faId != ''">
                #{faId},
            </if>
            <if test="outTradeNo != null and outTradeNo != ''">
                #{outTradeNo},
            </if>
            <if test="tradeNo != null and tradeNo != ''">
                #{tradeNo},
            </if>
            <if test="transactionNo != null and transactionNo != ''">
                #{transactionNo},
            </if>
            <if test="payChannelCode != null and payChannelCode != ''">
                #{payChannelCode},
            </if>
            <if test="amount != null">
                #{amount},
            </if>
            <if test="orderStatus != null">
                #{orderStatus},
            </if>
            <if test="tradeStatus != null">
                #{tradeStatus},
            </if>
            <if test="notifyStatus != null">
                #{notifyStatus},
            </if>
            <if test="notifyCount != null">
                #{notifyCount},
            </if>
            <if test="remark != null">
                #{remark},
            </if>
            <if test="orderCreateTime != null">
                #{orderCreateTime},
            </if>
            <if test="payTime != null">
                #{payTime},
            </if>
            <if test="notifyTime != null">
                #{notifyTime},
            </if>
            <if test="extendParam != null and extendParam != ''">
                #{extendParam},
            </if>
            <if test="status != null">
                #{status},
            </if>
            <if test="createTime != null">
                #{createTime},
            </if>
            <if test="updateTime != null">
                #{updateTime}
            </if>
        </trim>
    </insert>

    <update id="updatePaidCallBackData" parameterType="com.lenovo.m2.hsbuy.domain.pay.soa.outpay.PaidCallBackData">
        UPDATE paid_call_back_data
        <set>
            <if test="id != null">
                id = #{id},
            </if>
            <if test="shopId != null and shopId != ''">
                shop_id = #{shopId},
            </if>
            <if test="faId != null and faId != ''">
                fa_id = #{faId},
            </if>
            <if test="transactionNo != null and transactionNo != ''">
                transaction_no = #{transactionNo},
            </if>
            <if test="payChannelCode != null and payChannelCode != ''">
                pay_channel_code = #{payChannelCode},
            </if>
            <if test="amount != null">
                amount = #{amount},
            </if>
            <if test="orderStatus != null">
                order_status = #{orderStatus},
            </if>
            <if test="tradeStatus != null">
                trade_status = #{tradeStatus},
            </if>
            <if test="notifyStatus != null">
                notify_status = #{notifyStatus},
            </if>
                notify_count = notify_count+1,
            <if test="remark != null">
                remark = #{remark},
            </if>
            <if test="orderCreateTime != null">
                order_create_time = #{orderCreateTime},
            </if>
            <if test="payTime != null">
                pay_time = #{payTime},
            </if>
            <if test="notifyTime != null">
                notify_time = #{notifyTime},
            </if>
            <if test="extendParam != null and extendParam != ''">
                extend_param = #{extendParam},
            </if>
            <if test="status != null">
                status = #{status},
            </if>
            <if test="createTime != null">
                insert_time = #{createTime},
            </if>
            <if test="updateTime != null">
                update_time = #{updateTime}
            </if>
        </set>
        WHERE trade_no = #{tradeNo} AND out_trade_no = #{outTradeNo}
    </update>

    <delete id="deletePaidCallBackData" parameterType="com.lenovo.m2.hsbuy.domain.pay.soa.outpay.PaidCallBackData">
        DELETE FROM paid_call_back_data
        <where>
            <if test="id != null">
                id = #{id}
            </if>
            <if test="shopId != null and shopId != ''">
                AND shop_id = #{shopId}
            </if>
            <if test="faId != null and faId != ''">
                AND fa_id = #{faId}
            </if>
            <if test="outTradeNo != null and outTradeNo != ''">
                AND out_trade_no = #{outTradeNo}
            </if>
            <if test="tradeNo != null and tradeNo != ''">
                AND trade_no = #{tradeNo}
            </if>
            <if test="transactionNo != null and transactionNo != ''">
                AND transaction_no = #{transactionNo}
            </if>
            <if test="payChannelCode != null and payChannelCode != ''">
                AND pay_channel_code = #{payChannelCode}
            </if>
            <if test="amount != null">
                AND amount = #{amount}
            </if>
            <if test="orderStatus != null">
                AND order_status = #{orderStatus}
            </if>
            <if test="tradeStatus != null">
                AND trade_status = #{tradeStatus}
            </if>
            <if test="notifyStatus != null">
                AND notify_status = #{notifyStatus}
            </if>
            <if test="notifyCount != null">
                AND notify_count = #{notifyCount}
            </if>
            <if test="remark != null">
                AND remark = #{remark}
            </if>
            <if test="orderCreateTime != null">
                AND order_create_time = #{orderCreateTime}
            </if>
            <if test="payTime != null">
                AND pay_time = #{payTime}
            </if>
            <if test="notifyTime != null">
                AND notify_time = #{notifyTime}
            </if>
            <if test="extendParam != null and extendParam != ''">
                AND extend_param = #{extendParam}
            </if>
            <if test="status != null">
                AND status = #{status}
            </if>
            <if test="createTime != null">
                AND insert_time = #{createTime}
            </if>
            <if test="updateTime != null">
                AND update_time = #{updateTime}
            </if>
        </where>
    </delete>

</mapper>