<?xml version="1.0" encoding="UTF-8"?>
<!DOCTYPE mapper PUBLIC "-//mybatis.org//DTD Mapper 3.0//EN"
        "http://mybatis.org/dtd/mybatis-3-mapper.dtd">
<mapper namespace="com.lenovo.m2.hsbuy.dao.pay.soa.PayBankMapper">

    <resultMap id="BaseResultMap" type="com.lenovo.m2.hsbuy.domain.pay.soa.outpay.PayBank">
        <id column="id" jdbcType="INTEGER" property="id"/>
        <result column="bank_id" jdbcType="VARCHAR" property="bankId"/>
        <result column="bank_no" jdbcType="INTEGER" property="bankCode"/>
        <result column="bank_abbr" jdbcType="VARCHAR" property="bankAbbr"/>
        <result column="bank_name" jdbcType="VARCHAR" property="bankName"/>
        <result column="create_time" jdbcType="TIMESTAMP" property="createTime"/>
        <result column="update_time" jdbcType="TIMESTAMP" property="updateTime"/>
        <result column="status" jdbcType="INTEGER" property="status"/>
    </resultMap>

    <sql id="Base_Column_List">
        id,bank_id,bank_no,bank_abbr,bank_name,create_time,update_time,status
    </sql>

    <select id="getAllPayBanks" resultMap="BaseResultMap">
        select
        <include refid="Base_Column_List"/>
        from pay_bank
    </select>

    <select id="getPayBankByParams" parameterType="com.lenovo.m2.hsbuy.domain.pay.soa.outpay.PayBank" resultMap="BaseResultMap">
        select
        <include refid="Base_Column_List"/>
        from pay_bank bank
        <where>
            <if test="id != null">
                bank.id = #{id}
            </if>
            <if test="bankId != null">
                AND bank.bank_id = #{bankId}
            </if>
            <if test="bankCode != null">
                AND bank.bank_no = #{bankCode}
            </if>
            <if test="bankAbbr != null">
                AND bank.bank_abbr = #{bankAbbr}
            </if>
            <if test="bankName != null">
                AND bank.bank_name = #{bankName}
            </if>
            <if test="status != null">
                AND bank.status = #{status}
            </if>
        </where>
    </select>

</mapper>