<?xml version="1.0" encoding="UTF-8"?>
<!DOCTYPE mapper PUBLIC "-//mybatis.org//DTD Mapper 3.0//EN"
        "http://mybatis.org/dtd/mybatis-3-mapper.dtd">
<mapper namespace="com.lenovo.m2.hsbuy.dao.pay.soa.PayChannelBankMapper">

    <resultMap id="BaseResultMap" type="com.lenovo.m2.hsbuy.domain.pay.soa.outpay.PayChannelBank">
        <id column="id" jdbcType="INTEGER" property="id"/>
        <result column="payplat_id" jdbcType="INTEGER" property="payplatId"/>
        <result column="bank_no" jdbcType="VARCHAR" property="bankCode"/>
        <result column="account_type" jdbcType="INTEGER" property="bankType"/>
        <result column="card_type" jdbcType="INTEGER" property="cardType"/>
        <result column="pay_code" jdbcType="INTEGER" property="payCode"/>
        <result column="create_time" jdbcType="TIMESTAMP" property="createTime"/>
        <result column="update_time" jdbcType="TIMESTAMP" property="updateTime"/>
        <result column="status" jdbcType="INTEGER" property="status"/>
    </resultMap>

    <sql id="Base_Column_List">
            id,payplat_id,bank_no,account_type,card_type,pay_code,create_time,update_time,status
    </sql>

    <select id="getPayChannelBanksByParams" parameterType="com.lenovo.m2.hsbuy.domain.pay.soa.outpay.PayChannelBank" resultMap="BaseResultMap">
        select
        <include refid="Base_Column_List"/>
        from pay_channel_bank pcb
        <where>
            <if test="id != null">
                pcb.id = #{id}
            </if>
            <if test="payplatId != null">
                AND pcb.payplat_id = #{payplatId}
            </if>
            <if test="bankCode != null">
                AND pcb.bank_code = #{bankCode}
            </if>
            <if test="bankType != null">
                AND pcb.account_type = #{bankType}
            </if>
            <if test="cardType != null">
                AND pcb.card_type = #{cardType}
            </if>
            <if test="payCode != null">
                AND pcb.pay_code = #{payCode}
            </if>
            <if test="createTime != null">
                AND pcb.create_time = #{createTime}
            </if>
            <if test="updateTime != null">
                AND pcb.update_time = #{updateTime}
            </if>
            <if test="status != null">
                AND pcb.status = #{status}
            </if>
        </where>
    </select>

    <select id="getPayChannelBankByParams" resultMap="BaseResultMap">
        select
        <include refid="Base_Column_List"/>
        from pay_channel_bank pcb
        <where>
            <if test="payplatId != null">
                AND pcb.payplat_id = #{payplatId}
            </if>
            <if test="bankCode != null">
                AND pcb.bank_no = #{bankCode}
            </if>
            <if test="bankType != null">
                AND pcb.account_type = #{bankType}
            </if>
            <if test="cardType != null">
                AND pcb.card_type = #{cardType}
            </if>
        </where>
    </select>

    <select id="getAllPayChannelBanks" resultMap="BaseResultMap">
        select
        <include refid="Base_Column_List"/>
        from pay_channel_bank
    </select>

</mapper>