<?xml version="1.0" encoding="UTF-8" ?>
<!DOCTYPE mapper PUBLIC "-//mybatis.org//DTD Mapper 3.0//EN" "http://mybatis.org/dtd/mybatis-3-mapper.dtd" >
<mapper namespace="com.lenovo.m2.hsbuy.dao.pay.soa.PayFakeRulesMapper" >
    <resultMap id="BaseResultMap" type="com.lenovo.m2.hsbuy.domain.pay.soa.baseInfo.PayFakeRules" >
        <id column="id" property="id" jdbcType="INTEGER" />
        <result column="lenovo_id" property="lenovoId" jdbcType="VARCHAR" />
        <result column="user_name" property="userName" jdbcType="VARCHAR" />
        <result column="fake_rules" property="fakeRules" jdbcType="VARCHAR" />
        <result column="operator" property="operator" jdbcType="VARCHAR" />
        <result column="status" property="status" jdbcType="INTEGER" />
    </resultMap>
    <sql id="Base_Column_List" >
        id, lenovo_id, user_name, fake_rules, operator, status
    </sql>

    <insert id="insertPayFakeRules" parameterType="com.lenovo.m2.hsbuy.domain.pay.soa.baseInfo.PayFakeRules">
        INSERT INTO pay_fake_rules
        (id,
        lenovo_id,
        user_name,
        fake_rules,
        operator,
        status)
        VALUES
        (#{id},
        #{lenovoId},
        #{userName},
        #{fakeRules},
        #{operator},
        #{status})
        <selectKey resultType="java.lang.Long"  order="AFTER" keyProperty="id" >
            SELECT LAST_INSERT_ID() AS id
        </selectKey>
    </insert>

    <update id="updatePayFakeRules" parameterType="com.lenovo.m2.hsbuy.domain.pay.soa.baseInfo.PayFakeRules">
        UPDATE
        pay_fake_rules
        SET
        <if test="userName != null ">
        user_name=#{userName},
        </if>
        <if test="fakeRules != null">
        fake_rules=#{fakeRules},
        </if>
        <if test="operator != null">
        operator=#{operator},
        </if>
        <if test="status != null">
        status=#{status}
        </if>
        WHERE
        lenovo_id=#{lenovoId}
    </update>

    <select id="selectPayFakeRules" resultMap="BaseResultMap">
        SELECT <include refid="Base_Column_List" />
        from pay_fake_rules
        <if test="lenovoId != null">
            where
            lenovo_id=#{lenovoId}
        </if>
    </select>

</mapper>