<?xml version="1.0" encoding="UTF-8"?>
<!DOCTYPE mapper PUBLIC "-//mybatis.org//DTD Mapper 3.0//EN"
        "http://mybatis.org/dtd/mybatis-3-mapper.dtd">

<mapper namespace="com.lenovo.m2.hsbuy.dao.pay.soa.PayMailMapper">
    <resultMap id="BaseResultMap" type="com.lenovo.m2.hsbuy.domain.pay.soa.baseInfo.PayMailInfo" >
        <id column="id" property="id" jdbcType="INTEGER" />
        <result column="send_date" property="sendDate" jdbcType="TIMESTAMP" />
        <result column="title" property="title" jdbcType="VARCHAR" />
        <result column="content" property="content" jdbcType="VARCHAR" />
        <result column="to_address" property="toAddress" jdbcType="VARCHAR" />
        <result column="fj_file_path" property="fjFilePath" jdbcType="VARCHAR" />
        <result column="fj_file_name" property="fjFileName" jdbcType="VARCHAR" />
        <result column="send_state" property="sendState" jdbcType="INTEGER" />
        <result column="mail_type" property="mailType" jdbcType="INTEGER" />
        <result column="update_time" property="updateTime" jdbcType="TIMESTAMP" />
    </resultMap>

    <insert id="savePayMailInfo" parameterType="com.lenovo.m2.hsbuy.domain.pay.soa.baseInfo.PayMailInfo">
        INSERT INTO pay_mail_info
        (id,
        send_date,
        title,
        content,
        to_address,
        fj_file_path,
        fj_file_name,
        send_state,
        mail_type,
        update_time)
        VALUES
        (#{id},
        #{sendDate},
        #{title},
        #{content},
        #{toAddress},
        #{fjFilePath},
        #{fjFileName},
        #{sendState},
        #{mailType},
        NOW());
        <selectKey resultType="java.lang.Long"  order="AFTER" keyProperty="id" >
            SELECT LAST_INSERT_ID() AS id
        </selectKey>
    </insert>

    <select id="getFailedMail" resultMap="BaseResultMap" >
        SELECT * from pay_mail_info where mail_type = #{mailType} and send_state = 0
    </select>

    <update id="updatePayMailState">
        UPDATE
        pay_mail_info
        SET
        send_state=#{sendState},
        update_time = NOW()
        WHERE
        id=#{id}
    </update>
</mapper>