<?xml version="1.0" encoding="UTF-8"?>
<!DOCTYPE mapper PUBLIC "-//mybatis.org//DTD Mapper 3.0//EN"
        "http://mybatis.org/dtd/mybatis-3-mapper.dtd">

<mapper namespace="com.lenovo.m2.hsbuy.dao.pay.soa.PayMailAddressMapper">
    <resultMap id="BaseResultMap" type="com.lenovo.m2.hsbuy.domain.pay.soa.baseInfo.PayMailAddress" >
        <id column="id" property="id" jdbcType="INTEGER" />
        <result column="mail_type" property="mailType" jdbcType="INTEGER" />
        <result column="address" property="address" jdbcType="VARCHAR" />
        <result column="create_time" property="createTime" jdbcType="TIMESTAMP" />
        <result column="state" property="state" jdbcType="INTEGER" />
    </resultMap>


    <select id="queryAddressList" resultMap="BaseResultMap" >
        SELECT * from pay_mail_address where mail_type = #{mailType} and state = 1
    </select>

</mapper>