<?xml version="1.0" encoding="UTF-8"?>
<!DOCTYPE mapper PUBLIC "-//mybatis.org//DTD Mapper 3.0//EN"
        "http://mybatis.org/dtd/mybatis-3-mapper.dtd">

<mapper namespace="com.lenovo.m2.hsbuy.dao.pay.soa.PayOrderMapper">

    <resultMap id="BaseResultMap" type="com.lenovo.m2.hsbuy.domain.pay.soa.wxpay.PayOrder" >
        <id column="id" property="id" jdbcType="BIGINT" />
        <result column="u_id" property="u_id" jdbcType="VARCHAR" />
        <result column="os" property="os" jdbcType="INTEGER" />
        <result column="merchant_id" property="merchant_id" jdbcType="INTEGER" />
        <result column="pay_type" property="pay_type" jdbcType="INTEGER" />
        <result column="wmid" property="wmid" jdbcType="VARCHAR" />
        <result column="openid" property="openid" jdbcType="VARCHAR" />
        <result column="out_trade_no" property="out_trade_no" jdbcType="VARCHAR" />
        <result column="trade_state" property="trade_state" jdbcType="INTEGER" />
        <result column="total_fee" property="total_fee" jdbcType="INTEGER" />
        <result column="pay_money" property="pay_money" jdbcType="DECIMAL"/>
        <result column="CurrencyCode" property="currencyCode" jdbcType="VARCHAR" />
        <result column="wx_flag" property="wx_flag" jdbcType="INTEGER" />
        <result column="merchant_flag" property="merchant_flag" jdbcType="INTEGER" />
        <result column="transation_id" property="transation_id" jdbcType="VARCHAR" />
        <result column="product_fee" property="product_fee" jdbcType="INTEGER" />
        <result column="transport_fee" property="transport_fee" jdbcType="INTEGER" />
        <result column="notify_id" property="notify_id" jdbcType="VARCHAR" />
        <result column="goods_tag" property="goods_tag" jdbcType="VARCHAR" />
        <result column="time_expire" property="time_expire" jdbcType="TIMESTAMP" />
        <result column="spbill_create_ip" property="spbill_create_ip" jdbcType="VARCHAR" />
        <result column="attach" property="attach" jdbcType="VARCHAR" />
        <result column="body" property="body" jdbcType="VARCHAR" />
        <result column="fee_type" property="fee_type" jdbcType="INTEGER" />
        <result column="is_refund" property="is_refund" jdbcType="INTEGER" />
        <result column="time_end" property="time_end" jdbcType="TIMESTAMP" />
        <result column="time_start" property="time_start" jdbcType="TIMESTAMP" />
        <result column="create_time" property="create_time" jdbcType="TIMESTAMP" />
        <result column="update_time" property="update_time" jdbcType="TIMESTAMP" />
        <result column="fq_rate" property="fq_rate" jdbcType="VARCHAR" />
        <result column="fq_num" property="fq_num" jdbcType="INTEGER" />
        <result column="fq_code" property="fq_code" jdbcType="VARCHAR" />
        <result column="merchant_plat" property="merchant_plat" jdbcType="VARCHAR" />
        <result column="pay_bank" property="pay_bank" jdbcType="VARCHAR" />
        <result column="shop_id" property="shop_id" jdbcType="VARCHAR" />
        <result column="terminal" property="terminal" jdbcType="VARCHAR" />
    </resultMap>
    <sql id="Base_Column_List" >
        id, u_id, os, merchant_id, pay_type, wmid, openid, out_trade_no, trade_state, total_fee,
        pay_money,CurrencyCode, wx_flag, merchant_flag, transation_id, product_fee, transport_fee,
        notify_id, goods_tag, time_expire, spbill_create_ip, attach, body, fee_type, is_refund,
        time_end, time_start, create_time, update_time, fq_rate, fq_num, fq_code,
        merchant_plat, pay_bank, shop_id, terminal
    </sql>
    <select id="getExistedPayOrder" parameterType="com.lenovo.m2.hsbuy.domain.pay.soa.wxpay.PayOrder" resultType="long">
        SELECT id FROM wx_pay_order WHERE u_id=#{u_id} and out_trade_no=#{out_trade_no} limit 1
    </select>

    <select id="getPayOrderById" parameterType="com.lenovo.m2.hsbuy.domain.pay.soa.wxpay.PayOrder" resultMap="BaseResultMap">
        SELECT
          <include refid="Base_Column_List"/>
        FROM wx_pay_order
        WHERE
          out_trade_no=#{orderCode} order by id desc limit 1
    </select>

    <select id="getPayOrderByPrimaryId" resultMap="BaseResultMap">
        SELECT
          <include refid="Base_Column_List"/>
        FROM wx_pay_order
        WHERE id=#{payOrderId}
    </select>

    <select id="getPayOrderDetail" resultMap="BaseResultMap">
        SELECT
          <include refid="Base_Column_List"/>
        FROM wx_pay_order
        WHERE out_trade_no=#{orderCode}
        and u_id=#{userId}
        and transation_id=#{transactionId}
    </select>


    <select id="getPayOrderByOutTradeNo" resultType="int">
        SELECT
          merchant_id
        FROM wx_pay_order
        WHERE out_trade_no=#{orderCode} limit 1;
    </select>

    <update id="updateOrderPayState">
        UPDATE
          wx_pay_order
        SET
          transation_id=#{wxPayCode},
          merchant_flag=#{merchantFlag},
          trade_state=#{tradeState},
          pay_type=#{payType},
          update_time=now()
        WHERE  id=#{orderCode}
    </update>

    <update id="updateMerchantNotifyState">
        UPDATE
          wx_pay_order
        SET
          merchant_flag=#{merchantFlag},
          update_time=now()
        WHERE
          id=#{orderCode}
        AND
          transation_id=#{transactionId}
        <if test="userId!=null and userId!=''">
            AND u_id=#{userId}
        </if>
    </update>

    <update id="updateAliPayNotifyState">
        UPDATE
          wx_pay_order
        SET
          pay_type=#{payType},
          merchant_flag=#{merchantFlag},
          update_time=now(),
          transation_id=#{transactionId},
          notify_id=#{notifyId},
          trade_state=#{tradeState},
          attach=#{bankSeqNo}
        WHERE  id=#{orderCode}
    </update>


    <update id="updateAliIphonePayNotifyState">
        UPDATE
          wx_pay_order
        SET
          pay_type=#{payType},
          merchant_flag=#{merchantFlag},
          update_time=now(),
          transation_id=#{transactionId},
          notify_id=#{notifyId},
          trade_state=#{tradeState},
          attach=#{bankSeqNo}
        WHERE  id=#{orderCode}
    </update>


    <select id="get" parameterType="com.lenovo.m2.hsbuy.domain.pay.soa.wxpay.PayOrder" resultMap="BaseResultMap">
        SELECT
          <include refid="Base_Column_List"/>
        FROM wx_pay_order
        WHERE u_id=#{u_id}
        AND out_trade_no=#{out_trade_no}
    </select>


    <select id="getOrderStatus" parameterType="com.lenovo.m2.hsbuy.domain.pay.soa.wxpay.PayOrder" resultType="com.lenovo.m2.hsbuy.domain.pay.soa.wxpay.PayOrder">
        SELECT
          out_trade_no,u_id,trade_state
        FROM wx_pay_order
        WHERE u_id=#{userId}
        AND out_trade_no=#{orderCode}
        AND pay_type = 9
    </select>


    <select id="getAll" resultMap="BaseResultMap">
        SELECT
          <include refid="Base_Column_List"/>
        FROM wx_pay_order
    </select>

    <insert id="add" parameterType="com.lenovo.m2.hsbuy.domain.pay.soa.wxpay.PayOrder" flushCache="true">
        INSERT INTO wx_pay_order
        (
        u_id,
        os,
        merchant_id,
        pay_type,
        wmid,
        openid,
        out_trade_no,
        trade_state,
        total_fee,
        pay_money,
        CurrencyCode,
        wx_flag,
        merchant_flag,
        transation_id,
        product_fee,
        transport_fee,
        notify_id,
        goods_tag,
        time_expire,
        spbill_create_ip,
        attach,body,
        fee_type,
        is_refund,
        time_end,
        time_start,
        create_time,
        update_time,
        version,
        fq_rate,
        fq_num,
        fq_code,
        pay_bank,
        shop_id,
        terminal
        )
        VALUES
        (
        #{u_id},
        #{os},
        #{merchant_id},
        #{pay_type},
        #{wmid},
        #{openid},
        #{out_trade_no},
        #{trade_state},
        #{total_fee},
        #{pay_money},
        #{currencyCode},
        #{wx_flag},
        #{merchant_flag},
        #{transation_id},
        #{product_fee},
        #{transport_fee},
        #{notify_id},
        #{goods_tag},
        #{time_expire},
        #{spbill_create_ip},
        #{attach},
        #{body},
        #{fee_type},
        #{is_refund},
        #{time_end},
        #{time_start},
        now(),
        now(),
        #{version},
        #{fq_rate},
        #{fq_num},
        #{fq_code},
        #{pay_bank},
        #{shop_id},
        #{terminal}
        )
        <selectKey resultType="java.lang.Long" order="AFTER" keyProperty="id">
            SELECT LAST_INSERT_ID() AS id
        </selectKey>
    </insert>

    <update id="update" parameterType="com.lenovo.m2.hsbuy.domain.pay.soa.wxpay.PayOrder">
        UPDATE
          wx_pay_order
        SET
          password=#{password}
        WHERE id=#{id}
    </update>

    <delete id="remove" parameterType="int">
        DELETE FROM wx_pay_order WHERE id=#{id}
    </delete>

    <select id="getTwoStatus" resultMap="BaseResultMap">
        SELECT
          <include refid="Base_Column_List"/>
        FROM wx_pay_order
        WHERE id=#{orderCode};
    </select>
    <select id="getPayOrderByTransactionId" resultMap="BaseResultMap">
        SELECT
          <include refid="Base_Column_List"/>
        FROM wx_pay_order
        WHERE transation_id=#{transactionId};
    </select>


    <select id="getRefundInfo" resultType="java.util.HashMap">
        SELECT id,u_id,os,merchant_id,pay_type,wmid,openid,out_trade_no,
        trade_state,total_fee,pay_money,CurrencyCode,wx_flag,merchant_flag,transation_id,
        product_fee,transport_fee,notify_id,goods_tag,time_expire,
        spbill_create_ip,attach,body,fee_type,is_refund,time_end,time_start,
        create_time,update_time,version,shop_id,terminal FROM wx_pay_order WHERE out_trade_no=#{orderCode}
    </select>

    <select id="getStatusByOrderCode" resultMap="BaseResultMap">
        SELECT
          <include refid="Base_Column_List"/>
        FROM wx_pay_order
        WHERE
          out_trade_no=#{orderCode}
        AND trade_state=1
    </select>
    <select id="getOrderListByOrderCode" resultMap="BaseResultMap">
        SELECT
          <include refid="Base_Column_List"/>
        FROM wx_pay_order
        WHERE out_trade_no=#{orderCode}
    </select>
    <select id="getPayOrderByConf" parameterType="java.util.Map" resultMap="BaseResultMap">
        SELECT
          <include refid="Base_Column_List"/>
        FROM wx_pay_order WHERE 1=1
        <if test="merchantId != null ">
            and merchant_id in
            <foreach collection="merchantId" item="merchantId" index="index"
                     open="(" close=")" separator=",">
                #{merchantId}
            </foreach>
        </if>
        <if test="transationId != null ">
            and transation_id in
            <foreach collection="transationId" item="transationId" index="index"
                     open="(" close=")" separator=",">
                #{transationId}
            </foreach>
        </if>
        <if test="createTimeS != null ">
            and update_time &gt;= #{createTimeS}
        </if>
        <if test="createTimeE != null ">
            and update_time &lt; #{createTimeE}
        </if>
        <if test="tradeState != null">
            and trade_state=#{tradeState}
        </if>
    </select>

    <select id="getOrderListByPayType" resultMap="BaseResultMap">
        SELECT
          <include refid="Base_Column_List"/>
        FROM wx_pay_order
        WHERE
          out_trade_no=#{orderCode}
        AND pay_type = #{payType}
    </select>

    <update id="updatePayBankByID">
        UPDATE
          wx_pay_order
        SET
          pay_bank=#{payBank},
          fee_type=#{feeType}
        WHERE  id=#{id}
    </update>

    <update id="updateFqInfo">
        UPDATE
          wx_pay_order
        SET
          fq_num=#{fqNum},
          fq_rate=#{fqRate},
          fq_code=#{fqCode},
          os=#{plat},
          shop_id=#{shopId},
          terminal=#{terminal}
        WHERE  id=#{id}
    </update>

    <select id="getPayOrderByTradeState" resultMap="BaseResultMap">
        SELECT
          <include refid="Base_Column_List"/>
        FROM wx_pay_order
        WHERE
          out_trade_no=#{orderMainCode}
        AND trade_state = #{tradeState};
    </select>

    <select id="getPayOrderPage"
            resultMap="BaseResultMap"
            parameterType="map">
        select
         <include refid="Base_Column_List"/>
        from wx_pay_order
        WHERE 1 = 1
        <if test="param2.pay_type!=null and param2.pay_type!=''">
            AND pay_type =#{param2.pay_type}
        </if>
        <if test="param2.out_trade_no!=null and param2.out_trade_no!=''">
            AND out_trade_no =#{param2.out_trade_no}
        </if>
        <if test="param2.merchant_flag!=null and param2.merchant_flag!=''">
            AND merchant_flag =#{param2.merchant_flag}
        </if>

        <if test="param2.is_refund!=null and param2.is_refund!=''">
            AND is_refund =#{param2.is_refund}
        </if>
        <if test="param2.startTimeS != null and param2.startTimeS != ''">
            <![CDATA[ AND DATE_FORMAT(create_time, '%Y-%m-%d') >= DATE_FORMAT(#{param2.startTimeS}, '%Y-%m-%d') ]]>
        </if>
        <if test="param2.startTimeE != null and param2.startTimeE != ''">
            <![CDATA[ AND DATE_FORMAT(create_time, '%Y-%m-%d') <= DATE_FORMAT(#{param2.startTimeE}, '%Y-%m-%d') ]]>
        </if>

        <if test="param2.transation_id != null and param2.transation_id!=''">
            and transation_id = #{param2.transation_id}
        </if>
        <if test="param2.notify_id != null and param2.notify_id!=''">
            and notify_id = #{param2.notify_id}
        </if>
        <if test="param2.os != null and param2.os!=''">
            and os = #{param2.os}
        </if>
        <if test="param2.trade_state != null and param2.trade_state!=''">
            and trade_state = #{param2.trade_state}
        </if>
        <if test="param2.tradeState != null and param2.tradeState!=''">
            and trade_state != '1'
        </if>
        <if test="param2.shop_id != null and param2.shop_id!=''">
            and shop_id = #{param2.shop_id}
        </if>
        <if test="param2.terminal != null and param2.terminal!=''">
            and terminal = #{param2.terminal}
        </if>
        /*GROUP BY out_trade_no*/
        <!--and  create_time in ( SELECT MAX(create_time) FROM wx_pay_order WHERE 1 = 1
        <if test="param2.out_trade_no!=null and param2.out_trade_no!=''">
            AND  out_trade_no =#{param2.out_trade_no}
        </if>
        GROUP BY out_trade_no)-->
        order by create_time desc
    </select>

    <update id="updateCmbPayNotifyState">
        UPDATE wx_pay_order SET pay_type=#{payType}, merchant_flag=#{merchantFlag},update_time=now(),transation_id=#{transactionId}
        ,notify_id=#{notifyId},trade_state=#{tradeState},attach=#{bankSeqNo}
        WHERE  id=#{orderCode} AND trade_state=#{trade_state}
    </update>

    <!--平安银行更新商家状态接口-->
    <update id="updatePingAnPayNotifyState">
        UPDATE wx_pay_order SET pay_type=#{payType}, merchant_flag=#{merchantFlag},update_time=now(),transation_id=#{transactionId}
        ,trade_state=#{tradeState}
        WHERE  id=#{orderCode}
    </update>

    <update id="updatePayOrderShopIdTerminal">
        UPDATE wx_pay_order SET os=#{plat},shop_id=#{shopId},terminal=#{terminal}
        WHERE  id=#{id}
    </update>

    <update id="updatePayOrderCreateTime">
        UPDATE wx_pay_order SET create_time=#{createTime}
        WHERE  id=#{orderPrimaryId}
        <if test="lenovoId!=null and lenovoId!=''">
            AND u_id=#{lenovoId}
        </if>
    </update>

    <select id="getPayOrderListByTradeState" resultMap="BaseResultMap">
        SELECT
        <include refid="Base_Column_List"/>
        FROM wx_pay_order
        WHERE
        out_trade_no=#{outTradeNo}
        AND trade_state = #{tradeState}
    </select>
</mapper>