<?xml version="1.0" encoding="UTF-8"?>
<!DOCTYPE mapper PUBLIC "-//mybatis.org//DTD Mapper 3.0//EN"
        "http://mybatis.org/dtd/mybatis-3-mapper.dtd">

<mapper namespace="com.lenovo.m2.hsbuy.dao.pay.soa.PayPointRulesMapper">
    <resultMap id="BaseResultMap" type="com.lenovo.m2.hsbuy.domain.pay.soa.baseInfo.PayPointRules" >
        <id column="id" property="id" />
        <result column="is_able" property="isAble" />
        <result column="point_rate" property="pointRate" />
        <result column="fa_id" property="faId" />
        <result column="create_time" property="createTime" />
        <result column="update_time" property="updateTime" />
        <result column="createBy" property="createBy" />
        <result column="type" property="type" />
        <result column="remark" property="remark" />
        <result column="rate" property="rate" />
        <result column="CurrencyCode" property="currencyCode" />

    </resultMap>
    <sql id="Base_Column_List">
       id,is_able,fa_id,point_rate,create_time,update_time,createBy,type,remark,rate,CurrencyCode
    </sql>

    <select id="getPayPointRulesByfaId" resultMap="BaseResultMap">
        SELECT
        <include refid="Base_Column_List"/>
        from pay_point_rules
        where fa_id =#{faId}
        and  is_able =1
        and  type =1
    </select>
</mapper>