<?xml version="1.0" encoding="UTF-8"?>
<!DOCTYPE mapper PUBLIC "-//mybatis.org//DTD Mapper 3.0//EN"
        "http://mybatis.org/dtd/mybatis-3-mapper.dtd">
<mapper namespace="com.lenovo.m2.hsbuy.dao.pay.soa.PayPortalOrderMapper">
    <resultMap id="BaseResultMap" type="com.lenovo.m2.hsbuy.domain.pay.soa.cashier.PayPortalOrder">
        <id column="id" jdbcType="INTEGER" property="id"/>
        <result column="out_trade_no" jdbcType="VARCHAR" property="outTradeNo"/>
        <result column="show_trade_no" jdbcType="VARCHAR" property="showTradeNo"/>
        <result column="fa_id" jdbcType="VARCHAR" property="faId"/>
        <result column="shop_id" jdbcType="VARCHAR" property="shopId"/>
        <result column="terminal" jdbcType="VARCHAR" property="terminal"/>
        <result column="delivery_info" jdbcType="VARCHAR" property="deliveryInfo"/>
        <result column="tax_type" jdbcType="VARCHAR" property="taxType"/>
        <result column="tax_info" jdbcType="VARCHAR" property="taxInfo"/>
        <result column="tax_delivery_info" jdbcType="VARCHAR" property="taxDeliveryInfo"/>
        <result column="subject" jdbcType="VARCHAR" property="subject"/>
        <result column="body" jdbcType="VARCHAR" property="body"/>
        <result column="payment_way" jdbcType="VARCHAR" property="paymentWay"/>
        <result column="order_type" jdbcType="VARCHAR" property="orderType"/>
        <result column="reward_ledou" jdbcType="VARCHAR" property="rewardLedou"/>
        <result column="total_fee" jdbcType="DECIMAL" property="totalFee"/>
        <result column="refund_money" jdbcType="DECIMAL" property="refundMoney"/>
        <result column="CurrencyCode" jdbcType="VARCHAR" property="currencyCode"/>
        <result column="it_b_pay" jdbcType="VARCHAR" property="itBPay"/>
        <result column="return_url" jdbcType="VARCHAR" property="returnUrl"/>
        <result column="notify_url" jdbcType="VARCHAR" property="notifyUrl"/>
        <result column="show_url" jdbcType="VARCHAR" property="showUrl"/>
        <result column="exception_url" jdbcType="VARCHAR" property="exceptionUrl"/>
        <result column="extend_param" jdbcType="VARCHAR"  property="extendParam"/>
        <result column="transation_id" jdbcType="VARCHAR" property="transationId"/>
        <result column="order_status" jdbcType="INTEGER" property="orderStatus"/>
        <result column="pay_status" jdbcType="INTEGER" property="payStatus"/>
        <result column="member_code" jdbcType="VARCHAR" property="memberCode"/>
        <result column="lenovo_id" jdbcType="VARCHAR" property="lenovoId"/>
        <result column="payment" jdbcType="INTEGER" property="payment"/>
        <result column="payment_type_id" jdbcType="INTEGER" property="paymentTypeId"/>
        <result column="order_time" jdbcType="TIMESTAMP" property="orderTime"/>
        <result column="pay_time" jdbcType="TIMESTAMP" property="payTime"/>
        <result column="create_time" jdbcType="TIMESTAMP" property="createTime"/>
        <result column="update_time" jdbcType="TIMESTAMP" property="updateTime"/>
        <result column="failure_time" jdbcType="TIMESTAMP" property="failureTime"/>
        <result column="point" jdbcType="INTEGER" property="point"/>
    </resultMap>


    <sql id="Base_Column_List">
    id, out_trade_no, show_trade_no, fa_id, shop_id, terminal, delivery_info, tax_type,
    tax_info, tax_delivery_info, subject, body, payment_way, order_type, reward_ledou,
    total_fee, refund_money, CurrencyCode, it_b_pay, return_url, notify_url, show_url, exception_url,
    extend_param, transation_id, order_status, pay_status, member_code, lenovo_id, payment, 
    payment_type_id, order_time, pay_time, create_time, update_time, failure_time,point
    </sql>
    <select id="selectByPrimaryKey" parameterType="java.lang.Integer" resultMap="BaseResultMap">
        select
        <include refid="Base_Column_List"/>
        from pay_portal_order
        where id = #{id,jdbcType=INTEGER}
    </select>
    <delete id="deleteByPrimaryKey" parameterType="java.lang.Integer">
    delete from pay_portal_order
    where id = #{id,jdbcType=INTEGER}
    </delete>

    <insert id="insert" parameterType="com.lenovo.m2.hsbuy.domain.pay.soa.cashier.PayPortalOrder">
    insert into pay_portal_order ( out_trade_no, show_trade_no,
      fa_id, shop_id, terminal, 
      delivery_info, tax_type, tax_info, 
      tax_delivery_info, subject, body, 
      payment_way, order_type, reward_ledou, 
      total_fee, refund_money, CurrencyCode, it_b_pay,
      return_url, notify_url, show_url, 
      exception_url, extend_param, transation_id, 
      order_status, pay_status, member_code, 
      lenovo_id, payment, payment_type_id, 
      order_time, pay_time, create_time, 
      update_time, failure_time,point)
    values ( #{outTradeNo,jdbcType=VARCHAR}, #{showTradeNo,jdbcType=VARCHAR},
      #{faId,jdbcType=VARCHAR}, #{shopId,jdbcType=VARCHAR}, #{terminal,jdbcType=VARCHAR}, 
      #{deliveryInfo,jdbcType=VARCHAR}, #{taxType,jdbcType=VARCHAR}, #{taxInfo,jdbcType=VARCHAR}, 
      #{taxDeliveryInfo,jdbcType=VARCHAR}, #{subject,jdbcType=VARCHAR}, #{body,jdbcType=VARCHAR}, 
      #{paymentWay,jdbcType=VARCHAR}, #{orderType,jdbcType=VARCHAR}, #{rewardLedou,jdbcType=VARCHAR}, 
      #{totalFee,jdbcType=DECIMAL}, #{refundMoney,jdbcType=DECIMAL}, #{currencyCode,jdbcType=VARCHAR}, #{itBPay,jdbcType=VARCHAR},
      #{returnUrl,jdbcType=VARCHAR}, #{notifyUrl,jdbcType=VARCHAR}, #{showUrl,jdbcType=VARCHAR}, 
      #{exceptionUrl,jdbcType=VARCHAR}, #{extendParam,jdbcType=VARCHAR}, #{transationId,jdbcType=VARCHAR}, 
      #{orderStatus,jdbcType=INTEGER}, #{payStatus,jdbcType=INTEGER}, #{memberCode,jdbcType=VARCHAR}, 
      #{lenovoId,jdbcType=VARCHAR}, #{payment,jdbcType=INTEGER}, #{paymentTypeId,jdbcType=INTEGER}, 
      #{orderTime,jdbcType=TIMESTAMP}, #{payTime,jdbcType=TIMESTAMP}, #{createTime,jdbcType=TIMESTAMP}, 
      #{updateTime,jdbcType=TIMESTAMP},#{failureTime,jdbcType=TIMESTAMP},#{point,jdbcType=INTEGER})
    </insert>

    <insert id="insertReturnPrimaryId" parameterType="com.lenovo.m2.hsbuy.domain.pay.soa.cashier.PayPortalOrder">
        insert into pay_portal_order ( out_trade_no, show_trade_no,
        fa_id, shop_id, terminal,
        delivery_info, tax_type, tax_info,
        tax_delivery_info, subject, body,
        payment_way, order_type, reward_ledou,
        total_fee, refund_money, CurrencyCode, it_b_pay,
        return_url, notify_url, show_url,
        exception_url, extend_param, transation_id,
        order_status, pay_status, member_code,
        lenovo_id, payment, payment_type_id,
        order_time, pay_time, create_time,
        update_time, failure_time,point)
        values ( #{outTradeNo,jdbcType=VARCHAR},
        #{showTradeNo,jdbcType=VARCHAR},
        #{faId,jdbcType=VARCHAR}, #{shopId,jdbcType=VARCHAR},
        #{terminal,jdbcType=VARCHAR},
        #{deliveryInfo,jdbcType=VARCHAR}, #{taxType,jdbcType=VARCHAR},
        #{taxInfo,jdbcType=VARCHAR},
        #{taxDeliveryInfo,jdbcType=VARCHAR}, #{subject,jdbcType=VARCHAR},
        #{body,jdbcType=VARCHAR},
        #{paymentWay,jdbcType=VARCHAR}, #{orderType,jdbcType=VARCHAR},
        #{rewardLedou,jdbcType=VARCHAR},
        #{totalFee,jdbcType=DECIMAL}, #{refundMoney,jdbcType=DECIMAL},
        #{currencyCode,jdbcType=VARCHAR},
        #{itBPay,jdbcType=VARCHAR},
        #{returnUrl,jdbcType=VARCHAR}, #{notifyUrl,jdbcType=VARCHAR},
        #{showUrl,jdbcType=VARCHAR},
        #{exceptionUrl,jdbcType=VARCHAR}, #{extendParam,jdbcType=VARCHAR},
        #{transationId,jdbcType=VARCHAR},
        #{orderStatus,jdbcType=INTEGER}, #{payStatus,jdbcType=INTEGER},
        #{memberCode,jdbcType=VARCHAR},
        #{lenovoId,jdbcType=VARCHAR}, #{payment,jdbcType=INTEGER},
        #{paymentTypeId,jdbcType=INTEGER},
        #{orderTime,jdbcType=TIMESTAMP}, #{payTime,jdbcType=TIMESTAMP},
        NOW(), NOW(), #{failureTime,jdbcType=TIMESTAMP},#{point,jdbcType=INTEGER})
        <selectKey resultType="java.lang.Long" order="AFTER" keyProperty="id">
            SELECT LAST_INSERT_ID() AS id
        </selectKey>
    </insert>
    <insert id="insertSelective" parameterType="com.lenovo.m2.hsbuy.domain.pay.soa.cashier.PayPortalOrder">
		        <selectKey resultType="java.lang.Long" order="AFTER" keyProperty="id">
            SELECT LAST_INSERT_ID() AS id
        </selectKey>
        insert into pay_portal_order
        <trim prefix="(" suffix=")" suffixOverrides=",">

            <if test="outTradeNo != null">
                out_trade_no,
            </if>
            <if test="showTradeNo != null">
                show_trade_no,
            </if>
            <if test="faId != null">
                fa_id,
            </if>
            <if test="shopId != null">
                shop_id,
            </if>
            <if test="terminal != null">
                terminal,
            </if>
            <if test="deliveryInfo != null">
                delivery_info,
            </if>
            <if test="taxType != null">
                tax_type,
            </if>
            <if test="taxInfo != null">
                tax_info,
            </if>
            <if test="taxDeliveryInfo != null">
                tax_delivery_info,
            </if>
            <if test="subject != null">
                subject,
            </if>
            <if test="body != null">
                body,
            </if>
            <if test="paymentWay != null">
                payment_way,
            </if>
            <if test="orderType != null">
                order_type,
            </if>
            <if test="rewardLedou != null">
                reward_ledou,
            </if>
            <if test="totalFee != null">
                total_fee,
            </if>
            <if test="refundMoney != null">
                refund_money,
            </if>
            <if test="currencyCode != null">
                CurrencyCode,
            </if>
            <if test="itBPay != null">
                it_b_pay,
            </if>
            <if test="returnUrl != null">
                return_url,
            </if>
            <if test="notifyUrl != null">
                notify_url,
            </if>
            <if test="showUrl != null">
                show_url,
            </if>
            <if test="exceptionUrl != null">
                exception_url,
            </if>
            <if test="extendParam != null">
                extend_param,
            </if>
            <if test="transationId != null">
                transation_id,
            </if>
            <if test="orderStatus != null">
                order_status,
            </if>
            <if test="payStatus != null">
                pay_status,
            </if>
            <if test="memberCode != null">
                member_code,
            </if>
            <if test="lenovoId != null">
                lenovo_id,
            </if>
            <if test="payment != null">
                payment,
            </if>
            <if test="paymentTypeId != null">
                payment_type_id,
            </if>
            <if test="orderTime != null">
                order_time,
            </if>
            <if test="payTime != null">
                pay_time,
            </if>
            <if test="createTime != null">
                create_time,
            </if>
            <if test="updateTime != null">
                update_time,
            </if>
            <if test="failureTime != null">
                failure_time,
            </if>
            <if test="point != null">
                point,
            </if>
        </trim>
        <trim prefix="values (" suffix=")" suffixOverrides=",">
            <if test="outTradeNo != null">
                #{outTradeNo,jdbcType=VARCHAR},
            </if>
            <if test="showTradeNo != null">
                #{showTradeNo,jdbcType=VARCHAR},
            </if>
            <if test="faId != null">
                #{faId,jdbcType=VARCHAR},
            </if>
            <if test="shopId != null">
                #{shopId,jdbcType=VARCHAR},
            </if>
            <if test="terminal != null">
                #{terminal,jdbcType=VARCHAR},
            </if>
            <if test="deliveryInfo != null">
                #{deliveryInfo,jdbcType=VARCHAR},
            </if>
            <if test="taxType != null">
                #{taxType,jdbcType=VARCHAR},
            </if>
            <if test="taxInfo != null">
                #{taxInfo,jdbcType=VARCHAR},
            </if>
            <if test="taxDeliveryInfo != null">
                #{taxDeliveryInfo,jdbcType=VARCHAR},
            </if>
            <if test="subject != null">
                #{subject,jdbcType=VARCHAR},
            </if>
            <if test="body != null">
                #{body,jdbcType=VARCHAR},
            </if>
            <if test="paymentWay != null">
                #{paymentWay,jdbcType=VARCHAR},
            </if>
            <if test="orderType != null">
                #{orderType,jdbcType=VARCHAR},
            </if>
            <if test="rewardLedou != null">
                #{rewardLedou,jdbcType=VARCHAR},
            </if>
            <if test="totalFee != null">
                #{totalFee,jdbcType=DECIMAL},
            </if>
            <if test="refundMoney != null">
                #{refundMoney,jdbcType=DECIMAL},
            </if>
            <if test="currencyCode != null">
                #{currencyCode,jdbcType=VARCHAR},
            </if>
            <if test="itBPay != null">
                #{itBPay,jdbcType=VARCHAR},
            </if>
            <if test="returnUrl != null">
                #{returnUrl,jdbcType=VARCHAR},
            </if>
            <if test="notifyUrl != null">
                #{notifyUrl,jdbcType=VARCHAR},
            </if>
            <if test="showUrl != null">
                #{showUrl,jdbcType=VARCHAR},
            </if>
            <if test="exceptionUrl != null">
                #{exceptionUrl,jdbcType=VARCHAR},
            </if>
            <if test="extendParam != null">
                #{extendParam,jdbcType=VARCHAR},
            </if>
            <if test="transationId != null">
                #{transationId,jdbcType=VARCHAR},
            </if>
            <if test="orderStatus != null">
                #{orderStatus,jdbcType=INTEGER},
            </if>
            <if test="payStatus != null">
                #{payStatus,jdbcType=INTEGER},
            </if>
            <if test="memberCode != null">
                #{memberCode,jdbcType=VARCHAR},
            </if>
            <if test="lenovoId != null">
                #{lenovoId,jdbcType=VARCHAR},
            </if>
            <if test="payment != null">
                #{payment,jdbcType=INTEGER},
            </if>
            <if test="paymentTypeId != null">
                #{paymentTypeId,jdbcType=INTEGER},
            </if>
            <if test="orderTime != null">
                #{orderTime,jdbcType=TIMESTAMP},
            </if>
            <if test="payTime != null">
                #{payTime,jdbcType=TIMESTAMP},
            </if>
            <if test="createTime != null">
                #{createTime,jdbcType=TIMESTAMP},
            </if>
            <if test="updateTime != null">
                #{updateTime,jdbcType=TIMESTAMP},
            </if>
            <if test="failureTime != null">
                #{failureTime,jdbcType=TIMESTAMP},
            </if>
            <if test="point != null">
                #{point,jdbcType=INTEGER},
            </if>
        </trim>

    </insert>


    <update id="updateByPrimaryKeySelective" parameterType="com.lenovo.m2.hsbuy.domain.pay.soa.cashier.PayPortalOrder">

        update pay_portal_order
        <set>
            <if test="outTradeNo != null">
                out_trade_no = #{outTradeNo,jdbcType=VARCHAR},
            </if>
            <if test="showTradeNo != null">
                show_trade_no = #{showTradeNo,jdbcType=VARCHAR},
            </if>
            <if test="faId != null">
                fa_id = #{faId,jdbcType=VARCHAR},
            </if>
            <if test="shopId != null">
                shop_id = #{shopId,jdbcType=VARCHAR},
            </if>
            <if test="terminal != null">
                terminal = #{terminal,jdbcType=VARCHAR},
            </if>
            <if test="deliveryInfo != null">
                delivery_info = #{deliveryInfo,jdbcType=VARCHAR},
            </if>
            <if test="taxType != null">
                tax_type = #{taxType,jdbcType=VARCHAR},
            </if>
            <if test="taxInfo != null">
                tax_info = #{taxInfo,jdbcType=VARCHAR},
            </if>
            <if test="taxDeliveryInfo != null">
                tax_delivery_info = #{taxDeliveryInfo,jdbcType=VARCHAR},
            </if>
            <if test="subject != null">
                subject = #{subject,jdbcType=VARCHAR},
            </if>
            <if test="body != null">
                body = #{body,jdbcType=VARCHAR},
            </if>
            <if test="paymentWay != null">
                payment_way = #{paymentWay,jdbcType=VARCHAR},
            </if>
            <if test="orderType != null">
                order_type = #{orderType,jdbcType=VARCHAR},
            </if>
            <if test="rewardLedou != null">
                reward_ledou = #{rewardLedou,jdbcType=VARCHAR},
            </if>
            <if test="totalFee != null">
                total_fee = #{totalFee,jdbcType=DECIMAL},
            </if>
            <if test="refundMoney != null">
                refund_money = #{refundMoney,jdbcType=DECIMAL},
            </if>
            <if test="currencyCode != null">
                CurrencyCode = #{currencyCode,jdbcType=VARCHAR},
            </if>
            <if test="itBPay != null">
                it_b_pay = #{itBPay,jdbcType=VARCHAR},
            </if>
            <if test="returnUrl != null">
                return_url = #{returnUrl,jdbcType=VARCHAR},
            </if>
            <if test="notifyUrl != null">
                notify_url = #{notifyUrl,jdbcType=VARCHAR},
            </if>
            <if test="showUrl != null">
                show_url = #{showUrl,jdbcType=VARCHAR},
            </if>
            <if test="exceptionUrl != null">
                exception_url = #{exceptionUrl,jdbcType=VARCHAR},
            </if>
            <if test="extendParam != null">
                extend_param = #{extendParam,jdbcType=VARCHAR},
            </if>
            <if test="transationId != null">
                transation_id = #{transationId,jdbcType=VARCHAR},
            </if>
            <if test="orderStatus != null">
                order_status = #{orderStatus,jdbcType=INTEGER},
            </if>
            <if test="payStatus != null">
                pay_status = #{payStatus,jdbcType=INTEGER},
            </if>
            <if test="memberCode != null">
                member_code = #{memberCode,jdbcType=VARCHAR},
            </if>
            <if test="lenovoId != null">
                lenovo_id = #{lenovoId,jdbcType=VARCHAR},
            </if>
            <if test="payment != null">
                payment = #{payment,jdbcType=INTEGER},
            </if>
            <if test="paymentTypeId != null">
                payment_type_id = #{paymentTypeId,jdbcType=INTEGER},
            </if>
            <if test="orderTime != null">
                order_time = #{orderTime,jdbcType=TIMESTAMP},
            </if>
            <if test="payTime != null">
                pay_time = #{payTime,jdbcType=TIMESTAMP},
            </if>
            <if test="createTime != null">
                create_time = #{createTime,jdbcType=TIMESTAMP},
            </if>
            <if test="updateTime != null">
                update_time = #{updateTime,jdbcType=TIMESTAMP},
            </if>
            <if test="point != null">
                point = #{point,jdbcType=INTEGER},
            </if>
        </set>
        where id = #{id,jdbcType=INTEGER}
    </update>
    <update id="updateByPrimaryKey" parameterType="com.lenovo.m2.hsbuy.domain.pay.soa.cashier.PayPortalOrder">

    update pay_portal_order
    set out_trade_no = #{outTradeNo,jdbcType=VARCHAR},
      show_trade_no = #{showTradeNo,jdbcType=VARCHAR},
      fa_id = #{faId,jdbcType=VARCHAR},
      shop_id = #{shopId,jdbcType=VARCHAR},
      terminal = #{terminal,jdbcType=VARCHAR},
      delivery_info = #{deliveryInfo,jdbcType=VARCHAR},
      tax_type = #{taxType,jdbcType=VARCHAR},
      tax_info = #{taxInfo,jdbcType=VARCHAR},
      tax_delivery_info = #{taxDeliveryInfo,jdbcType=VARCHAR},
      subject = #{subject,jdbcType=VARCHAR},
      body = #{body,jdbcType=VARCHAR},
      payment_way = #{paymentWay,jdbcType=VARCHAR},
      order_type = #{orderType,jdbcType=VARCHAR},
      reward_ledou = #{rewardLedou,jdbcType=VARCHAR},
      total_fee = #{totalFee,jdbcType=DECIMAL},
      refund_money = #{refundMoney,jdbcType=DECIMAL},
      CurrencyCode = #{currencyCode,jdbcType=VARCHAR},
      it_b_pay = #{itBPay,jdbcType=VARCHAR},
      return_url = #{returnUrl,jdbcType=VARCHAR},
      notify_url = #{notifyUrl,jdbcType=VARCHAR},
      show_url = #{showUrl,jdbcType=VARCHAR},
      exception_url = #{exceptionUrl,jdbcType=VARCHAR},
      extend_param = #{extendParam,jdbcType=VARCHAR},
      transation_id = #{transationId,jdbcType=VARCHAR},
      order_status = #{orderStatus,jdbcType=INTEGER},
      pay_status = #{payStatus,jdbcType=INTEGER},
      member_code = #{memberCode,jdbcType=VARCHAR},
      lenovo_id = #{lenovoId,jdbcType=VARCHAR},
      payment = #{payment,jdbcType=INTEGER},
      payment_type_id = #{paymentTypeId,jdbcType=INTEGER},
      order_time = #{orderTime,jdbcType=TIMESTAMP},
      pay_time = #{payTime,jdbcType=TIMESTAMP},
      create_time = #{createTime,jdbcType=TIMESTAMP},
      update_time = #{updateTime,jdbcType=TIMESTAMP}
      point = #{point,jdbcType=INTEGER}
    where id = #{id,jdbcType=INTEGER}
    </update>

    <select id="queryPayPortalOrderListByOutTradeNoList" parameterType="map" resultMap="BaseResultMap">
        select
        <include refid="Base_Column_List"/>
        from pay_portal_order
        <where>
            <if test="outTradeNoList!=null and outTradeNoList.size!=0">
                out_trade_no in
                <foreach collection="outTradeNoList" item="outTradeNo"
                         index="index" open="(" close=")" separator=",">
                    #{outTradeNo}
                </foreach>
            </if>
            <if test="lenovoId!=null and lenovoId!=''">
                AND lenovo_id=#{lenovoId}
            </if>
            <if test="shopId!=null and shopId!=''">
                AND shop_id=#{shopId}
            </if>
        </where>
    </select>

    <insert id="savePayPortalOrderList" parameterType="com.lenovo.m2.hsbuy.domain.pay.soa.cashier.PayPortalOrder">
        insert into pay_portal_order ( out_trade_no, show_trade_no,
        fa_id, shop_id, terminal,
        delivery_info, tax_type, tax_info,
        tax_delivery_info, subject, body,
        payment_way, order_type, reward_ledou,
        total_fee, refund_money, CurrencyCode, it_b_pay,
        return_url, notify_url, show_url,
        exception_url, extend_param, transation_id,
        order_status, pay_status, member_code,
        lenovo_id, payment, payment_type_id,
        order_time, pay_time, create_time,
        update_time,failure_time,point)
        values
        <foreach collection="savePayPortalList" item="payPortalOrder" index="index" separator="," >
            (#{payPortalOrder.outTradeNo,jdbcType=VARCHAR},
            #{payPortalOrder.showTradeNo,jdbcType=VARCHAR},
            #{payPortalOrder.faId,jdbcType=VARCHAR}, #{payPortalOrder.shopId,jdbcType=VARCHAR},
            #{payPortalOrder.terminal,jdbcType=VARCHAR},
            #{payPortalOrder.deliveryInfo,jdbcType=VARCHAR}, #{payPortalOrder.taxType,jdbcType=VARCHAR},
            #{payPortalOrder.taxInfo,jdbcType=VARCHAR},
            #{payPortalOrder.taxDeliveryInfo,jdbcType=VARCHAR}, #{payPortalOrder.subject,jdbcType=VARCHAR},
            #{payPortalOrder.body,jdbcType=VARCHAR},
            #{payPortalOrder.paymentWay,jdbcType=VARCHAR}, #{payPortalOrder.orderType,jdbcType=VARCHAR},
            #{payPortalOrder.rewardLedou,jdbcType=VARCHAR},
            #{payPortalOrder.totalFee,jdbcType=DECIMAL}, #{payPortalOrder.refundMoney,jdbcType=DECIMAL},
            #{payPortalOrder.currencyCode,jdbcType=VARCHAR},
            #{payPortalOrder.itBPay,jdbcType=VARCHAR},
            #{payPortalOrder.returnUrl,jdbcType=VARCHAR}, #{payPortalOrder.notifyUrl,jdbcType=VARCHAR},
            #{payPortalOrder.showUrl,jdbcType=VARCHAR},
            #{payPortalOrder.exceptionUrl,jdbcType=VARCHAR}, #{payPortalOrder.extendParam,jdbcType=VARCHAR},
            #{payPortalOrder.transationId,jdbcType=VARCHAR},
            #{payPortalOrder.orderStatus,jdbcType=INTEGER}, #{payPortalOrder.payStatus,jdbcType=INTEGER},
            #{payPortalOrder.memberCode,jdbcType=VARCHAR},
            #{payPortalOrder.lenovoId,jdbcType=VARCHAR}, #{payPortalOrder.payment,jdbcType=INTEGER},
            #{payPortalOrder.paymentTypeId,jdbcType=INTEGER},
            #{payPortalOrder.orderTime,jdbcType=TIMESTAMP}, #{payPortalOrder.payTime,jdbcType=TIMESTAMP},
            NOW(),
            NOW(),
            #{payPortalOrder.failureTime,jdbcType=TIMESTAMP},
            #{payPortalOrder.point,jdbcType=INTEGER})
        </foreach>
    </insert>

    <update id="updatePayPortalOrderList" parameterType="com.lenovo.m2.hsbuy.domain.pay.soa.cashier.PayPortalOrder">
        <foreach collection="updatePayPortalList" item="payPortal" index="index" open="" close="" separator=";">
        update pay_portal_order
        <set>
            <if test="payPortal.terminal != null">
                terminal = #{payPortal.terminal,jdbcType=VARCHAR},
            </if>
            <if test="payPortal.deliveryInfo != null">
                delivery_info = #{payPortal.deliveryInfo,jdbcType=VARCHAR},
            </if>
            <if test="payPortal.taxType != null">
                tax_type = #{payPortal.taxType,jdbcType=VARCHAR},
            </if>
            <if test="payPortal.taxInfo != null">
                tax_info = #{payPortal.taxInfo,jdbcType=VARCHAR},
            </if>
            <if test="payPortal.taxDeliveryInfo != null">
                tax_delivery_info = #{payPortal.taxDeliveryInfo,jdbcType=VARCHAR},
            </if>
            <if test="payPortal.subject != null">
                subject = #{payPortal.subject,jdbcType=VARCHAR},
            </if>
            <if test="payPortal.body != null">
                body = #{payPortal.body,jdbcType=VARCHAR},
            </if>
            <if test="payPortal.paymentWay != null">
                payment_way = #{payPortal.paymentWay,jdbcType=VARCHAR},
            </if>
            <if test="payPortal.orderType != null">
                order_type = #{payPortal.orderType,jdbcType=VARCHAR},
            </if>
            <if test="payPortal.rewardLedou != null">
                reward_ledou = #{payPortal.rewardLedou,jdbcType=VARCHAR},
            </if>
            <if test="payPortal.totalFee != null">
                total_fee = #{payPortal.totalFee,jdbcType=DECIMAL},
            </if>
            <if test="payPortal.refundMoney != null">
                refund_money = #{payPortal.refundMoney,jdbcType=DECIMAL},
            </if>
            <if test="payPortal.currencyCode != null">
                CurrencyCode = #{payPortal.currencyCode,jdbcType=VARCHAR},
            </if>
            <if test="payPortal.itBPay != null">
                it_b_pay = #{payPortal.itBPay,jdbcType=VARCHAR},
            </if>
            <if test="payPortal.returnUrl != null">
                return_url = #{payPortal.returnUrl,jdbcType=VARCHAR},
            </if>
            <if test="payPortal.notifyUrl != null">
                notify_url = #{payPortal.notifyUrl,jdbcType=VARCHAR},
            </if>
            <if test="payPortal.showUrl != null">
                show_url = #{payPortal.showUrl,jdbcType=VARCHAR},
            </if>
            <if test="payPortal.exceptionUrl != null">
                exception_url = #{payPortal.exceptionUrl,jdbcType=VARCHAR},
            </if>
            <if test="payPortal.extendParam != null">
                extend_param = #{payPortal.extendParam,jdbcType=VARCHAR},
            </if>
            <if test="payPortal.memberCode != null">
                member_code = #{payPortal.memberCode,jdbcType=VARCHAR},
            </if>
            <if test="payPortal.lenovoId != null">
                lenovo_id = #{payPortal.lenovoId,jdbcType=VARCHAR},
            </if>
            <if test="payPortal.payment != null">
                payment = #{payPortal.payment,jdbcType=INTEGER},
            </if>
            <if test="payPortal.paymentTypeId != null">
                payment_type_id = #{payPortal.paymentTypeId,jdbcType=INTEGER},
            </if>
            <if test="payPortal.orderTime != null">
                order_time = #{payPortal.orderTime,jdbcType=TIMESTAMP},
            </if>
            <if test="payPortal.point != null">
                point = #{payPortal.point,jdbcType=INTEGER},
            </if>
            update_time = NOW()
        </set>
          where out_trade_no = #{payPortal.outTradeNo,jdbcType=VARCHAR}
          AND shop_id=#{payPortal.shopId,jdbcType=VARCHAR}
        </foreach>
    </update>

    <update id="updatePayPortalOrderPayStatus" parameterType="com.lenovo.m2.hsbuy.domain.pay.soa.cashier.PayPortalOrder">
            update pay_portal_order
            <set>
                <if test="transationId != null">
                    transation_id = #{transationId,jdbcType=VARCHAR},
                </if>
                <if test="payment != null">
                    payment = #{payment,jdbcType=INTEGER},
                </if>
                <if test="payStatus != null">
                    pay_status = #{payStatus,jdbcType=INTEGER},
                </if>
                <if test="payTime != null">
                    pay_time = #{payTime,jdbcType=TIMESTAMP},
                </if>
                 update_time = NOW()
            </set>
            <where>
                <if test="outTradeNo!=null and outTradeNo!=''">
                    AND out_trade_no =#{outTradeNo,jdbcType=VARCHAR}
                </if>
                <if test="lenovoId!=null and lenovoId!=''">
                    AND lenovo_id=#{lenovoId,jdbcType=VARCHAR}
                </if>
                <if test="shopId!=null and shopId!=''">
                    AND shop_id=#{shopId,jdbcType=VARCHAR}
                </if>
            </where>
    </update>

    <select id="queryPayPortalOrderByOutTradeNo"  resultMap="BaseResultMap">
        select
        <include refid="Base_Column_List"/>
        from pay_portal_order
        <where>
            <if test="outTradeNo!=null and outTradeNo!=''">
                out_trade_no =#{outTradeNo,jdbcType=VARCHAR}
            </if>
            <if test="lenovoId!=null and lenovoId!=''">
                AND lenovo_id=#{lenovoId,jdbcType=VARCHAR}
            </if>
            <if test="shopId!=null and shopId!=''">
                AND shop_id=#{shopId,jdbcType=VARCHAR}
            </if>
        </where>
        limit 1
    </select>


    <select id="queryPayPortalOrderByShowTradeNo"  resultMap="BaseResultMap">
        select
        <include refid="Base_Column_List"/>
        from pay_portal_order
        <where>
            <if test="showTradeNo!=null and showTradeNo!=''">
                show_trade_no =#{showTradeNo,jdbcType=VARCHAR}
            </if>
            <if test="lenovoId!=null and lenovoId!=''">
                AND lenovo_id=#{lenovoId,jdbcType=VARCHAR}
            </if>
            <if test="shopId!=null and shopId!=''">
                AND shop_id=#{shopId,jdbcType=VARCHAR}
            </if>
        </where>
    </select>

    <update id="updatePayPortalOrderOrderStatus" >
        update pay_portal_order
        <set>
            <if test="orderStatus != null">
                order_status = #{orderStatus,jdbcType=INTEGER},
            </if>
            update_time = NOW()
        </set>
        <where>
            <if test="outTradeNo!=null and outTradeNo!=''">
                out_trade_no =#{outTradeNo,jdbcType=VARCHAR}
            </if>
            <if test="shopId!=null and shopId!=''">
                AND shop_id=#{shopId,jdbcType=VARCHAR}
            </if>
        </where>
    </update>


    <update id="updatePayPortalOrderRefundMoney">
        UPDATE
        pay_portal_order
        SET
        refund_money = refund_money + #{refundMoney}
        WHERE
        out_trade_no = #{outTradeNo}
        <if test="shopId!=null and shopId!=''">
          AND shop_id = #{shopId,jdbcType=VARCHAR}
        </if>
        and
        <![CDATA[  refund_money + #{refundMoney}   <= total_fee]]>
    </update>

    <update id="rollBackPayPortalOrderRefundMoney">
        UPDATE
        pay_portal_order
        SET
        refund_money= refund_money - #{refundMoney}
        WHERE
        out_trade_no=#{outTradeNo}
        <if test="shopId!=null and shopId!=''">
            AND shop_id = #{shopId,jdbcType=VARCHAR}
        </if>
        and
        <![CDATA[refund_money >= #{refundMoney}]]>
    </update>

    <update id="cancelPayProtalOrderList">
        UPDATE
        pay_portal_order
        SET order_status=1
        WHERE
        pay_status=0
        AND order_status=0
        AND out_trade_no in
        <if test="transIdList!=null and transIdList.size!=0">
            <foreach collection="transIdList" item="item"
                     index="index" open="(" close=")" separator=",">
                #{item}
            </foreach>
        </if>
    </update>

    <!--查询外部商户待取消订单-->
    <select id="queryPayPortalOrderList" resultMap="BaseResultMap" parameterType="java.util.Map" >
        select
        <include refid="Base_Column_List"/>
        from pay_portal_order
        WHERE
        order_status=0
        AND pay_status=0
        AND failure_time is not null
        <if test="paramMap.shopId != null">
            AND shop_id=#{paramMap.shopId}
        </if>
        <if test="paramMap.intervalTime != null">
            <!--失效时间 大于等于 当前时间 -->
            AND failure_time &gt;=#{paramMap.now}
            <!--失效时间 小于等于 当前时间加区间时间 -->
            AND failure_time &lt;= TIMESTAMPADD(SECOND,#{paramMap.intervalTime},#{paramMap.now})
        </if>
    </select>
    <!--   查询moto 订单 失效时间带确定-->
    <select id="queryPayPortalOrderMotoList" resultMap="BaseResultMap" parameterType="java.util.Map">
        select
        <include refid="Base_Column_List"/>
        from pay_portal_order
        WHERE
        order_status=0
        AND pay_status=0
        AND failure_time is not null
        <if test="paramMap.shopId != null">
            AND shop_id=#{paramMap.shopId}
        </if>
        <if test="paramMap.intervalTime != null">
            <!-- 订单时间加区间时间 小于等于 当前时间-->
            AND #{paramMap.now} >=TIMESTAMPADD(SECOND,#{paramMap.intervalTime},order_time) 
        </if>
    </select>
</mapper>