<?xml version="1.0" encoding="UTF-8" ?>
<!DOCTYPE mapper PUBLIC "-//mybatis.org//DTD Mapper 3.0//EN" "http://mybatis.org/dtd/mybatis-3-mapper.dtd" >
<mapper namespace="com.lenovo.m2.hsbuy.dao.pay.soa.PayTypeTemplateMapper" >
  <resultMap id="BaseResultMap" type="com.lenovo.m2.hsbuy.domain.pay.soa.baseInfo.PayTypeTemplate" >
    <id column="id" property="id" jdbcType="BIGINT" />
    <result column="pay_type" property="payType" jdbcType="VARCHAR" />
    <result column="class_name" property="className" jdbcType="VARCHAR" />
      <result column="method_name" property="methodName" jdbcType="VARCHAR" />
      <result column="run_name" property="runName" jdbcType="VARCHAR" />
      <result column="call_name" property="callName" jdbcType="VARCHAR" />
      <result column="queue_id" property="queueId" jdbcType="INTEGER" />
      <result column="reload_flag" property="reloadFlag" jdbcType="INTEGER" />
      <result column="status" property="status" jdbcType="INTEGER" />
      <result column="create_date" property="createDate" jdbcType="VARCHAR" />
  </resultMap>
  <resultMap id="ResultMapWithBLOBs" type="com.lenovo.m2.hsbuy.domain.pay.soa.baseInfo.PayTypeTemplate" extends="BaseResultMap" >
    <result column="content" property="content" jdbcType="LONGVARBINARY" />
  </resultMap>
  <sql id="Base_Column_List" >
    id, pay_type, class_name,method_name,run_name,call_name,reload_flag,queue_id,create_date,status,content
  </sql>
  <sql id="Blob_Column_List" >
    content
  </sql>
  <select id="selectByExampleWithBLOBs" resultMap="ResultMapWithBLOBs" parameterType="java.util.Map" >
    select
    <include refid="Blob_Column_List" />
    from pay_dynamic_template where id=#{id}
  </select>
    <select id="selectByExample" resultMap="BaseResultMap" parameterType="java.util.Map" >
        select
        <include refid="Base_Column_List" />
        from pay_dynamic_template  where 1=1
        <if test="status != null" >
            and status=#{status,jdbcType=INTEGER}
        </if>
        <if test="payType != null" >
            and pay_type=#{payType,jdbcType=VARCHAR}
        </if>
        <if test="runName != null" >
            and run_name=#{runName,jdbcType=VARCHAR}
        </if>
        <if test="id != null" >
            and id=#{id}
        </if>
        order by queue_id
    </select>
  <insert id="insertSelective" parameterType="com.lenovo.m2.hsbuy.domain.pay.soa.baseInfo.PayTypeTemplate" >
    insert into pay_dynamic_template
    <trim prefix="(" suffix=")" suffixOverrides="," >
      <if test="payType != null" >
        pay_type,
      </if>
      <if test="className != null" >
        class_name,
      </if>
        <if test="methodName != null" >
            method_name,
        </if>
        <if test="runName != null" >
            run_name,
        </if>
        <if test="callName != null" >
            call_name,
        </if>
      <if test="content != null" >
        content,
      </if>
        <if test="reloadFlag != null" >
            reload_flag,
        </if>
        <if test="queueId != null" >
            queue_id,
        </if>
        <if test="status != null" >
            status,
        </if>
        <if test="createDate != null" >
            create_date,
        </if>
    </trim>
    <trim prefix="values (" suffix=")" suffixOverrides="," >
      <if test="payType != null" >
        #{payType,jdbcType=VARCHAR},
      </if>
      <if test="className != null" >
        #{className,jdbcType=VARCHAR},
      </if>
        <if test="methodName != null" >
            #{methodName,jdbcType=VARCHAR},
        </if>
        <if test="runName != null" >
            #{runName,jdbcType=VARCHAR},
        </if>
        <if test="callName != null" >
            #{callName,jdbcType=VARCHAR},
        </if>
      <if test="content != null" >
        #{content,jdbcType=LONGVARBINARY},
      </if>
        <if test="reloadFlag != null" >
            #{reloadFlag,jdbcType=INTEGER},
        </if>
        <if test="queueId != null" >
            #{queueId,jdbcType=INTEGER},
        </if>
        <if test="status != null" >
            #{status,jdbcType=INTEGER},
        </if>
        <if test="createDate != null" >
            #{createDate,jdbcType=VARCHAR},
        </if>
    </trim>
  </insert>
</mapper>