<?xml version="1.0" encoding="UTF-8"?>
<!DOCTYPE mapper PUBLIC "-//mybatis.org//DTD Mapper 3.0//EN"
        "http://mybatis.org/dtd/mybatis-3-mapper.dtd">

<mapper namespace="com.lenovo.m2.hsbuy.dao.pay.soa.RefundOrderMapper">
    <resultMap id="BaseResultMap" type="com.lenovo.m2.hsbuy.domain.pay.soa.wxpay.RefundOrderInfo" >
        <id column="id" property="id" jdbcType="INTEGER" />
        <result column="lenovo_id" property="lenovoId" jdbcType="VARCHAR" />
        <result column="batch_no" property="batchNo" jdbcType="VARCHAR" />
        <result column="refund_no" property="refundNo" jdbcType="VARCHAR" />
        <result column="refund_money" property="refundMoney" jdbcType="DECIMAL" />
        <result column="CurrencyCode" property="currencyCode" jdbcType="VARCHAR" />
        <result column="original_trade_id" property="originalTradeId" jdbcType="INTEGER" />
        <result column="original_trade_no" property="originalTradeNo" jdbcType="VARCHAR" />
        <result column="refund_channel_order" property="refundChannelOrder" jdbcType="VARCHAR" />
        <result column="transaction_id" property="transactionId" jdbcType="VARCHAR" />
        <result column="merchant_id" property="merchant_id" jdbcType="INTEGER" />
        <result column="plat" property="plat" jdbcType="INTEGER" />
        <result column="pay_type" property="payType" jdbcType="INTEGER" />
        <result column="refund_state" property="refundState" jdbcType="INTEGER" />
        <result column="refund_error_msg" property="refundErrorMsg" jdbcType="VARCHAR" />
        <result column="notify_flag" property="notifyFlag" jdbcType="VARCHAR" />
        <result column="original_order_time" property="originalOrderTime" jdbcType="VARCHAR" />
        <result column="create_time" property="createTime" jdbcType="TIMESTAMP" />
        <result column="refund_time" property="refundTime" jdbcType="TIMESTAMP" />
        <result column="update_time" property="updateTime" jdbcType="TIMESTAMP" />
        <result column="refund_desc" property="refundDesc" jdbcType="VARCHAR" />
        <result column="shop_id" property="shopId" jdbcType="VARCHAR" />
        <result column="terminal" property="terminal" jdbcType="VARCHAR" />
        <result column="notify_url" property="notifyUrl" jdbcType="VARCHAR" />
    </resultMap>
    <resultMap id="cmbMap"  type="java.util.Map">
        <result property="staTime" column="staTime" />
        <result property="endTime" column="endTime" />
        <result property="count" column="count" />
    </resultMap>


    <sql id="Base_Column_List">
        id,lenovo_id,batch_no,refund_no,refund_money,CurrencyCode,original_trade_id,original_trade_no,refund_channel_order,
        transaction_id,merchant_id,plat,pay_type,refund_state,refund_error_msg,notify_flag,original_order_time,
        create_time,refund_time,update_time,refund_desc,shop_id,terminal,notify_url
    </sql>
    <insert id="saveRefundOrder" parameterType="com.lenovo.m2.hsbuy.domain.pay.soa.wxpay.RefundOrderInfo">
        INSERT INTO refund_order
        (id,
        lenovo_id,
        batch_no,
        refund_no,
        refund_money,
        CurrencyCode,
        original_trade_id,
        original_trade_no,
        refund_channel_order,
        transaction_id,
        merchant_id,
        plat,
        pay_type,
        refund_state,
        refund_error_msg,
        notify_flag,
        original_order_time,
        create_time,
        refund_time,
        update_time,
        refund_desc,
        shop_id,
        terminal,
        notify_url)
        VALUES
        (#{id},
        #{lenovoId},
        #{batchNo},
        #{refundNo},
        #{refundMoney},
        #{currencyCode},
        #{originalTradeId},
        #{originalTradeNo},
        #{refundChannelOrder},
        #{transactionId},
        #{merchant_id},
        #{plat},
        #{payType},
        #{refundState},
        #{refundErrorMsg},
        #{notifyFlag},
        #{originalOrderTime},
        NOW(),
        #{refundTime},
        #{updateTime},
        #{refundDesc},
        #{shopId},
        #{terminal},
        #{notifyUrl})
        <selectKey resultType="java.lang.Long"  order="AFTER" keyProperty="id" >
            SELECT LAST_INSERT_ID() AS id
        </selectKey>
    </insert>

    <select id="queryRefundOrder" resultMap="BaseResultMap" >
        SELECT * from refund_order co where co.refund_state = 2 and co.pay_type in (9,25,26,27)
    </select>

    <update id="updateRefundOrder">
        UPDATE
        refund_order
        SET
        refund_state=#{refund_state},
        refund_error_msg=#{refund_error_msg},
        update_time=#{update_time},
        refund_desc=#{refund_desc}
        WHERE
        refund_no=#{refund_no}
    </update>

    <update id="updateRefundOrderByBatchNo">
        UPDATE
        refund_order
        SET
        refund_state=#{refundState},
        refund_error_msg=#{refundErrorMsg},
        notify_flag=#{notifyFlag},
        update_time=#{updateTime}
        WHERE
        batch_no=#{batchNo}
    </update>

    <update id="updateRefundOrderByRefundNo">
        UPDATE
        refund_order
        SET
        refund_state=#{refundState},
        refund_error_msg=#{refundErrorMsg},
        notify_flag=#{notifyFlag},
        update_time=#{updateTime}
        WHERE
        refund_no=#{refundNo}
    </update>

    <select id="queryCmbRefundOrder" resultMap="cmbMap">
        SELECT MAX(create_time) AS endTime,MIN(create_time) AS staTime,COUNT(id) count FROM refund_order where refund_state = 2 AND pay_type = 0
    </select>
    <select id="queryCmbFqRefundOrder" resultMap="cmbMap">
        SELECT MAX(create_time) AS endTime,MIN(create_time) AS staTime,COUNT(id) count FROM refund_order where
        refund_state = 2 AND pay_type = 21
    </select>

    <select id="queryRefundOrderByRefundNo" resultMap="BaseResultMap">
        SELECT
          <include refid="Base_Column_List"/>
        from refund_order where refund_no=#{refundNo}
    </select>

    <select id="getRefundOrderByRefundNoShopId" resultMap="BaseResultMap">
        SELECT
          <include refid="Base_Column_List"/>
        from refund_order
        where refund_no=#{refundNo} and shop_id = #{shopId}
    </select>
    <select id="getRefundOrderByConf" parameterType="java.util.Map" resultMap="BaseResultMap">
        SELECT * FROM refund_order WHERE 1=1
        <if test="merchantId != null ">
            and merchant_id in
            <foreach collection="merchantId" item="merchantId" index="index" open="(" close=")" separator=",">
                #{merchantId}
            </foreach>
        </if>
        <if test="createTimeS != null ">
            and update_time &gt;= #{createTimeS}
        </if>
        <if test="createTimeE != null ">
            and update_time  &lt; #{createTimeE}
        </if>
        <if test="refundState != null">
            and refund_state=#{refundState}
        </if>
    </select>
</mapper>