<?xml version="1.0" encoding="UTF-8" ?>
<!DOCTYPE mapper PUBLIC "-//mybatis.org//DTD Mapper 3.0//EN" "http://mybatis.org/dtd/mybatis-3-mapper.dtd" >
<mapper namespace="com.lenovo.m2.hsbuy.dao.address.AddressMapper" >
    <sql id="all_column">
        ID,LenovoID,AddressName,Name,ProvinceCode,provinceNo,CityCode,cityNo,CountyCode,countyNo,townshipCode,townshipNo,
        Address,ZIP,Tel,Mobile,IsDefault,CreateTime,CreateBy,UpdateTime,UpdateBy,email,IsDeleted,type,consigneeType,areaNos,
        shopId,company,queryShopId,guid,addressId,shortName,taxNo
    </sql>

    <resultMap id="BaseResultMap" type="com.lenovo.m2.hsbuy.domain.address.Memberaddrs">
        <id column="ID" property="id" jdbcType="CHAR"/>
        <result column="LenovoID" property="lenovoId" jdbcType="VARCHAR"/>
        <result column="AddressName" property="addressname" jdbcType="VARCHAR"/>
        <result column="Name" property="name" jdbcType="VARCHAR"/>
        <result column="ProvinceCode" property="provinceCode" jdbcType="VARCHAR"/>
        <result column="provinceNo" property="provinceNo" jdbcType="VARCHAR"/>
        <result column="CityCode" property="cityCode" jdbcType="VARCHAR"/>
        <result column="cityNo" property="cityNo" jdbcType="VARCHAR"/>
        <result column="CountyCode" property="countyCode" jdbcType="VARCHAR"/>
        <result column="countyNo" property="countyNo" jdbcType="VARCHAR"/>
        <result column="townshipCode" property="townshipCode" jdbcType="VARCHAR"/>
        <result column="townshipNo" property="townshipNo" jdbcType="VARCHAR"/>
        <result column="Address" property="address" jdbcType="VARCHAR"/>
        <result column="ZIP" property="zip" jdbcType="VARCHAR"/>
        <result column="Tel" property="tel" jdbcType="VARCHAR"/>
        <result column="Mobile" property="mobile" jdbcType="VARCHAR"/>
        <result column="IsDefault" property="isdefault" jdbcType="INTEGER"/>
        <result column="CreateTime" property="createtime" jdbcType="TIMESTAMP"/>
        <result column="CreateBy" property="createby" jdbcType="VARCHAR"/>
        <result column="UpdateTime" property="updatetime" jdbcType="TIMESTAMP"/>
        <result column="UpdateBy" property="updateby" jdbcType="VARCHAR"/>
        <result column="email" property="email" jdbcType="VARCHAR"/>
        <result column="IsDeleted" property="isdeleted" jdbcType="INTEGER"/>
        <result column="type" property="type" jdbcType="VARCHAR"/>
        <result column="consigneeType" property="consigneeType"/>
        <result column="areaNos" property="areaNos" jdbcType="VARCHAR"/>
        <result column="shopId" property="shopId" jdbcType="INTEGER"/>
        <result column="company" property="company" jdbcType="VARCHAR"/>
        <result column="queryShopId" property="queryShopId" jdbcType="INTEGER"/>
        <result column="guid" property="guid" jdbcType="VARCHAR"/>
        <result column="addressId" property="addressId" jdbcType="VARCHAR"/>
        <result column="shortName" property="shortName" jdbcType="VARCHAR"/>
        <result column="taxNo" property="taxNo" jdbcType="VARCHAR"/>
    </resultMap>

    <insert id="saveAddress" parameterType="com.lenovo.m2.hsbuy.domain.address.Memberaddrs">
        insert into memberaddrs
        (ID, LenovoID, AddressName,Name, ProvinceCode,CityCode, CountyCode, Address,ZIP, Tel, Mobile, IsDefault,
        CreateTime, CreateBy, UpdateTime,UpdateBy,email,IsDeleted,type,areaNos,company,townshipCode,queryShopId,
        shopId,guid,addressId,consigneeType,regionNo,regionName,provinceNo,cityNo,countyNo,townshipNo,shortName,taxNo)
        values
        (#{id}, #{lenovoId}, #{addressname},#{name}, #{provinceCode},#{cityCode}, #{countyCode}, #{address},#{zip}, #{tel},
        #{mobile}, #{isdefault},#{createtime}, #{createby}, #{updatetime},#{updateby},#{email},#{isdeleted},#{type},#{areaNos},
        #{company},#{townshipCode},#{queryShopId},#{shopId}, #{guid}, #{addressId},#{consigneeType},#{regionNo},#{regionName},
        #{provinceNo},#{cityNo},#{countyNo},#{townshipNo},#{shortName},#{taxNo})
    </insert>

    <update id="deleteAddress" parameterType="com.lenovo.m2.hsbuy.domain.address.param.QueryAddressParam">
        update memberaddrs set IsDeleted = 1,UpdateTime=now() where ID=#{id} and LenovoID=#{lenovoId}
    </update>

    <update id="updateAddress" parameterType="com.lenovo.m2.hsbuy.domain.address.Memberaddrs">
        update memberaddrs
        <set>
            <if test="addressname != null">
                AddressName = #{addressname},
            </if>
            <if test="name != null">
                name = #{name},
            </if>
            <if test="provinceCode != null">
                ProvinceCode = #{provinceCode},
            </if>
            <if test="cityCode != null">
                CityCode = #{cityCode},
            </if>
            <if test="countyCode != null">
                CountyCode = #{countyCode},
            </if>
            <if test="address != null">
                Address = #{address},
            </if>
            <if test="zip != null">
                ZIP = #{zip},
            </if>
            <if test="tel != null">
                Tel = #{tel},
            </if>
            <if test="mobile != null">
                Mobile = #{mobile},
            </if>
            <if test="isdefault != null">
                IsDefault = #{isdefault},
            </if>
            <if test="createtime != null">
                CreateTime = #{createtime},
            </if>
            <if test="createby != null">
                CreateBy = #{createby},
            </if>
            <if test="updatetime != null">
                UpdateTime = #{updatetime},
            </if>
            <if test="updateby != null">
                UpdateBy = #{updateby},
            </if>
            <if test="email != null">
                Email = #{email},
            </if>
            <if test="areaNos != null">
                areaNos = #{areaNos},
            </if>
            <if test="consigneeType != null">
                consigneeType= #{consigneeType},
            </if>
            <if test="company != null">
                company= #{company},
            </if>
            <if test="townshipCode != null">
                townshipCode= #{townshipCode},
            </if>
            <if test="queryShopId != null">
                queryShopId= #{queryShopId},
            </if>
            <if test="shopId != null">
                shopId= #{shopId},
            </if>
            <if test="addressId != null">
                addressId= #{addressId},
            </if>
            <if test="regionNo != null">
                regionNo= #{regionNo},
            </if>
            <if test="regionName != null">
                regionName= #{regionName},
            </if>
            <if test="provinceNo != null">
                provinceNo= #{provinceNo},
            </if>
            <if test="cityNo != null">
                cityNo= #{cityNo},
            </if>
            <if test="countyNo != null">
                countyNo= #{countyNo},
            </if>
            <if test="townshipNo != null">
                townshipNo= #{townshipNo},
            </if>
            <if test="shortName != null">
                shortName= #{shortName},
            </if>
            <if test="taxNo != null">
                taxNo= #{taxNo},
            </if>
        </set>
        where ID = #{id}
        and LenovoID=#{lenovoId}
        and queryShopId=#{queryShopId}
        and (consigneeType=#{consigneeType} OR type=#{type})
    </update>

    <select id="getAddressById" parameterType="com.lenovo.m2.hsbuy.domain.address.param.QueryAddressParam" resultMap="BaseResultMap">
        select
        <include refid="all_column"/>
        from memberaddrs
        where ID = #{id}
        and IsDeleted = 0
        <if test="lenovoId != null and lenovoId != ''">
            AND LenovoID = #{lenovoId}
        </if>
        <if test="queryShopId != null">
            AND queryShopId = #{queryShopId}
        </if>
        <if test="consigneeType != null">
            AND (consigneeType=#{consigneeType} OR type=#{type})
        </if>
    </select>

    <select id="getAddressByPrimaryKey" parameterType="java.lang.String" resultMap="BaseResultMap">
        select
        <include refid="all_column"/>
        from memberaddrs
        WHERE ID = #{id}
    </select>

    <select id="getAddressListByUser" parameterType="com.lenovo.m2.hsbuy.domain.address.param.QueryAddressParam" resultMap="BaseResultMap">
        select
        <include refid="all_column"/>
        from memberaddrs
        where LenovoID=#{lenovoId}
        and queryShopId=#{queryShopId}
        and IsDeleted = 0
        and (consigneeType=#{consigneeType} OR type=#{type})
        order by IsDefault desc,UpdateTime desc limit 0,20
    </select>

    <select id="getPreferredAddress" parameterType="com.lenovo.m2.hsbuy.domain.address.param.QueryAddressParam" resultMap="BaseResultMap">
        select
        <include refid="all_column"/>
        from memberaddrs
        where LenovoID=#{lenovoId}
        and queryShopId=#{queryShopId}
        and IsDeleted = 0
        and (consigneeType=#{consigneeType} OR type=#{type})
        order by IsDefault desc limit 1
    </select>

    <update id="setAllNoDefault" parameterType="com.lenovo.m2.hsbuy.domain.address.param.QueryAddressParam">
        update memberaddrs set IsDefault=0
        where LenovoID=#{lenovoId}
        and queryShopId=#{queryShopId}
        and  (consigneeType=#{consigneeType} OR type=#{type})
    </update>

    <update id="setDefaultAddress" parameterType="com.lenovo.m2.hsbuy.domain.address.param.QueryAddressParam">
        update memberaddrs set IsDefault = #{isdefault}
        where id = #{id}
        and LenovoID=#{lenovoId}
        and queryShopId=#{queryShopId}
        and (consigneeType=#{consigneeType} OR type=#{type})
    </update>

    <select id="getAddressCount" parameterType="com.lenovo.m2.hsbuy.domain.address.param.QueryAddressParam" resultType="java.lang.Integer">
        select count(ID)
        from memberaddrs
        where LenovoID=#{lenovoId}
        and  queryShopId=#{queryShopId}
        and IsDeleted = 0
        and (consigneeType=#{consigneeType} OR type=#{type})
        limit 0,20
    </select>

    <select id="getAddressListByPage" parameterType="com.lenovo.m2.hsbuy.domain.address.param.QueryAddressParam" resultMap="BaseResultMap">
        select
        <include refid="all_column"/>
        from memberaddrs
        where LenovoID=#{param2.lenovoId}
        and queryShopId=#{param2.queryShopId}
        and IsDeleted = 0
        and (consigneeType=#{param2.consigneeType} OR type=#{param2.type})
        order by IsDefault desc
    </select>

    <select id="getGuidById" resultType="java.lang.String" parameterType="java.lang.String">
        SELECT guid FROM memberaddrs WHERE ID=#{id} and IsDeleted = 0
    </select>

    <select id="getIdByGuid" resultType="java.lang.String" parameterType="java.lang.String">
        SELECT ID FROM memberaddrs WHERE guid=#{guid} and IsDeleted = 0
    </select>


</mapper>