<?xml version="1.0" encoding="UTF-8" ?>
<!DOCTYPE mapper PUBLIC "-//mybatis.org//DTD Mapper 3.0//EN" "http://mybatis.org/dtd/mybatis-3-mapper.dtd" >
<mapper namespace="com.lenovo.m2.hsbuy.dao.address.HSAddressMapper" >

    <select id="getAll" resultType="com.lenovo.m2.hsbuy.domain.address.HsAddress" >
        select id,proviceName,proviceNo,cityName,cityNo,districName,districNo,createTime from hs_address ORDER BY FIELD (proviceName,"广东","上海","北京") DESC
    </select>

    <delete id="deleteThreeLevelHSAddress" >
        delete from hs_address
    </delete>

    <insert id="initBatchInsertThreeLevelAddress" parameterType="java.util.List">
        insert into hs_address (proviceName, proviceNo, cityName,
            cityNo, districName,districNo, createTime)
        values
        <foreach collection="list" item="record" index="index" separator=",">
            (#{record.proviceName}, #{record.proviceNo},
            #{record.cityName}, #{record.cityNo},
            #{record.districName}, #{record.districNo},now()
            )
        </foreach>
    </insert>

</mapper>