<?xml version="1.0" encoding="UTF-8" ?>
<!DOCTYPE mapper PUBLIC "-//mybatis.org//DTD Mapper 3.0//EN" "http://mybatis.org/dtd/mybatis-3-mapper.dtd" >
<mapper namespace="com.lenovo.m2.hsbuy.dao.address.SmbAddressMapper" >

    <resultMap id="SmbAddressMap" type="com.lenovo.m2.hsbuy.domain.address.SmbAddress" >
        <id column="ID" property="id" jdbcType="CHAR"/>
        <result property="provinceId" column="ProvinceID" jdbcType="VARCHAR" />
        <result property="province" column="Province" jdbcType="VARCHAR"/>
        <result property="city" column="City" jdbcType="VARCHAR"/>
        <result property="cityNo" column="CityNo" jdbcType="VARCHAR"/>
        <result property="district" column="District" jdbcType="VARCHAR"/>
        <result property="districtNo" column="DistrictNo" jdbcType="VARCHAR"/>
        <result property="county" column="County" jdbcType="VARCHAR"/>
        <result property="countyNo" column="CountyNo" jdbcType="VARCHAR"/>
        <result property="street" column="Street" jdbcType="VARCHAR"/>
        <result property="addressId" column="AddressID" jdbcType="VARCHAR"/>
        <result property="zip" column="Postal" jdbcType="VARCHAR"/>
        <result property="createTime" column="CreateTime" jdbcType="TIMESTAMP"/>
        <result property="createBy" column="CreateBy" jdbcType="VARCHAR"/>
        <result property="updateTime" column="UpdateTime" jdbcType="TIMESTAMP"/>
        <result property="updateBy" column="UpdateBy" jdbcType="VARCHAR"/>
    </resultMap>

    <sql id="all_column">
        ID,ProvinceID,Province,City,CityNo,District,DistrictNo,County,CountyNo,Street,AddressID,Postal,CreateTime,CreateBy,UpdateTime,UpdateBy
    </sql>

    <select id="getAll"  resultMap="SmbAddressMap" >
        select
        <include refid="all_column"/>
        from smb_fourleveladdress ORDER BY FIELD (Province,"广东","上海","北京") DESC
    </select>

    <delete id="deleteFourLevelSmbAddress" >
        delete from smb_fourleveladdress
    </delete>

    <insert id="initBatchInsertFourLevelAddress" parameterType="java.util.List">
        insert into smb_fourleveladdress (ID, ProvinceID, Province,City, District,County,
        Street, AddressID,Postal,CreateTime, CreateBy, UpdateTime,UpdateBy)
        values
        <foreach collection="list" item="record" index="index" separator=",">
            (#{record.id}, #{record.provinceId}, #{record.province},
            #{record.city}, #{record.district},
            #{record.county}, #{record.street},#{record.addressId}, #{record.zip},
            now(), #{record.createBy}, now(), #{record.updateBy}
            )
        </foreach>
    </insert>

</mapper>