<?xml version="1.0" encoding="UTF-8" ?>
<!DOCTYPE mapper PUBLIC "-//mybatis.org//DTD Mapper 3.0//EN" "http://mybatis.org/dtd/mybatis-3-mapper.dtd" >
<mapper namespace="com.lenovo.m2.hsbuy.dao.invoice.CommonInvoiceMapper" >

  <!--查询单个发票信息-->
  <select id="getInvoiceById" parameterType="java.lang.Long" resultMap="BaseResultMap">
    SELECT
    <include refid="Base_Column_List"/>
    FROM vatinvoice
    WHERE Id = #{id} AND isDelete=0
  </select>

  <!--前台页面，保存发票信息-->
  <insert id="saveInvoice" parameterType="com.lenovo.m2.hsbuy.domain.invoice.VatInvoice" >
    <selectKey resultType="java.lang.Long" keyProperty="id" order="AFTER">
      SELECT @@IDENTITY
    </selectKey>
    insert into vatinvoice (CustomerName,TaxNo,CreateTime,CreateBy,ShopId,taxNoType,custType,invoiceType,isCheck,isvalid,UpdateTime)
    values (#{customername},#{taxno},now(),#{createby},#{shopid},#{taxNoType},#{custType},#{invoiceType},#{ischeck},#{isvalid},now())
  </insert>

  <!--前台页面根据发票抬头带出发票信息，必须是已审核的-->
  <select id="getInvoiceByTitle" parameterType="com.lenovo.m2.hsbuy.domain.invoice.VatInvoice" resultMap="BaseResultMap">
    SELECT
    <include refid="Base_Column_List"/>
    FROM vatinvoice
    WHERE CustomerName=#{customername} AND isCheck=1 AND custType=1 AND invoiceType IN (1,3) AND isDelete=0
    <choose>
      <when test="shopid==1 or shopid==3">
        AND ShopId IN (1,3)
      </when>
      <otherwise>
        AND ShopId=#{shopid}
      </otherwise>
    </choose>
  </select>

  <!--根据发票抬头，税号，开票方式和发票类型查询，用于判断发票是否已存在-->
  <select id="invoiceIsExist" parameterType="com.lenovo.m2.hsbuy.domain.invoice.VatInvoice" resultMap="BaseResultMap">
    SELECT
    <include refid="Base_Column_List"/>
    FROM vatinvoice
    WHERE CustomerName=#{customername} AND custType=#{custType} AND invoiceType IN (1,3) AND isDelete=0
    <choose>
      <when test="taxno!=null and taxno!=''">
        AND TaxNo=#{taxno}
      </when>
      <otherwise>
        AND TaxNo IS NULL
      </otherwise>
    </choose>
    <if test="ischeck!=null">
      AND isCheck=#{ischeck}
    </if>
    <choose>
      <when test="shopid==1 or shopid==3">
        AND ShopId IN (1,3)
      </when>
      <otherwise>
        AND ShopId=#{shopid}
      </otherwise>
    </choose>
  </select>

  <resultMap id="BaseResultMap" type="com.lenovo.m2.hsbuy.domain.invoice.VatInvoice" >
    <id column="Id" property="id" jdbcType="BIGINT" />
    <result column="CustomerName" property="customername" jdbcType="VARCHAR" />
    <result column="TaxNo" property="taxno" jdbcType="VARCHAR" />
    <result column="BankName" property="bankname" jdbcType="VARCHAR" />
    <result column="AccountNo" property="accountno" jdbcType="VARCHAR" />
    <result column="Address" property="address" jdbcType="VARCHAR" />
    <result column="PhoneNo" property="phoneno" jdbcType="VARCHAR" />
    <result column="BTCPSO" property="btcpso" jdbcType="VARCHAR" />
    <result column="isCheck" property="ischeck" jdbcType="BIT" />
    <result column="IsThrowing" property="isthrowing" jdbcType="BIT" />
    <result column="CreateTime" property="createtime" jdbcType="TIMESTAMP" />
    <result column="CreateBy" property="createby" jdbcType="VARCHAR" />
    <result column="UpdateTime" property="updatetime" jdbcType="TIMESTAMP" />
    <result column="UpdateBy" property="updateby" jdbcType="VARCHAR" />
    <result column="IsShared" property="isshared" jdbcType="BIT" />
    <result column="IsNeedMerge" property="isNeedMerge" jdbcType="BIT" />
    <result column="ShopId" property="shopid" jdbcType="INTEGER" />
    <result column="ShardedBy" property="shardedby" jdbcType="VARCHAR" />
    <result column="ShardedTime" property="shardedtime" jdbcType="TIMESTAMP" />
    <result column="faid" property="faid"/>
    <result column="storesid" property="storesid"/>
    <result column="type" property="type"/>
    <result column="isvalid" property="isvalid" jdbcType="BIT" />
    <result column="taxNoType" property="taxNoType" jdbcType="BIT" />
    <result column="custType" property="custType" jdbcType="BIT" />
    <result column="invoiceType" property="invoiceType" jdbcType="BIT" />
    <result column="checkBy" property="checkBy" jdbcType="VARCHAR" />
    <result column="checkTime" property="checkTime" jdbcType="TIMESTAMP" />
    <result column="remark" property="remark" jdbcType="VARCHAR" />
    <result column="isDelete" property="isDelete" jdbcType="BIT" />
  </resultMap>

  <sql id="Base_Column_List" >
    Id, CustomerName, TaxNo, BankName, AccountNo, Address, PhoneNo, BTCPSO, isCheck,
    IsThrowing, CreateTime, CreateBy, UpdateTime, UpdateBy, IsShared, isNeedMerge, ShopId,
    ShardedBy, ShardedTime,faid,storesid,type,isvalid,taxNoType,custType,invoiceType,checkBy,checkTime,remark,isDelete
  </sql>

</mapper>