<?xml version="1.0" encoding="UTF-8"?>
<beans xmlns="http://www.springframework.org/schema/beans"
       xmlns:xsi="http://www.w3.org/2001/XMLSchema-instance"
       xmlns:mongo="http://www.springframework.org/schema/data/mongo"
       xsi:schemaLocation="http://www.springframework.org/schema/beans
            http://www.springframework.org/schema/beans/spring-beans-3.2.xsd
            http://www.springframework.org/schema/data/mongo
            http://www.springframework.org/schema/data/mongo/spring-mongo.xsd
           ">

    <mongo:mongo id="mongo" host="${mongo.host}" port="27017">
        <mongo:options connections-per-host="100" threads-allowed-to-block-for-connection-multiplier="50" auto-connect-retry="true"/>
    </mongo:mongo>

    <mongo:db-factory id="mongoDbFactory" mongo-ref="mongo" dbname="${mongo.dbname}"  username="${mongo.username}" password="${mongo.password}"/>

    <bean id="mongoTemplate" class="org.springframework.data.mongodb.core.MongoTemplate">
        <constructor-arg name="mongoDbFactory" ref="mongoDbFactory" />
        <constructor-arg name="mongoConverter" ref="mappingConverter"/>
    </bean>

    <mongo:mapping-converter db-factory-ref="mongoDbFactory">
        <mongo:custom-converters>
            <mongo:converter>
                <bean class="com.lenovo.m2.hsbuy.common.convert.StringToMoneyConverter"/>
            </mongo:converter>
            <mongo:converter>
                <bean class="com.lenovo.m2.hsbuy.common.convert.DbObjectToMoneyConverter"/>
            </mongo:converter>
            <mongo:converter>
                <bean class="com.lenovo.m2.hsbuy.common.convert.DoubleToMoneyConverter"/>
            </mongo:converter>
            <mongo:converter>
                <bean class="com.lenovo.m2.hsbuy.common.convert.MoneyToDbObjectConverter"/>
            </mongo:converter>
        </mongo:custom-converters>
    </mongo:mapping-converter>


</beans>