<?xml version="1.0" encoding="UTF-8"?>
<beans xmlns="http://www.springframework.org/schema/beans"
       xmlns:xsi="http://www.w3.org/2001/XMLSchema-instance"
       xmlns:context="http://www.springframework.org/schema/context"
       xsi:schemaLocation="http://www.springframework.org/schema/beans
       http://www.springframework.org/schema/beans/spring-beans.xsd
       http://www.springframework.org/schema/context
       http://www.springframework.org/schema/context/spring-context.xsd"
       default-lazy-init="true">
    
    <bean id="dataSource" class="com.alibaba.druid.pool.DruidDataSource" init-method="init" destroy-method="close">
        
        <property name="driverClassName" value="${jdbc.driverClassName}"/>
        <property name="url" value="${jdbc.url}"/>
        <property name="username" value="${jdbc.username}"/>
        <property name="password" value="${jdbc.password}"/>
        <!-- 连接池最大使用连接数 -->
        <property name="maxActive" value="${jdbc.maxActive}"/>
        <!-- 获取连接最大等待时间 -->
        <property name="maxWait" value="${jdbc.maxWait}"/>
        <!-- 连接池最小空闲 -->
        <property name="minIdle" value="${jdbc.minIdle}"/>
        <!-- 初始化连接大小 -->
        <property name="initialSize" value="${jdbc.initialSize}"/>
        
        <!-- 自动清除无用连接 -->
        <property name="removeAbandoned">
            <value>true</value>
        </property>
        <!-- 清除无用连接的等待时间 -->
        <property name="removeAbandonedTimeout">
            <value>180</value>
        </property>
        <!-- 连接属性 -->
        <property name="connectionProperties">
            <value>UTF-8</value>
        </property>
    </bean>
    
    
    <bean id="sqlSessionFactory" class="org.mybatis.spring.SqlSessionFactoryBean">
        <property name="dataSource" ref="dataSource"></property>
        <property name="configLocation" value="classpath:mybatis-config.xml"/>
        <property name="mapperLocations" value="classpath*:sqlmaps/**/*Mapper.xml"/>
    </bean>
    
    
    <bean class="org.mybatis.spring.mapper.MapperScannerConfigurer">
        <property name="basePackage" value="com.lenovo.m2.hsbuy.dao.inventory,
        com.lenovo.m2.hsbuy.dao.order,
        com.lenovo.m2.hsbuy.dao.invoice,
        com.lenovo.m2.hsbuy.dao.pricelist,
        com.lenovo.m2.hsbuy.dao.address,
        com.lenovo.m2.hsbuy.dao.sequence,
        com.lenovo.m2.hsbuy.dao.bee,
        com.lenovo.m2.hsbuy.dao.receiver,
        com.lenovo.m2.hsbuy.dao.smb17,
        com.lenovo.m2.hsbuy.dao.throwengine,
        com.lenovo.m2.hsbuy.dao.transfer,
        com.lenovo.m2.hsbuy.dao.middleware,
        com.lenovo.m2.hsbuy.dao.integral,
        com.lenovo.m2.hsbuy.dao.message,
        com.lenovo.m2.hsbuy.dao.ordercenter
"/>
        <property name="sqlSessionFactoryBeanName" value="sqlSessionFactory"/>
    </bean>
    
    <context:component-scan base-package="com.lenovo.m2.hsbuy.redis"/>
    <context:component-scan base-package="com.lenovo.m2.hsbuy.dao"/>
    <!--<context:component-scan base-package="com.lenovo.m2.hsbuy.migration"/>-->
    
    <bean id="payOrderMapper" class="org.mybatis.spring.mapper.MapperFactoryBean">
        <property name="mapperInterface" value="com.lenovo.m2.hsbuy.dao.pay.soa.PayOrderMapper"></property>
        <property name="sqlSessionFactory" ref="sqlSessionFactory"></property>
    </bean>
    <bean id="merchantMapper" class="org.mybatis.spring.mapper.MapperFactoryBean">
        <property name="mapperInterface" value="com.lenovo.m2.hsbuy.dao.pay.soa.base.MerchantMapper"></property>
        <property name="sqlSessionFactory" ref="sqlSessionFactory"></property>
    </bean>
    
    <bean id="soaMerchantPlatMapper" class="org.mybatis.spring.mapper.MapperFactoryBean">
        <property name="mapperInterface" value="com.lenovo.m2.hsbuy.dao.pay.soa.base.MerchantPlatMapper"></property>
        <property name="sqlSessionFactory" ref="sqlSessionFactory"></property>
    </bean>
    
    <bean id="soaChannelOrderMapper" class="org.mybatis.spring.mapper.MapperFactoryBean">
        <property name="mapperInterface" value="com.lenovo.m2.hsbuy.dao.pay.soa.ChannelOrderMapper"></property>
        <property name="sqlSessionFactory" ref="sqlSessionFactory"></property>
    </bean>
    <bean id="soaChannelOrderProductMapper" class="org.mybatis.spring.mapper.MapperFactoryBean">
        <property name="mapperInterface" value="com.lenovo.m2.hsbuy.dao.pay.soa.ProductMapper"></property>
        <property name="sqlSessionFactory" ref="sqlSessionFactory"></property>
    </bean>
    <bean id="soaRefundOrderMapper" class="org.mybatis.spring.mapper.MapperFactoryBean">
        <property name="mapperInterface" value="com.lenovo.m2.hsbuy.dao.pay.soa.RefundOrderMapper"></property>
        <property name="sqlSessionFactory" ref="sqlSessionFactory"></property>
    </bean>
    <bean id="payMailMapper" class="org.mybatis.spring.mapper.MapperFactoryBean">
        <property name="mapperInterface" value="com.lenovo.m2.hsbuy.dao.pay.soa.PayMailMapper"></property>
        <property name="sqlSessionFactory" ref="sqlSessionFactory"></property>
    </bean>
    <bean id="payMailAddressMapper" class="org.mybatis.spring.mapper.MapperFactoryBean">
        <property name="mapperInterface" value="com.lenovo.m2.hsbuy.dao.pay.soa.PayMailAddressMapper"></property>
        <property name="sqlSessionFactory" ref="sqlSessionFactory"></property>
    </bean>
    
    <bean id="payFakeRulesMapper" class="org.mybatis.spring.mapper.MapperFactoryBean">
        <property name="mapperInterface" value="com.lenovo.m2.hsbuy.dao.pay.soa.PayFakeRulesMapper"></property>
        <property name="sqlSessionFactory" ref="sqlSessionFactory"></property>
    </bean>
    
    <bean id="soaPayPortalOrderMapper" class="org.mybatis.spring.mapper.MapperFactoryBean">
        <property name="mapperInterface" value="com.lenovo.m2.hsbuy.dao.pay.soa.PayPortalOrderMapper"></property>
        <property name="sqlSessionFactory" ref="sqlSessionFactory"></property>
    </bean>
    
    <bean id="payBankMapper" class="org.mybatis.spring.mapper.MapperFactoryBean">
        <property name="mapperInterface" value="com.lenovo.m2.hsbuy.dao.pay.soa.PayBankMapper"></property>
        <property name="sqlSessionFactory" ref="sqlSessionFactory"></property>
    </bean>
    
    <bean id="bankCardLimitMapper" class="org.mybatis.spring.mapper.MapperFactoryBean">
        <property name="mapperInterface" value="com.lenovo.m2.hsbuy.dao.pay.soa.BankCardLimitMapper"></property>
        <property name="sqlSessionFactory" ref="sqlSessionFactory"></property>
    </bean>
    
    <bean id="payChannelBankMapper" class="org.mybatis.spring.mapper.MapperFactoryBean">
        <property name="mapperInterface" value="com.lenovo.m2.hsbuy.dao.pay.soa.PayChannelBankMapper"></property>
        <property name="sqlSessionFactory" ref="sqlSessionFactory"></property>
    </bean>
    
    <bean id="paidCallBackDataMapper" class="org.mybatis.spring.mapper.MapperFactoryBean">
        <property name="mapperInterface" value="com.lenovo.m2.hsbuy.dao.pay.soa.PaidCallBackDataMapper"></property>
        <property name="sqlSessionFactory" ref="sqlSessionFactory"></property>
    </bean>
    
    <bean id="payTypeTemplateMapper" class="org.mybatis.spring.mapper.MapperFactoryBean">
        <property name="mapperInterface" value="com.lenovo.m2.hsbuy.dao.pay.soa.PayTypeTemplateMapper"></property>
        <property name="sqlSessionFactory" ref="sqlSessionFactory"></property>
    </bean>
    
    <bean id="payPointRulesMapper" class="org.mybatis.spring.mapper.MapperFactoryBean">
        <property name="mapperInterface" value="com.lenovo.m2.hsbuy.dao.pay.soa.PayPointRulesMapper"></property>
        <property name="sqlSessionFactory" ref="sqlSessionFactory"></property>
    </bean>
    
    <!--**********************************|   ordersoa   |****************************************-->
    
    <bean id="payWayMapper" class="org.mybatis.spring.mapper.MapperFactoryBean">
        <property name="mapperInterface" value="com.lenovo.m2.hsbuy.dao.pay.ordersoa.PayWayMapper"></property>
        <property name="sqlSessionFactory" ref="sqlSessionFactory"></property>
    </bean>
    
    <bean id="userInfoMapper" class="org.mybatis.spring.mapper.MapperFactoryBean">
        <property name="mapperInterface" value="com.lenovo.m2.hsbuy.dao.pay.ordersoa.UserInfoMapper"></property>
        <property name="sqlSessionFactory" ref="sqlSessionFactory"></property>
    </bean>
    
    <bean id="userPayInfoMapper" class="org.mybatis.spring.mapper.MapperFactoryBean">
        <property name="mapperInterface" value="com.lenovo.m2.hsbuy.dao.pay.ordersoa.UserPayInfoMapper"></property>
        <property name="sqlSessionFactory" ref="sqlSessionFactory"></property>
    </bean>
    
    <bean id="ordersoaChannelOrderMapper" class="org.mybatis.spring.mapper.MapperFactoryBean">
        <property name="mapperInterface" value="com.lenovo.m2.hsbuy.dao.pay.ordersoa.ChannelOrderMapper"></property>
        <property name="sqlSessionFactory" ref="sqlSessionFactory"></property>
    </bean>
    
    <bean id="channelOrderSubMapper" class="org.mybatis.spring.mapper.MapperFactoryBean">
        <property name="mapperInterface" value="com.lenovo.m2.hsbuy.dao.pay.ordersoa.ChannelOrderSubMapper"></property>
        <property name="sqlSessionFactory" ref="sqlSessionFactory"></property>
    </bean>
    
    <bean id="channelOrderMainMapper" class="org.mybatis.spring.mapper.MapperFactoryBean">
        <property name="mapperInterface" value="com.lenovo.m2.hsbuy.dao.pay.ordersoa.ChannelOrderMainMapper"></property>
        <property name="sqlSessionFactory" ref="sqlSessionFactory"></property>
    </bean>
    
    <bean id="ordersoaChannelOrderProductMapper" class="org.mybatis.spring.mapper.MapperFactoryBean">
        <property name="mapperInterface" value="com.lenovo.m2.hsbuy.dao.pay.ordersoa.ProductMapper"></property>
        <property name="sqlSessionFactory" ref="sqlSessionFactory"></property>
    </bean>
    
    <bean id="orderTraceMapper" class="org.mybatis.spring.mapper.MapperFactoryBean">
        <property name="mapperInterface" value="com.lenovo.m2.hsbuy.dao.pay.ordersoa.OrderTraceMapper"></property>
        <property name="sqlSessionFactory" ref="sqlSessionFactory"></property>
    </bean>
    
    <bean id="ordersoaPayPortalOrderMapper" class="org.mybatis.spring.mapper.MapperFactoryBean">
        <property name="mapperInterface" value="com.lenovo.m2.hsbuy.dao.pay.ordersoa.PayPortalOrderMapper"></property>
        <property name="sqlSessionFactory" ref="sqlSessionFactory"></property>
    </bean>
    
    <bean id="ordersoaRefundOrderMapper" class="org.mybatis.spring.mapper.MapperFactoryBean">
        <property name="mapperInterface" value="com.lenovo.m2.hsbuy.dao.pay.ordersoa.RefundOrderMapper"></property>
        <property name="sqlSessionFactory" ref="sqlSessionFactory"></property>
    </bean>
    
    <bean id="wxPayOrderMapper" class="org.mybatis.spring.mapper.MapperFactoryBean">
        <property name="mapperInterface" value="com.lenovo.m2.hsbuy.dao.pay.ordersoa.WxPayOrderMapper"></property>
        <property name="sqlSessionFactory" ref="sqlSessionFactory"></property>
    </bean>
    
    <bean id="ordersoaMerchantPlatMapper" class="org.mybatis.spring.mapper.MapperFactoryBean">
        <property name="mapperInterface" value="com.lenovo.m2.hsbuy.dao.pay.ordersoa.MerchantPlatMapper"></property>
        <property name="sqlSessionFactory" ref="sqlSessionFactory"></property>
    </bean>
    
    <bean id="accountOpTableMapper" class="org.mybatis.spring.mapper.MapperFactoryBean">
        <property name="mapperInterface" value="com.lenovo.m2.hsbuy.dao.pay.ordersoa.AccountOpTableMapper"></property>
        <property name="sqlSessionFactory" ref="sqlSessionFactory"></property>
    </bean>
    
    <bean id="mailTypeMapper" class="org.mybatis.spring.mapper.MapperFactoryBean">
        <property name="mapperInterface" value="com.lenovo.m2.hsbuy.dao.pay.ordersoa.MailTypeMapper"></property>
        <property name="sqlSessionFactory" ref="sqlSessionFactory"></property>
    </bean>
    
    <bean id="payBillSignFettleMapper" class="org.mybatis.spring.mapper.MapperFactoryBean">
        <property name="mapperInterface"
                  value="com.lenovo.m2.hsbuy.dao.pay.ordersoa.PayBillSignFettleMapper"></property>
        <property name="sqlSessionFactory" ref="sqlSessionFactory"></property>
    </bean>
    
    
    <import resource="classpath:applicationContext-mongo.xml"/>
    
    <!--惠商第三方库-->
    <!--惠商物流信息同步-->
    
    <bean id="dataSourceOpen" class="com.alibaba.druid.pool.DruidDataSource" init-method="init"
          destroy-method="close">
        <property name="driverClassName">
            <value>com.mysql.jdbc.Driver</value>
        </property>
        <property name="url">
            <value>${jdbc.open.url}</value>
        </property>
        <property name="username">
            <value>${jdbc.open.username}</value>
        </property>
        <property name="password">
            <value>${jdbc.open.password}</value>
        </property>
        <!-- 连接池最大使用连接数 -->
        <property name="maxActive">
            <value>1500</value>
        </property>
        <!-- 初始化连接大小 -->
        <property name="initialSize">
            <value>10</value>
        </property>
        <!-- 获取连接最大等待时间 -->
        <property name="maxWait">
            <value>50000</value>
        </property>
        <!-- 连接池最小空闲 -->
        <property name="minIdle">
            <value>10</value>
        </property>
        <!-- 自动清除无用连接 -->
        <property name="removeAbandoned">
            <value>true</value>
        </property>
        <!-- 清除无用连接的等待时间 -->
        <property name="removeAbandonedTimeout">
            <value>180</value>
        </property>
        <!-- 连接属性 -->
        <property name="connectionProperties">
            <value>clientEncoding=UTF-8</value>
        </property>
    </bean>
    
    
    <!-- MyBatis配置 -->
    <bean id="sqlSessionFactoryOpen" class="org.mybatis.spring.SqlSessionFactoryBean">
        <property name="dataSource" ref="dataSourceOpen"></property>
        <property name="configLocation" value="classpath:mybatis-config.xml"></property>
        <property name="mapperLocations" value="classpath*:sqlmaps/hslogistics/*Mapper.xml"/>
    </bean>
    
    <bean class="org.mybatis.spring.mapper.MapperScannerConfigurer">
        <property name="basePackage" value="com.lenovo.m2.hsbuy.dao.hslogistics"/>
        <property name="sqlSessionFactoryBeanName" value="sqlSessionFactoryOpen"/>
    </bean>
    
    
    <!--迁移数据-->
    
    <!--<bean id="dataSourcemigration" class="com.alibaba.druid.pool.DruidDataSource" init-method="init"-->
          <!--destroy-method="close">-->
        <!--<property name="driverClassName">-->
            <!--<value>com.mysql.jdbc.Driver</value>-->
        <!--</property>-->
        <!--<property name="url">-->
            <!--<value>${jdbc.migration.url}</value>-->
        <!--</property>-->
        <!--<property name="username">-->
            <!--<value>${jdbc.migration.username}</value>-->
        <!--</property>-->
        <!--<property name="password">-->
            <!--<value>${jdbc.migration.password}</value>-->
        <!--</property>-->
        <!--&lt;!&ndash; 连接池最大使用连接数 &ndash;&gt;-->
        <!--<property name="maxActive">-->
            <!--<value>1500</value>-->
        <!--</property>-->
        <!--&lt;!&ndash; 初始化连接大小 &ndash;&gt;-->
        <!--<property name="initialSize">-->
            <!--<value>10</value>-->
        <!--</property>-->
        <!--&lt;!&ndash; 获取连接最大等待时间 &ndash;&gt;-->
        <!--<property name="maxWait">-->
            <!--<value>50000</value>-->
        <!--</property>-->
        <!--&lt;!&ndash; 连接池最小空闲 &ndash;&gt;-->
        <!--<property name="minIdle">-->
            <!--<value>10</value>-->
        <!--</property>-->
        <!--&lt;!&ndash; 自动清除无用连接 &ndash;&gt;-->
        <!--<property name="removeAbandoned">-->
            <!--<value>true</value>-->
        <!--</property>-->
        <!--&lt;!&ndash; 清除无用连接的等待时间 &ndash;&gt;-->
        <!--<property name="removeAbandonedTimeout">-->
            <!--<value>180</value>-->
        <!--</property>-->
        <!--&lt;!&ndash; 连接属性 &ndash;&gt;-->
        <!--<property name="connectionProperties">-->
            <!--<value>clientEncoding=UTF-8</value>-->
        <!--</property>-->
    <!--</bean>-->
    
    
    <!-- MyBatis配置 -->
    <!--<bean id="sqlSessionFactorymigration" class="org.mybatis.spring.SqlSessionFactoryBean">-->
        <!--&lt;!&ndash;<property name="dataSource" ref="dataSourcemigration"></property>&ndash;&gt;-->
        <!--<property name="configLocation" value="classpath:mybatis-config.xml"></property>-->
        <!--<property name="mapperLocations" value="classpath*:migration/*Mapper.xml"/>-->
    <!--</bean>-->
    
    <!--<bean class="org.mybatis.spring.mapper.MapperScannerConfigurer">-->
        <!--<property name="basePackage" value="com.lenovo.m2.hsbuy.migration"/>-->
        <!--<property name="sqlSessionFactoryBeanName" value="sqlSessionFactorymigration"/>-->
    <!--</bean>-->
</beans>
