<?xml version="1.0" encoding="UTF-8"?>
<!DOCTYPE generatorConfiguration
        PUBLIC "-//mybatis.org//DTD MyBatis Generator Configuration 1.0//EN"
        "http://mybatis.org/dtd/mybatis-generator-config_1_0.dtd" >

<generatorConfiguration>

    <classPathEntry location="D:\\maven\rehsbuyitory\mysql\mysql-connector-java\5.1.18\mysql-connector-java-5.1.18.jar" />

    <context id="Mysql2Tables" targetRuntime="MyBatis3">

        <property name="beginningDelimiter" value="`"/>
        <property name="endingDelimiter" value="`"/>

        <commentGenerator>
            <property name="suppressAllComments" value="true"/>
            <property name="suppressDate" value="true" />
        </commentGenerator>

        <jdbcConnection driverClass="com.mysql.jdbc.Driver"
                        connectionURL="jdbc:mysql://promotion.mysql.dtc.dev:3306/hsbuy?useUnicode=true&amp;amp;characterEncoding=utf-8&amp;amp;autoReconnect=true&amp;amp;failOverReadOnly=false&amp;amp;zeroDateTimeBehavior=convertToNull"
                        userId="promotion_dev"
                        password="laDIYYn1S4Zzng">
        </jdbcConnection>

        <javaTypeResolver >
            <property name="forceBigDecimals" value="false" />
        </javaTypeResolver>

        <javaModelGenerator targetPackage="com.lenovo.m2.hsbuy.domain.inventory" targetProject="src/main/java">
            <property name="enableSubPackages" value="true" />
        </javaModelGenerator>
        <sqlMapGenerator targetPackage="mapper" targetProject="src/main/resources">
            <property name="enableSubPackages" value="true" />
        </sqlMapGenerator>
        <javaClientGenerator type="XMLMAPPER" targetPackage="com.lenovo.m2.hsbuy.dao.inventory" targetProject="src/main/java">
            <property name="enableSubPckages" value="true" />
        </javaClientGenerator>


        <table tableName="inventory" domainObjectName="Inventory" enableSelectByExample="true" enableDeleteByExample="true"
        enableCountByExample="true" enableUpdateByExample="true">
        </table>
        <!--<table tableName="inventory_in_log" domainObjectName="InventoryInLog" enableSelectByExample="true" enableDeleteByExample="true"-->
        <!--enableCountByExample="true" enableUpdateByExample="true">-->
        <!--</table>-->
        <!--<table tableName="inventory_out_log" domainObjectName="InventoryOutLog" enableSelectByExample="true" enableDeleteByExample="true"-->
               <!--enableCountByExample="true" enableUpdateByExample="true">-->
        <!--</table>-->
    </context>

</generatorConfiguration>