<?xml version="1.0" encoding="UTF-8" ?>
<!DOCTYPE configuration PUBLIC
        "-//mybatis.org//DTD Config 3.0//EN"
        "http://mybatis.org/dtd/mybatis-3-config.dtd">
<configuration>
    <typeAliases>
        <typeAlias alias="Stock" type="com.lenovo.m2.hsbuy.domain.inventory.StockInfo"/>
        <typeAlias alias="Order" type="com.lenovo.m2.hsbuy.domain.inventory.OrderInfo"/>
        <typeAlias alias="OrderAndStock" type="com.lenovo.m2.hsbuy.domain.inventory.OrderAndStock"/>
        <typeAlias alias="StockLog" type="com.lenovo.m2.hsbuy.domain.inventory.StockInfoLog"/>
        <package name="com.lenovo.m2.hsbuy.domain.order.mainorder"/>
        <package name="com.lenovo.m2.hsbuy.domain.order.orderInfo"/>
        <package name="com.lenovo.m2.hsbuy.domain.order.sequence"/>
        <package name="com.lenovo.m2.hsbuy.domain.order"/>
    </typeAliases>

    <typeHandlers>
        <typeHandler handler="com.lenovo.m2.arch.framework.dao.mybatis.handler.MoneyTypeHandler"/>
        <typeHandler handler="com.lenovo.m2.hsbuy.common.address.handler.ConsigneeTypeHandler" javaType="com.lenovo.m2.hsbuy.common.address.enums.ConsigneeTypeEnums" />
    </typeHandlers>


    <plugins>
        <plugin interceptor="com.lenovo.m2.arch.framework.dao.mybatis.interceptor.PaginationInterceptor">
        <property name="dialect" value="mysql"/>
        </plugin>
    </plugins>

</configuration>