<?xml version="1.0" encoding="UTF-8" ?>
<!DOCTYPE mapper
        PUBLIC "-//mybatis.org//DTD Mapper 3.0//EN"
        "http://mybatis.org/dtd/mybatis-3-mapper.dtd">

<mapper namespace="com.lenovo.m2.hsbuy.dao.message.MessageDao">

    <insert id="addMessage" parameterType="com.lenovo.m2.hsbuy.domain.message.Message">
        insert into message_template
            (template,
            title,
            event,
            shopid,
            state,
            type,
            create_id,
            create_time,
            update_id,
            update_time)
        values
            (#{template},
            #{title},
            #{event},
            #{shopid},
            #{state},
            #{type},
            #{createId},
            #{createtime},
            #{updateId},
            #{updatetime})
    </insert>

    <sql id="allColumn">
        id,template,title,event,shopid,state,type,create_id,create_time,update_id,update_time
    </sql>

    <select id="getMessage" parameterType="com.lenovo.m2.hsbuy.domain.message.Message" resultMap="MessageResultMap">
        SELECT
          <include refid="allColumn"/>
        FROM message_template
        WHERE event=#{event} AND shopid=#{shopid} AND type=#{type} AND state=1
    </select>

    <select id="getMessageByPage" parameterType="com.lenovo.m2.hsbuy.domain.message.Message" resultMap="MessageResultMap">
        SELECT
          <include refid="allColumn"/>
        FROM message_template
        <!--<where>
            <if test="param2.shopid!=null">
                and shopid=#{param2.shopid}
            </if>
            <if test="param2.createtime!=null and param2.createtime!=''">
                <![CDATA[ and createtime<#{param2.createtime} ]]>
            </if>
        </where>-->
        ORDER BY update_time DESC
    </select>

    <resultMap id="MessageResultMap" type="com.lenovo.m2.hsbuy.domain.message.Message">
        <id column="id" property="id"/>
        <result column="template" property="template"/>
        <result column="title" property="title"/>
        <result column="event" property="event"/>
        <result column="shopid" property="shopid"/>
        <result column="state" property="state"/>
        <result column="type" property="type"/>
        <result column="create_id" property="createId"/>
        <result column="create_time" property="createtime"/>
        <result column="update_id" property="updateId"/>
        <result column="update_time" property="updatetime"/>
    </resultMap>

    <update id="updateMessage" parameterType="com.lenovo.m2.hsbuy.domain.message.Message">
        UPDATE message_template
        <set>
            <if test="template!=null">template=#{template},</if>
            <if test="title!=null">title=#{title},</if>
            <if test="state!=null">state=#{state},</if>
            <if test="updateId!=null">update_id=#{updateId},</if>
            <if test="updatetime!=null">update_time=#{updatetime},</if>
        </set>
        WHERE event=#{event} AND shopid=#{shopid} AND type=#{type}
    </update>

</mapper>