<?xml version="1.0" encoding="UTF-8"?>
<!DOCTYPE mapper PUBLIC "-//mybatis.org//DTD Mapper 3.0//EN" "http://mybatis.org/dtd/mybatis-3-mapper.dtd">
<mapper namespace="com.lenovo.m2.hsbuy.dao.bee.PromotionOrderMapper">
  <resultMap id="BaseResultMap" type="com.lenovo.m2.hsbuy.domain.bee.PromotionOrder">
    <!--
      WARNING - @mbggenerated
      This element is automatically generated by MyBatis Generator, do not modify.
    -->
    <id column="id" jdbcType="INTEGER" property="id" />
    <result column="order_code" jdbcType="VARCHAR" property="orderCode" />
    <result column="type" jdbcType="INTEGER" property="type" />
    <result column="order_time" jdbcType="TIMESTAMP" property="orderTime" />
    <result column="create_time" jdbcType="TIMESTAMP" property="createTime" />
    <result column="update_time" jdbcType="TIMESTAMP" property="updateTime" />
    <result column="campaign_id" jdbcType="VARCHAR" property="campaignId" />
    <result column="feed_back" jdbcType="VARCHAR" property="feedBack" />
    <result column="fare" jdbcType="VARCHAR" property="fare" />
    <result column="favorable" jdbcType="DECIMAL" javaType="com.lenovo.m2.arch.framework.domain.Money" property="favorable" />
    <result column="bee_phone" jdbcType="VARCHAR" property="beePhone" />
    <result column="favorableCode" jdbcType="VARCHAR" property="favorablecode" />
    <result column="payment_type" jdbcType="VARCHAR" property="paymentType" />
    <result column="order_price" jdbcType="DECIMAL" javaType="com.lenovo.m2.arch.framework.domain.Money" property="orderPrice" />
    <result column="payment_amount" jdbcType="DECIMAL" javaType="com.lenovo.m2.arch.framework.domain.Money" property="paymentAmount" />
    <result column="payment_status" jdbcType="VARCHAR" property="paymentStatus" />
    <result column="total_commission" jdbcType="DECIMAL" javaType="com.lenovo.m2.arch.framework.domain.Money" property="totalCommission" />
    <result column="source_order_status" jdbcType="VARCHAR" property="sourceOrderStatus" />
    <result column="order_status" jdbcType="INTEGER" property="orderStatus" />
    <result column="promotion_name" jdbcType="VARCHAR" property="promotionName" />
    <result column="promotion_type" jdbcType="VARCHAR" property="promotionType" />
    <result column="promotion_channels" jdbcType="VARCHAR" property="promotionChannels" />
    <result column="c1_memberid" jdbcType="VARCHAR" property="c1Memberid" />
    <result column="c2_memberid" jdbcType="VARCHAR" property="c2Memberid" />
    <result column="shopid" jdbcType="INTEGER" property="shopid" />
    <result column="CurrencyCode" jdbcType="VARCHAR" property="currencycode" />
  </resultMap>
  <sql id="Example_Where_Clause">
    <!--
      WARNING - @mbggenerated
      This element is automatically generated by MyBatis Generator, do not modify.
    -->
    <where>
      <foreach collection="oredCriteria" item="criteria" separator="or">
        <if test="criteria.valid">
          <trim prefix="(" prefixOverrides="and" suffix=")">
            <foreach collection="criteria.criteria" item="criterion">
              <choose>
                <when test="criterion.noValue">
                  and ${criterion.condition}
                </when>
                <when test="criterion.singleValue">
                  and ${criterion.condition} #{criterion.value}
                </when>
                <when test="criterion.betweenValue">
                  and ${criterion.condition} #{criterion.value} and #{criterion.secondValue}
                </when>
                <when test="criterion.listValue">
                  and ${criterion.condition}
                  <foreach close=")" collection="criterion.value" item="listItem" open="(" separator=",">
                    #{listItem}
                  </foreach>
                </when>
              </choose>
            </foreach>
          </trim>
        </if>
      </foreach>
    </where>
  </sql>
  <sql id="Update_By_Example_Where_Clause">
    <!--
      WARNING - @mbggenerated
      This element is automatically generated by MyBatis Generator, do not modify.
    -->
    <where>
      <foreach collection="example.oredCriteria" item="criteria" separator="or">
        <if test="criteria.valid">
          <trim prefix="(" prefixOverrides="and" suffix=")">
            <foreach collection="criteria.criteria" item="criterion">
              <choose>
                <when test="criterion.noValue">
                  and ${criterion.condition}
                </when>
                <when test="criterion.singleValue">
                  and ${criterion.condition} #{criterion.value}
                </when>
                <when test="criterion.betweenValue">
                  and ${criterion.condition} #{criterion.value} and #{criterion.secondValue}
                </when>
                <when test="criterion.listValue">
                  and ${criterion.condition}
                  <foreach close=")" collection="criterion.value" item="listItem" open="(" separator=",">
                    #{listItem}
                  </foreach>
                </when>
              </choose>
            </foreach>
          </trim>
        </if>
      </foreach>
    </where>
  </sql>
  <sql id="Base_Column_List">
    <!--
      WARNING - @mbggenerated
      This element is automatically generated by MyBatis Generator, do not modify.
    -->
    id, order_code, type, order_time, create_time, update_time, campaign_id, feed_back, 
    fare, favorable, bee_phone, favorableCode, payment_type, order_price, payment_amount, 
    payment_status, total_commission, source_order_status, order_status, promotion_name, 
    promotion_type, promotion_channels, c1_memberid, c2_memberid, shopid, CurrencyCode
  </sql>
  <select id="selectByExample" parameterType="com.lenovo.m2.hsbuy.domain.bee.PromotionOrderExample" resultMap="BaseResultMap">
    <!--
      WARNING - @mbggenerated
      This element is automatically generated by MyBatis Generator, do not modify.
    -->
    select
    <if test="distinct">
      distinct
    </if>
    <include refid="Base_Column_List" />
    from promotion_order
    <if test="_parameter != null">
      <include refid="Example_Where_Clause" />
    </if>
    <if test="orderByClause != null">
      order by ${orderByClause}
    </if>
  </select>
  <select id="selectByPrimaryKey" parameterType="java.lang.Integer" resultMap="BaseResultMap">
    <!--
      WARNING - @mbggenerated
      This element is automatically generated by MyBatis Generator, do not modify.
    -->
    select 
    <include refid="Base_Column_List" />
    from promotion_order
    where id = #{id,jdbcType=INTEGER}
  </select>
  <delete id="deleteByPrimaryKey" parameterType="java.lang.Integer">
    <!--
      WARNING - @mbggenerated
      This element is automatically generated by MyBatis Generator, do not modify.
    -->
    delete from promotion_order
    where id = #{id,jdbcType=INTEGER}
  </delete>
  <delete id="deleteByExample" parameterType="com.lenovo.m2.hsbuy.domain.bee.PromotionOrderExample">
    <!--
      WARNING - @mbggenerated
      This element is automatically generated by MyBatis Generator, do not modify.
    -->
    delete from promotion_order
    <if test="_parameter != null">
      <include refid="Example_Where_Clause" />
    </if>
  </delete>
  <insert id="insert" parameterType="com.lenovo.m2.hsbuy.domain.bee.PromotionOrder">
    <!--
      WARNING - @mbggenerated
      This element is automatically generated by MyBatis Generator, do not modify.
    -->
    insert into promotion_order (id, order_code, type, 
      order_time, create_time, update_time, 
      campaign_id, feed_back, fare, 
      favorable, bee_phone, favorableCode, 
      payment_type, order_price, payment_amount, 
      payment_status, total_commission, source_order_status, 
      order_status, promotion_name, promotion_type, 
      promotion_channels, c1_memberid, c2_memberid, 
      shopid, CurrencyCode)
    values (#{id,jdbcType=INTEGER}, #{orderCode,jdbcType=VARCHAR}, #{type,jdbcType=INTEGER}, 
      #{orderTime,jdbcType=TIMESTAMP}, #{createTime,jdbcType=TIMESTAMP}, #{updateTime,jdbcType=TIMESTAMP}, 
      #{campaignId,jdbcType=VARCHAR}, #{feedBack,jdbcType=VARCHAR}, #{fare,jdbcType=VARCHAR}, 
      #{favorable,jdbcType=DECIMAL}, #{beePhone,jdbcType=VARCHAR}, #{favorablecode,jdbcType=VARCHAR}, 
      #{paymentType,jdbcType=VARCHAR}, #{orderPrice,jdbcType=DECIMAL}, #{paymentAmount,jdbcType=DECIMAL}, 
      #{paymentStatus,jdbcType=VARCHAR}, #{totalCommission,jdbcType=DECIMAL}, #{sourceOrderStatus,jdbcType=VARCHAR}, 
      #{orderStatus,jdbcType=INTEGER}, #{promotionName,jdbcType=VARCHAR}, #{promotionType,jdbcType=VARCHAR}, 
      #{promotionChannels,jdbcType=VARCHAR}, #{c1Memberid,jdbcType=VARCHAR}, #{c2Memberid,jdbcType=VARCHAR}, 
      #{shopid,jdbcType=INTEGER}, #{currencycode,jdbcType=VARCHAR})
  </insert>
  <insert id="insertSelective" parameterType="com.lenovo.m2.hsbuy.domain.bee.PromotionOrder">
    <!--
      WARNING - @mbggenerated
      This element is automatically generated by MyBatis Generator, do not modify.
    -->
    insert into promotion_order
    <trim prefix="(" suffix=")" suffixOverrides=",">
      <if test="id != null">
        id,
      </if>
      <if test="orderCode != null">
        order_code,
      </if>
      <if test="type != null">
        type,
      </if>
      <if test="orderTime != null">
        order_time,
      </if>
      <if test="createTime != null">
        create_time,
      </if>
      <if test="updateTime != null">
        update_time,
      </if>
      <if test="campaignId != null">
        campaign_id,
      </if>
      <if test="feedBack != null">
        feed_back,
      </if>
      <if test="fare != null">
        fare,
      </if>
      <if test="favorable != null">
        favorable,
      </if>
      <if test="beePhone != null">
        bee_phone,
      </if>
      <if test="favorablecode != null">
        favorableCode,
      </if>
      <if test="paymentType != null">
        payment_type,
      </if>
      <if test="orderPrice != null">
        order_price,
      </if>
      <if test="paymentAmount != null">
        payment_amount,
      </if>
      <if test="paymentStatus != null">
        payment_status,
      </if>
      <if test="totalCommission != null">
        total_commission,
      </if>
      <if test="sourceOrderStatus != null">
        source_order_status,
      </if>
      <if test="orderStatus != null">
        order_status,
      </if>
      <if test="promotionName != null">
        promotion_name,
      </if>
      <if test="promotionType != null">
        promotion_type,
      </if>
      <if test="promotionChannels != null">
        promotion_channels,
      </if>
      <if test="c1Memberid != null">
        c1_memberid,
      </if>
      <if test="c2Memberid != null">
        c2_memberid,
      </if>
      <if test="shopid != null">
        shopid,
      </if>
      <if test="currencycode != null">
        CurrencyCode,
      </if>
    </trim>
    <trim prefix="values (" suffix=")" suffixOverrides=",">
      <if test="id != null">
        #{id,jdbcType=INTEGER},
      </if>
      <if test="orderCode != null">
        #{orderCode,jdbcType=VARCHAR},
      </if>
      <if test="type != null">
        #{type,jdbcType=INTEGER},
      </if>
      <if test="orderTime != null">
        #{orderTime,jdbcType=TIMESTAMP},
      </if>
      <if test="createTime != null">
        #{createTime,jdbcType=TIMESTAMP},
      </if>
      <if test="updateTime != null">
        #{updateTime,jdbcType=TIMESTAMP},
      </if>
      <if test="campaignId != null">
        #{campaignId,jdbcType=VARCHAR},
      </if>
      <if test="feedBack != null">
        #{feedBack,jdbcType=VARCHAR},
      </if>
      <if test="fare != null">
        #{fare,jdbcType=VARCHAR},
      </if>
      <if test="favorable != null">
        #{favorable,jdbcType=DECIMAL},
      </if>
      <if test="beePhone != null">
        #{beePhone,jdbcType=VARCHAR},
      </if>
      <if test="favorablecode != null">
        #{favorablecode,jdbcType=VARCHAR},
      </if>
      <if test="paymentType != null">
        #{paymentType,jdbcType=VARCHAR},
      </if>
      <if test="orderPrice != null">
        #{orderPrice,jdbcType=DECIMAL},
      </if>
      <if test="paymentAmount != null">
        #{paymentAmount,jdbcType=DECIMAL},
      </if>
      <if test="paymentStatus != null">
        #{paymentStatus,jdbcType=VARCHAR},
      </if>
      <if test="totalCommission != null">
        #{totalCommission,jdbcType=DECIMAL},
      </if>
      <if test="sourceOrderStatus != null">
        #{sourceOrderStatus,jdbcType=VARCHAR},
      </if>
      <if test="orderStatus != null">
        #{orderStatus,jdbcType=INTEGER},
      </if>
      <if test="promotionName != null">
        #{promotionName,jdbcType=VARCHAR},
      </if>
      <if test="promotionType != null">
        #{promotionType,jdbcType=VARCHAR},
      </if>
      <if test="promotionChannels != null">
        #{promotionChannels,jdbcType=VARCHAR},
      </if>
      <if test="c1Memberid != null">
        #{c1Memberid,jdbcType=VARCHAR},
      </if>
      <if test="c2Memberid != null">
        #{c2Memberid,jdbcType=VARCHAR},
      </if>
      <if test="shopid != null">
        #{shopid,jdbcType=INTEGER},
      </if>
      <if test="currencycode != null">
        #{currencycode,jdbcType=VARCHAR},
      </if>
    </trim>
  </insert>
  <select id="countByExample" parameterType="com.lenovo.m2.hsbuy.domain.bee.PromotionOrderExample" resultType="java.lang.Integer">
    <!--
      WARNING - @mbggenerated
      This element is automatically generated by MyBatis Generator, do not modify.
    -->
    select count(*) from promotion_order
    <if test="_parameter != null">
      <include refid="Example_Where_Clause" />
    </if>
  </select>
  <update id="updateByExampleSelective" parameterType="map">
    <!--
      WARNING - @mbggenerated
      This element is automatically generated by MyBatis Generator, do not modify.
    -->
    update promotion_order
    <set>
      <if test="record.id != null">
        id = #{record.id,jdbcType=INTEGER},
      </if>
      <if test="record.orderCode != null">
        order_code = #{record.orderCode,jdbcType=VARCHAR},
      </if>
      <if test="record.type != null">
        type = #{record.type,jdbcType=INTEGER},
      </if>
      <if test="record.orderTime != null">
        order_time = #{record.orderTime,jdbcType=TIMESTAMP},
      </if>
      <if test="record.createTime != null">
        create_time = #{record.createTime,jdbcType=TIMESTAMP},
      </if>
      <if test="record.updateTime != null">
        update_time = #{record.updateTime,jdbcType=TIMESTAMP},
      </if>
      <if test="record.campaignId != null">
        campaign_id = #{record.campaignId,jdbcType=VARCHAR},
      </if>
      <if test="record.feedBack != null">
        feed_back = #{record.feedBack,jdbcType=VARCHAR},
      </if>
      <if test="record.fare != null">
        fare = #{record.fare,jdbcType=VARCHAR},
      </if>
      <if test="record.favorable != null">
        favorable = #{record.favorable,jdbcType=DECIMAL},
      </if>
      <if test="record.beePhone != null">
        bee_phone = #{record.beePhone,jdbcType=VARCHAR},
      </if>
      <if test="record.favorablecode != null">
        favorableCode = #{record.favorablecode,jdbcType=VARCHAR},
      </if>
      <if test="record.paymentType != null">
        payment_type = #{record.paymentType,jdbcType=VARCHAR},
      </if>
      <if test="record.orderPrice != null">
        order_price = #{record.orderPrice,jdbcType=DECIMAL},
      </if>
      <if test="record.paymentAmount != null">
        payment_amount = #{record.paymentAmount,jdbcType=DECIMAL},
      </if>
      <if test="record.paymentStatus != null">
        payment_status = #{record.paymentStatus,jdbcType=VARCHAR},
      </if>
      <if test="record.totalCommission != null">
        total_commission = #{record.totalCommission,jdbcType=DECIMAL},
      </if>
      <if test="record.sourceOrderStatus != null">
        source_order_status = #{record.sourceOrderStatus,jdbcType=VARCHAR},
      </if>
      <if test="record.orderStatus != null">
        order_status = #{record.orderStatus,jdbcType=INTEGER},
      </if>
      <if test="record.promotionName != null">
        promotion_name = #{record.promotionName,jdbcType=VARCHAR},
      </if>
      <if test="record.promotionType != null">
        promotion_type = #{record.promotionType,jdbcType=VARCHAR},
      </if>
      <if test="record.promotionChannels != null">
        promotion_channels = #{record.promotionChannels,jdbcType=VARCHAR},
      </if>
      <if test="record.c1Memberid != null">
        c1_memberid = #{record.c1Memberid,jdbcType=VARCHAR},
      </if>
      <if test="record.c2Memberid != null">
        c2_memberid = #{record.c2Memberid,jdbcType=VARCHAR},
      </if>
      <if test="record.shopid != null">
        shopid = #{record.shopid,jdbcType=INTEGER},
      </if>
      <if test="record.currencycode != null">
        CurrencyCode = #{record.currencycode,jdbcType=VARCHAR},
      </if>
    </set>
    <if test="_parameter != null">
      <include refid="Update_By_Example_Where_Clause" />
    </if>
  </update>
  <update id="updateByExample" parameterType="map">
    <!--
      WARNING - @mbggenerated
      This element is automatically generated by MyBatis Generator, do not modify.
    -->
    update promotion_order
    set id = #{record.id,jdbcType=INTEGER},
      order_code = #{record.orderCode,jdbcType=VARCHAR},
      type = #{record.type,jdbcType=INTEGER},
      order_time = #{record.orderTime,jdbcType=TIMESTAMP},
      create_time = #{record.createTime,jdbcType=TIMESTAMP},
      update_time = #{record.updateTime,jdbcType=TIMESTAMP},
      campaign_id = #{record.campaignId,jdbcType=VARCHAR},
      feed_back = #{record.feedBack,jdbcType=VARCHAR},
      fare = #{record.fare,jdbcType=VARCHAR},
      favorable = #{record.favorable,jdbcType=DECIMAL},
      bee_phone = #{record.beePhone,jdbcType=VARCHAR},
      favorableCode = #{record.favorablecode,jdbcType=VARCHAR},
      payment_type = #{record.paymentType,jdbcType=VARCHAR},
      order_price = #{record.orderPrice,jdbcType=DECIMAL},
      payment_amount = #{record.paymentAmount,jdbcType=DECIMAL},
      payment_status = #{record.paymentStatus,jdbcType=VARCHAR},
      total_commission = #{record.totalCommission,jdbcType=DECIMAL},
      source_order_status = #{record.sourceOrderStatus,jdbcType=VARCHAR},
      order_status = #{record.orderStatus,jdbcType=INTEGER},
      promotion_name = #{record.promotionName,jdbcType=VARCHAR},
      promotion_type = #{record.promotionType,jdbcType=VARCHAR},
      promotion_channels = #{record.promotionChannels,jdbcType=VARCHAR},
      c1_memberid = #{record.c1Memberid,jdbcType=VARCHAR},
      c2_memberid = #{record.c2Memberid,jdbcType=VARCHAR},
      shopid = #{record.shopid,jdbcType=INTEGER},
      CurrencyCode = #{record.currencycode,jdbcType=VARCHAR}
    <if test="_parameter != null">
      <include refid="Update_By_Example_Where_Clause" />
    </if>
  </update>
  <update id="updateByPrimaryKeySelective" parameterType="com.lenovo.m2.hsbuy.domain.bee.PromotionOrder">
    <!--
      WARNING - @mbggenerated
      This element is automatically generated by MyBatis Generator, do not modify.
    -->
    update promotion_order
    <set>
      <if test="orderCode != null">
        order_code = #{orderCode,jdbcType=VARCHAR},
      </if>
      <if test="type != null">
        type = #{type,jdbcType=INTEGER},
      </if>
      <if test="orderTime != null">
        order_time = #{orderTime,jdbcType=TIMESTAMP},
      </if>
      <if test="createTime != null">
        create_time = #{createTime,jdbcType=TIMESTAMP},
      </if>
      <if test="updateTime != null">
        update_time = #{updateTime,jdbcType=TIMESTAMP},
      </if>
      <if test="campaignId != null">
        campaign_id = #{campaignId,jdbcType=VARCHAR},
      </if>
      <if test="feedBack != null">
        feed_back = #{feedBack,jdbcType=VARCHAR},
      </if>
      <if test="fare != null">
        fare = #{fare,jdbcType=VARCHAR},
      </if>
      <if test="favorable != null">
        favorable = #{favorable,jdbcType=DECIMAL},
      </if>
      <if test="beePhone != null">
        bee_phone = #{beePhone,jdbcType=VARCHAR},
      </if>
      <if test="favorablecode != null">
        favorableCode = #{favorablecode,jdbcType=VARCHAR},
      </if>
      <if test="paymentType != null">
        payment_type = #{paymentType,jdbcType=VARCHAR},
      </if>
      <if test="orderPrice != null">
        order_price = #{orderPrice,jdbcType=DECIMAL},
      </if>
      <if test="paymentAmount != null">
        payment_amount = #{paymentAmount,jdbcType=DECIMAL},
      </if>
      <if test="paymentStatus != null">
        payment_status = #{paymentStatus,jdbcType=VARCHAR},
      </if>
      <if test="totalCommission != null">
        total_commission = #{totalCommission,jdbcType=DECIMAL},
      </if>
      <if test="sourceOrderStatus != null">
        source_order_status = #{sourceOrderStatus,jdbcType=VARCHAR},
      </if>
      <if test="orderStatus != null">
        order_status = #{orderStatus,jdbcType=INTEGER},
      </if>
      <if test="promotionName != null">
        promotion_name = #{promotionName,jdbcType=VARCHAR},
      </if>
      <if test="promotionType != null">
        promotion_type = #{promotionType,jdbcType=VARCHAR},
      </if>
      <if test="promotionChannels != null">
        promotion_channels = #{promotionChannels,jdbcType=VARCHAR},
      </if>
      <if test="c1Memberid != null">
        c1_memberid = #{c1Memberid,jdbcType=VARCHAR},
      </if>
      <if test="c2Memberid != null">
        c2_memberid = #{c2Memberid,jdbcType=VARCHAR},
      </if>
      <if test="shopid != null">
        shopid = #{shopid,jdbcType=INTEGER},
      </if>
      <if test="currencycode != null">
        CurrencyCode = #{currencycode,jdbcType=VARCHAR},
      </if>
    </set>
    where id = #{id,jdbcType=INTEGER}
  </update>
  <update id="updateByPrimaryKey" parameterType="com.lenovo.m2.hsbuy.domain.bee.PromotionOrder">
    <!--
      WARNING - @mbggenerated
      This element is automatically generated by MyBatis Generator, do not modify.
    -->
    update promotion_order
    set order_code = #{orderCode,jdbcType=VARCHAR},
      type = #{type,jdbcType=INTEGER},
      order_time = #{orderTime,jdbcType=TIMESTAMP},
      create_time = #{createTime,jdbcType=TIMESTAMP},
      update_time = #{updateTime,jdbcType=TIMESTAMP},
      campaign_id = #{campaignId,jdbcType=VARCHAR},
      feed_back = #{feedBack,jdbcType=VARCHAR},
      fare = #{fare,jdbcType=VARCHAR},
      favorable = #{favorable,jdbcType=DECIMAL},
      bee_phone = #{beePhone,jdbcType=VARCHAR},
      favorableCode = #{favorablecode,jdbcType=VARCHAR},
      payment_type = #{paymentType,jdbcType=VARCHAR},
      order_price = #{orderPrice,jdbcType=DECIMAL},
      payment_amount = #{paymentAmount,jdbcType=DECIMAL},
      payment_status = #{paymentStatus,jdbcType=VARCHAR},
      total_commission = #{totalCommission,jdbcType=DECIMAL},
      source_order_status = #{sourceOrderStatus,jdbcType=VARCHAR},
      order_status = #{orderStatus,jdbcType=INTEGER},
      promotion_name = #{promotionName,jdbcType=VARCHAR},
      promotion_type = #{promotionType,jdbcType=VARCHAR},
      promotion_channels = #{promotionChannels,jdbcType=VARCHAR},
      c1_memberid = #{c1Memberid,jdbcType=VARCHAR},
      c2_memberid = #{c2Memberid,jdbcType=VARCHAR},
      shopid = #{shopid,jdbcType=INTEGER},
      CurrencyCode = #{currencycode,jdbcType=VARCHAR}
    where id = #{id,jdbcType=INTEGER}
  </update>
  <update id="updateOrderStatusByOrderCode">
    update promotion_order
    set order_status=#{toStatus},update_time=now()
    where order_code=#{orderCode} and order_status=#{fromStatus}
  </update>

  <select flushCache="false" id="getPromotionOrderPage" parameterType="map" resultMap="BaseResultMap" useCache="true">
    select * from promotion_order
    <where>
      <if test="param2.orderCode!=null and param2.orderCode!=''">
        and order_code = #{param2.orderCode}
      </if>
      <if test="param2.type!=null and param2.type!=''">
        and type = #{param2.type}
      </if>
      <if test="param2.campaignId!=null and param2.campaignId!=''">
        and campaign_id = #{param2.campaignId}
      </if>
      <if test="param2.feedBack!=null and param2.feedBack!=''">
        and feed_back = #{param2.feedBack}
      </if>
      <if test="param2.fare!=null and param2.fare!=''">
        and fare = #{param2.fare}
      </if>
      <if test="param2.beePhone!=null and param2.beePhone!=''">
        and bee_phone = #{param2.beePhone}
      </if>
      <if test="param2.favorablecode!=null and param2.favorablecode!=''">
        and favorablecode = #{param2.favorablecode}
      </if>
      <if test="param2.paymentStatus!=null and param2.paymentStatus!=''">
        and payment_status = #{param2.paymentStatus}
      </if>
      <if test="param2.orderStatus!=null and param2.orderStatus!=''">
        and order_status = #{param2.orderStatus}
      </if>
      <if test="param2.shopid!=null and param2.shopid!=''">
        and shopid = #{param2.shopid}
      </if>
      <if test="param2.createTime_start!=null and param2.createTime_start!=''">
        and DATE_FORMAT(create_time,'%Y-%m-%d %H:%i:%S') &gt;= #{param2.createTime_start}
      </if>
      <if test="param2.createTime_end!=null and param2.createTime_end!=''">
        and DATE_FORMAT(create_time,'%Y-%m-%d %H:%i:%S') &lt; #{param2.createTime_end}
      </if>
      <if test="param2.orderTime_start!=null and param2.orderTime_start!=''">
        and DATE_FORMAT(order_time,'%Y-%m-%d %H:%i:%S') &gt;= #{param2.orderTime_start}
      </if>
      <if test="param2.orderTime_end!=null and param2.orderTime_end!=''">
        and DATE_FORMAT(order_time,'%Y-%m-%d %H:%i:%S') &lt; #{param2.orderTime_end}
      </if>
    </where>
    ORDER BY create_time DESC
  </select>
</mapper>